node	pagerank
7619	0.00159260
9482	0.00137144
4583	0.00125711
1876	0.00122097
4818	0.00110044
4833	0.00092801
8128	0.00091256
11	0.00085886
9837	0.00084088
9033	0.00082909
2230	0.00082904
9202	0.00081842
9995	0.00081432
8664	0.00080989
9438	0.00080650
9376	0.00080196
753	0.00079702
1494	0.00077792
7038	0.00076982
8041	0.00076644
1463	0.00075952
7478	0.00075795
5081	0.00075597
7546	0.00074256
9836	0.00073663
1609	0.00073175
7183	0.00072409
8005	0.00072078
8221	0.00071861
6889	0.00071305
9935	0.00070264
7694	0.00070151
9244	0.00069711
9626	0.00069657
8368	0.00069483
9692	0.00069209
5590	0.00069108
6184	0.00069017
8488	0.00068843
8442	0.00068153
9872	0.00068151
6102	0.00067995
8054	0.00067961
9911	0.00067751
8802	0.00067232
5742	0.00067056
8625	0.00066959
3538	0.00066622
519	0.00066342
7479	0.00066095
9732	0.00065667
328	0.00065594
2347	0.00065528
6224	0.00064731
6471	0.00064620
7916	0.00064534
4961	0.00064377
9522	0.00064264
9623	0.00063512
7335	0.00063499
9611	0.00062724
9293	0.00062609
4670	0.00062557
9260	0.00062381
7212	0.00061887
2516	0.00061581
3015	0.00061485
992	0.00061316
120	0.00061299
2146	0.00061160
9189	0.00060901
2661	0.00060821
606	0.00060532
9447	0.00060213
3921	0.00060057
8336	0.00059823
5993	0.00059660
8116	0.00059429
3044	0.00059164
1871	0.00059161
7700	0.00059043
1129	0.00058604
8817	0.00058506
4938	0.00058421
7265	0.00058400
2507	0.00058307
9234	0.00058170
944	0.00058066
7034	0.00057790
3657	0.00057682
480	0.00057338
3435	0.00057332
8193	0.00056587
5938	0.00056292
6798	0.00056145
9728	0.00056134
2304	0.00055740
4067	0.00055562
8022	0.00055321
2837	0.00055230
3839	0.00055196
8499	0.00054771
5198	0.00054549
5194	0.00054274
4681	0.00054221
8171	0.00054087
2497	0.00054042
4369	0.00053984
7491	0.00053850
8950	0.00053584
1369	0.00053512
7245	0.00053446
9847	0.00053439
3641	0.00053239
5813	0.00053100
9265	0.00053092
8327	0.00053075
5050	0.00052973
5310	0.00052846
9926	0.00052623
9417	0.00052054
8158	0.00051998
9792	0.00051951
474	0.00051719
9207	0.00051715
9918	0.00051634
6029	0.00051488
9869	0.00051396
520	0.00051381
9383	0.00051182
6363	0.00051101
7193	0.00051088
2223	0.00050985
6628	0.00050973
8318	0.00050927
9581	0.00050867
1678	0.00050732
5161	0.00050689
5669	0.00050588
2693	0.00050253
8294	0.00050250
9077	0.00050156
3813	0.00050084
6572	0.00049980
6022	0.00049953
2073	0.00049949
9058	0.00049877
8796	0.00049801
5285	0.00049556
9966	0.00049554
9958	0.00049434
7055	0.00049401
9079	0.00049381
6543	0.00049181
6658	0.00049156
9431	0.00049141
7520	0.00049128
2662	0.00048988
3578	0.00048968
9516	0.00048960
9272	0.00048892
2290	0.00048756
8377	0.00048684
9324	0.00048599
5846	0.00048575
9589	0.00048564
6484	0.00048496
9856	0.00048400
828	0.00048358
9876	0.00048238
1284	0.00048199
8441	0.00048176
919	0.00048134
8725	0.00048123
4005	0.00048044
7140	0.00047940
9608	0.00047931
4455	0.00047819
7822	0.00047771
5183	0.00047658
6939	0.00047634
8280	0.00047433
4055	0.00047401
9372	0.00047376
972	0.00047272
4496	0.00047134
8388	0.00047081
4488	0.00047069
8674	0.00046995
9118	0.00046981
7408	0.00046793
251	0.00046757
7404	0.00046754
8228	0.00046736
3811	0.00046730
265	0.00046695
4808	0.00046686
3666	0.00046653
1102	0.00046647
2793	0.00046631
7167	0.00046609
9350	0.00046564
8125	0.00046506
8945	0.00046360
509	0.00046114
6408	0.00046111
1294	0.00045958
8450	0.00045862
5675	0.00045835
2174	0.00045760
1025	0.00045724
9433	0.00045676
8815	0.00045649
4693	0.00045593
4278	0.00045506
8653	0.00045473
742	0.00045459
6431	0.00045441
6232	0.00045313
9514	0.00045205
5802	0.00045183
7381	0.00045177
8835	0.00045141
6276	0.00045103
3328	0.00045084
7460	0.00045052
8486	0.00044967
3496	0.00044960
9364	0.00044955
7387	0.00044872
8865	0.00044823
9078	0.00044705
7015	0.00044697
9785	0.00044517
4458	0.00044443
8105	0.00044440
7938	0.00044401
9820	0.00044344
8753	0.00044181
8354	0.00044125
9083	0.00044105
9193	0.00044010
9106	0.00043992
6211	0.00043852
6620	0.00043838
4470	0.00043817
2009	0.00043791
3963	0.00043791
4902	0.00043729
5582	0.00043624
3273	0.00043584
1615	0.00043542
1380	0.00043532
9183	0.00043510
157	0.00043390
4967	0.00043332
1213	0.00043202
8871	0.00043190
8564	0.00043056
7566	0.00043023
6510	0.00042999
1525	0.00042978
9046	0.00042903
1468	0.00042852
5435	0.00042643
7501	0.00042620
6464	0.00042618
2068	0.00042611
7837	0.00042601
5654	0.00042591
7884	0.00042584
9865	0.00042553
5131	0.00042506
5672	0.00042416
9175	0.00042403
9121	0.00042394
8311	0.00042322
9990	0.00042307
6756	0.00042287
3965	0.00042286
2356	0.00042276
25	0.00042272
3583	0.00042266
8849	0.00042229
5147	0.00042181
2086	0.00041961
2292	0.00041943
9562	0.00041912
2852	0.00041868
8572	0.00041764
7797	0.00041736
9568	0.00041697
7792	0.00041678
1674	0.00041633
4586	0.00041585
8774	0.00041546
3228	0.00041521
3246	0.00041510
2868	0.00041503
8282	0.00041498
3012	0.00041476
8203	0.00041474
6536	0.00041471
5856	0.00041424
6364	0.00041384
713	0.00041375
6179	0.00041358
3006	0.00041259
8129	0.00041234
9780	0.00041189
9325	0.00041134
2604	0.00041123
6376	0.00041103
6311	0.00041082
744	0.00041070
7818	0.00041070
3937	0.00041064
9922	0.00041000
9487	0.00040993
5514	0.00040967
2704	0.00040906
5168	0.00040882
6748	0.00040828
878	0.00040813
4903	0.00040784
4835	0.00040767
8843	0.00040725
4834	0.00040702
42	0.00040680
9551	0.00040677
5464	0.00040659
9977	0.00040620
1344	0.00040618
2938	0.00040618
9353	0.00040491
6740	0.00040457
936	0.00040363
9179	0.00040317
7056	0.00040247
2298	0.00040229
8589	0.00040205
3891	0.00040193
4649	0.00040141
9155	0.00040086
7204	0.00040074
9237	0.00040055
3705	0.00040021
4333	0.00040008
4712	0.00040002
5794	0.00039928
9173	0.00039924
7163	0.00039856
699	0.00039737
8494	0.00039720
202	0.00039710
9579	0.00039599
5520	0.00039542
3043	0.00039529
1420	0.00039335
9675	0.00039267
9707	0.00039258
2711	0.00039222
4400	0.00039193
5424	0.00039098
8614	0.00039038
3342	0.00039020
845	0.00039005
4276	0.00038988
9705	0.00038891
8793	0.00038856
6284	0.00038826
693	0.00038820
5362	0.00038803
7391	0.00038802
8622	0.00038790
6495	0.00038760
3846	0.00038673
8840	0.00038665
8537	0.00038636
9032	0.00038529
8560	0.00038456
5956	0.00038455
4460	0.00038447
3878	0.00038416
4743	0.00038405
3485	0.00038404
9528	0.00038384
8700	0.00038356
5200	0.00038305
8433	0.00038284
7043	0.00038211
4511	0.00038116
8882	0.00038116
8397	0.00038105
7872	0.00038098
84	0.00038067
3385	0.00037986
9366	0.00037923
2504	0.00037907
8584	0.00037525
3111	0.00037458
4933	0.00037367
6652	0.00037312
7933	0.00037297
887	0.00037288
8379	0.00037273
9080	0.00037201
4853	0.00037159
6520	0.00037107
6337	0.00037058
2798	0.00037036
4352	0.00037031
8933	0.00037030
5411	0.00036909
3371	0.00036905
2986	0.00036813
1226	0.00036758
7924	0.00036721
9181	0.00036718
2683	0.00036701
916	0.00036646
5105	0.00036555
990	0.00036446
6092	0.00036290
588	0.00036246
841	0.00036191
6406	0.00036012
8474	0.00035964
5500	0.00035943
9305	0.00035943
3475	0.00035877
1342	0.00035873
8836	0.00035816
8395	0.00035802
9064	0.00035729
3770	0.00035652
2885	0.00035646
8824	0.00035638
441	0.00035586
3261	0.00035504
7428	0.00035434
9227	0.00035426
2385	0.00035308
2846	0.00035067
4349	0.00035058
9619	0.00034989
4728	0.00034980
4560	0.00034958
9421	0.00034951
5816	0.00034897
3637	0.00034876
7648	0.00034863
7767	0.00034844
3463	0.00034798
8830	0.00034653
5848	0.00034629
9013	0.00034622
1528	0.00034608
7570	0.00034551
9939	0.00034547
2778	0.00034539
1690	0.00034527
4066	0.00034522
8884	0.00034518
7135	0.00034506
822	0.00034469
4415	0.00034439
2353	0.00034384
5007	0.00034378
5381	0.00034377
9738	0.00034370
5280	0.00034364
2328	0.00034363
7371	0.00034345
8743	0.00034334
9783	0.00034322
4944	0.00034282
4558	0.00034231
831	0.00034214
8481	0.00034159
9555	0.00034147
7419	0.00034007
7561	0.00033957
7998	0.00033949
5345	0.00033890
1729	0.00033878
1916	0.00033722
2847	0.00033683
4082	0.00033672
6636	0.00033645
2826	0.00033589
9998	0.00033554
5400	0.00033480
8626	0.00033473
8795	0.00033406
6358	0.00033367
4625	0.00033283
5685	0.00033269
9460	0.00033268
7247	0.00033258
9239	0.00033243
4342	0.00033240
8920	0.00033203
6797	0.00033192
9211	0.00033105
7692	0.00033072
4462	0.00033045
5399	0.00033043
5640	0.00033019
8800	0.00032993
7018	0.00032987
4879	0.00032901
8635	0.00032866
9086	0.00032852
1771	0.00032817
9501	0.00032773
8079	0.00032753
4742	0.00032735
9615	0.00032720
539	0.00032708
4399	0.00032677
2167	0.00032608
3974	0.00032584
1279	0.00032537
2362	0.00032498
7600	0.00032490
6155	0.00032440
4026	0.00032426
8948	0.00032413
3764	0.00032333
6685	0.00032268
9459	0.00032236
8220	0.00032189
1169	0.00032187
6286	0.00032141
5090	0.00032117
6642	0.00032094
8540	0.00032074
9588	0.00032031
8394	0.00032009
7333	0.00031992
1350	0.00031968
6270	0.00031968
9653	0.00031898
7469	0.00031838
9468	0.00031803
5021	0.00031787
9157	0.00031770
5528	0.00031744
5512	0.00031743
310	0.00031729
4366	0.00031719
3590	0.00031697
5244	0.00031666
5322	0.00031636
5438	0.00031623
9964	0.00031612
9085	0.00031592
5700	0.00031544
7869	0.00031544
7405	0.00031536
5484	0.00031514
7216	0.00031500
3977	0.00031498
1530	0.00031482
8528	0.00031418
5766	0.00031414
9309	0.00031390
6340	0.00031372
8566	0.00031370
8019	0.00031336
6818	0.00031272
8185	0.00031253
6225	0.00031242
3727	0.00031239
5916	0.00031239
5905	0.00031238
4144	0.00031181
8031	0.00031142
7285	0.00031131
5770	0.00031100
8044	0.00031070
4269	0.00031017
6114	0.00030994
1269	0.00030983
8006	0.00030944
6895	0.00030902
9521	0.00030817
9088	0.00030798
4266	0.00030793
7949	0.00030788
1124	0.00030780
7965	0.00030766
9866	0.00030715
4060	0.00030714
1374	0.00030690
8582	0.00030682
1584	0.00030582
5666	0.00030571
8144	0.00030549
8773	0.00030516
2441	0.00030511
6199	0.00030509
7467	0.00030505
4842	0.00030448
6625	0.00030392
6932	0.00030379
6044	0.00030282
4982	0.00030246
7564	0.00030229
5682	0.00030217
3626	0.00030215
9540	0.00030179
8056	0.00030145
9798	0.00030135
7758	0.00030115
7657	0.00030078
8145	0.00030071
9402	0.00030065
2067	0.00030039
7801	0.00030028
8035	0.00030004
7168	0.00029996
3066	0.00029986
8401	0.00029983
8903	0.00029946
6990	0.00029923
5243	0.00029916
8798	0.00029911
8004	0.00029910
1462	0.00029890
8579	0.00029869
3262	0.00029866
8362	0.00029830
5661	0.00029799
5928	0.00029763
7569	0.00029757
7296	0.00029727
6331	0.00029670
6065	0.00029643
8393	0.00029557
1862	0.00029546
6089	0.00029543
4754	0.00029524
6730	0.00029519
7601	0.00029509
7091	0.00029500
9951	0.00029485
5221	0.00029439
356	0.00029398
7926	0.00029382
9042	0.00029375
2455	0.00029346
2390	0.00029337
7951	0.00029308
1354	0.00029298
7099	0.00029288
6807	0.00029275
6790	0.00029273
2956	0.00029267
6247	0.00029220
6695	0.00029215
3830	0.00029163
9418	0.00029163
6821	0.00029139
4059	0.00029108
3150	0.00029103
5963	0.00029095
6353	0.00029039
8875	0.00029036
7790	0.00029027
4913	0.00029012
2981	0.00029003
4757	0.00028989
8386	0.00028987
6021	0.00028979
4102	0.00028971
8299	0.00028970
9682	0.00028968
6745	0.00028955
8225	0.00028897
4250	0.00028891
8593	0.00028884
2236	0.00028877
1758	0.00028867
6371	0.00028858
6744	0.00028849
7250	0.00028846
5546	0.00028820
5295	0.00028819
5961	0.00028796
6934	0.00028778
3978	0.00028775
6985	0.00028761
5327	0.00028747
6078	0.00028729
8261	0.00028717
3121	0.00028712
2851	0.00028689
6516	0.00028689
5617	0.00028685
4397	0.00028677
8673	0.00028648
8820	0.00028644
3522	0.00028629
9669	0.00028626
8115	0.00028605
3634	0.00028594
7538	0.00028557
7239	0.00028549
9647	0.00028539
7513	0.00028501
8380	0.00028474
9044	0.00028456
8312	0.00028414
2900	0.00028413
6568	0.00028401
4978	0.00028383
7341	0.00028383
3068	0.00028374
8460	0.00028367
9343	0.00028360
9679	0.00028294
9948	0.00028270
4799	0.00028252
659	0.00028212
6837	0.00028201
6041	0.00028184
8172	0.00028179
7237	0.00028171
3509	0.00028169
7393	0.00028161
7668	0.00028145
1020	0.00028143
8777	0.00028136
5003	0.00028110
9363	0.00028101
7483	0.00028064
2828	0.00028035
7365	0.00028032
8159	0.00028016
6302	0.00027978
5488	0.00027956
7618	0.00027946
6512	0.00027943
5543	0.00027937
6333	0.00027882
7267	0.00027860
8008	0.00027820
100	0.00027794
8573	0.00027788
8827	0.00027728
2007	0.00027688
9475	0.00027688
5644	0.00027680
8991	0.00027673
7672	0.00027671
4895	0.00027669
8808	0.00027653
8896	0.00027641
4984	0.00027631
6171	0.00027631
2428	0.00027629
9445	0.00027626
4285	0.00027620
5049	0.00027616
9610	0.00027524
1667	0.00027522
5608	0.00027497
8590	0.00027494
4680	0.00027481
4118	0.00027472
7053	0.00027464
9089	0.00027462
6981	0.00027452
3968	0.00027440
7071	0.00027427
125	0.00027423
4612	0.00027367
8976	0.00027348
9846	0.00027311
8462	0.00027301
7590	0.00027275
8138	0.00027199
8515	0.00027189
2653	0.00027185
6812	0.00027184
8320	0.00027180
9053	0.00027136
2703	0.00027122
9577	0.00027115
5067	0.00027113
6553	0.00027054
9143	0.00027053
5761	0.00027029
4782	0.00027025
9830	0.00027007
8423	0.00026963
8697	0.00026946
228	0.00026944
4296	0.00026929
8375	0.00026891
8967	0.00026856
6293	0.00026836
8363	0.00026825
7344	0.00026788
9680	0.00026788
5228	0.00026783
3131	0.00026771
7356	0.00026737
2474	0.00026702
6641	0.00026649
1832	0.00026645
6884	0.00026633
7506	0.00026615
8902	0.00026613
7253	0.00026604
86	0.00026594
9771	0.00026565
7124	0.00026515
7444	0.00026514
7385	0.00026513
9547	0.00026507
4479	0.00026504
9524	0.00026503
8501	0.00026479
7316	0.00026470
7361	0.00026466
9560	0.00026442
2549	0.00026422
1524	0.00026394
9733	0.00026377
9891	0.00026364
5939	0.00026352
8877	0.00026350
6095	0.00026346
9513	0.00026344
9884	0.00026290
9061	0.00026275
3531	0.00026236
7083	0.00026210
9424	0.00026205
7939	0.00026201
6661	0.00026184
1293	0.00026157
9849	0.00026154
9664	0.00026152
6592	0.00026151
8262	0.00026107
8595	0.00026036
2396	0.00026032
4225	0.00026013
9980	0.00026006
5352	0.00025984
6640	0.00025962
7052	0.00025960
9778	0.00025953
9306	0.00025951
2960	0.00025934
8514	0.00025922
9601	0.00025904
7635	0.00025900
6708	0.00025867
9887	0.00025864
1419	0.00025842
4012	0.00025838
6806	0.00025788
2870	0.00025787
1680	0.00025776
1653	0.00025769
7620	0.00025741
7973	0.00025724
9278	0.00025700
2218	0.00025673
9047	0.00025667
1627	0.00025656
4542	0.00025645
7317	0.00025634
7024	0.00025611
6723	0.00025591
3279	0.00025568
8561	0.00025565
3110	0.00025564
2181	0.00025551
3788	0.00025549
8618	0.00025529
4096	0.00025504
2621	0.00025494
508	0.00025472
6236	0.00025466
8451	0.00025464
7956	0.00025457
7242	0.00025456
8612	0.00025456
9506	0.00025446
8049	0.00025442
6168	0.00025440
7358	0.00025437
8247	0.00025410
8444	0.00025410
2178	0.00025385
5567	0.00025363
7894	0.00025343
7838	0.00025329
8476	0.00025317
5980	0.00025312
6781	0.00025306
7484	0.00025292
7914	0.00025287
9285	0.00025276
8384	0.00025271
5286	0.00025263
9297	0.00025257
2647	0.00025236
535	0.00025233
5347	0.00025202
6151	0.00025185
2476	0.00025180
8064	0.00025158
1337	0.00025129
9532	0.00025106
7220	0.00025099
9734	0.00025070
3949	0.00025065
1056	0.00025060
1623	0.00025056
2679	0.00025016
9298	0.00025015
5930	0.00025013
6524	0.00024980
4890	0.00024970
2573	0.00024935
9292	0.00024924
4991	0.00024911
6290	0.00024907
9558	0.00024900
8149	0.00024889
5601	0.00024877
5126	0.00024874
3120	0.00024867
8212	0.00024867
9146	0.00024865
5264	0.00024859
2755	0.00024856
8691	0.00024839
9750	0.00024817
7880	0.00024814
5862	0.00024787
2076	0.00024755
6275	0.00024739
5104	0.00024725
8813	0.00024721
9008	0.00024714
8120	0.00024692
485	0.00024683
3308	0.00024662
1160	0.00024648
9370	0.00024631
7122	0.00024617
794	0.00024609
4706	0.00024607
9045	0.00024605
9762	0.00024605
4135	0.00024604
1108	0.00024602
2254	0.00024563
4655	0.00024554
8197	0.00024553
8078	0.00024548
8510	0.00024536
6453	0.00024531
4508	0.00024524
9607	0.00024524
6035	0.00024520
7859	0.00024472
9617	0.00024472
2773	0.00024468
1009	0.00024459
6274	0.00024448
7568	0.00024441
7088	0.00024432
966	0.00024396
8594	0.00024363
6904	0.00024351
9957	0.00024299
6187	0.00024290
2324	0.00024289
9012	0.00024285
6220	0.00024279
9017	0.00024229
5655	0.00024220
5231	0.00024201
8973	0.00024196
1320	0.00024193
7646	0.00024186
1734	0.00024170
911	0.00024141
5241	0.00024127
9613	0.00024121
5804	0.00024113
7685	0.00024108
9912	0.00024106
6001	0.00024103
6173	0.00024087
1106	0.00024081
6862	0.00024068
4099	0.00024048
8453	0.00024043
7726	0.00024034
9663	0.00024015
5277	0.00023979
1335	0.00023971
9236	0.00023968
9081	0.00023942
154	0.00023910
7286	0.00023886
5803	0.00023884
9761	0.00023874
5535	0.00023866
4106	0.00023854
7665	0.00023846
6018	0.00023838
1404	0.00023837
4719	0.00023783
8082	0.00023728
9813	0.00023719
4700	0.00023703
8173	0.00023683
9043	0.00023683
1824	0.00023682
2246	0.00023662
3088	0.00023637
8257	0.00023625
3858	0.00023622
43	0.00023620
126	0.00023612
1415	0.00023609
3115	0.00023607
6449	0.00023595
7940	0.00023588
7779	0.00023586
8938	0.00023559
9886	0.00023559
848	0.00023545
885	0.00023536
9543	0.00023534
9287	0.00023533
3986	0.00023526
4844	0.00023521
9182	0.00023512
1531	0.00023502
1121	0.00023491
436	0.00023489
6473	0.00023441
3438	0.00023379
4930	0.00023375
3948	0.00023361
1591	0.00023334
4155	0.00023334
3621	0.00023328
7941	0.00023316
8025	0.00023305
9875	0.00023301
9648	0.00023295
595	0.00023294
9700	0.00023289
7215	0.00023248
5119	0.00023234
2626	0.00023231
5829	0.00023151
1747	0.00023139
7651	0.00023139
2293	0.00023120
7230	0.00023109
4729	0.00023091
3394	0.00023054
717	0.00023018
7350	0.00023012
4525	0.00022994
2750	0.00022980
9400	0.00022980
7384	0.00022966
6897	0.00022933
3882	0.00022912
3817	0.00022892
7087	0.00022890
132	0.00022880
8467	0.00022875
602	0.00022867
9267	0.00022853
9345	0.00022847
9981	0.00022846
7149	0.00022840
4456	0.00022833
8108	0.00022829
6899	0.00022808
6595	0.00022805
4734	0.00022796
9523	0.00022793
6154	0.00022788
6079	0.00022783
7794	0.00022775
9075	0.00022753
6916	0.00022716
4708	0.00022713
5026	0.00022698
9796	0.00022691
6943	0.00022685
8345	0.00022682
9340	0.00022651
7886	0.00022643
6951	0.00022609
9642	0.00022605
5820	0.00022598
9719	0.00022593
6775	0.00022570
4806	0.00022562
7843	0.00022552
8645	0.00022552
7863	0.00022522
9788	0.00022521
7981	0.00022511
7095	0.00022507
9636	0.00022503
2091	0.00022500
6922	0.00022486
9005	0.00022466
138	0.00022464
7156	0.00022447
9496	0.00022443
9949	0.00022443
7733	0.00022441
9895	0.00022440
6576	0.00022430
5419	0.00022418
5892	0.00022417
3470	0.00022395
3263	0.00022383
1845	0.00022371
7390	0.00022371
9758	0.00022331
7611	0.00022330
8301	0.00022321
4703	0.00022317
6843	0.00022313
1274	0.00022245
5536	0.00022245
9658	0.00022232
8307	0.00022231
6084	0.00022229
9763	0.00022218
9936	0.00022215
8905	0.00022212
3683	0.00022177
9068	0.00022159
5729	0.00022147
3613	0.00022141
7305	0.00022119
813	0.00022103
145	0.00022072
8939	0.00022068
1133	0.00022066
752	0.00022066
8628	0.00022016
7909	0.00021981
7936	0.00021966
2273	0.00021960
6918	0.00021958
3070	0.00021947
3159	0.00021934
6861	0.00021908
2967	0.00021889
6955	0.00021888
5077	0.00021885
4846	0.00021879
4371	0.00021851
7835	0.00021816
8509	0.00021816
7080	0.00021750
4065	0.00021726
8850	0.00021724
49	0.00021709
8344	0.00021707
6782	0.00021702
3519	0.00021681
8117	0.00021675
2815	0.00021666
7311	0.00021635
2255	0.00021631
9975	0.00021626
9192	0.00021604
7731	0.00021600
8150	0.00021583
653	0.00021567
719	0.00021544
4345	0.00021501
2875	0.00021490
8977	0.00021486
6525	0.00021479
357	0.00021448
1207	0.00021444
5427	0.00021439
6070	0.00021432
797	0.00021427
8209	0.00021427
6868	0.00021424
6506	0.00021384
4947	0.00021356
8914	0.00021356
823	0.00021352
1481	0.00021336
2444	0.00021328
6523	0.00021320
5549	0.00021314
6887	0.00021297
8907	0.00021292
8059	0.00021260
6038	0.00021229
4593	0.00021228
7179	0.00021219
3090	0.00021211
9377	0.00021205
3591	0.00021203
8900	0.00021202
4138	0.00021175
9850	0.00021162
1795	0.00021158
311	0.00021145
6314	0.00021140
9270	0.00021125
5407	0.00021113
1864	0.00021098
7855	0.00021097
9302	0.00021096
4536	0.00021053
5339	0.00021034
6531	0.00021015
6878	0.00020997
1412	0.00020969
689	0.00020969
2143	0.00020961
4911	0.00020954
8300	0.00020949
8176	0.00020934
1661	0.00020928
2399	0.00020912
3808	0.00020894
2932	0.00020883
1816	0.00020872
9038	0.00020860
7454	0.00020857
319	0.00020822
9087	0.00020813
104	0.00020806
5085	0.00020789
8719	0.00020778
7803	0.00020748
5873	0.00020745
611	0.00020741
2917	0.00020729
5253	0.00020727
9749	0.00020700
568	0.00020688
8266	0.00020678
8897	0.00020674
1923	0.00020660
5927	0.00020659
2415	0.00020658
3879	0.00020656
6438	0.00020653
4945	0.00020645
7452	0.00020633
9901	0.00020633
2430	0.00020632
3571	0.00020631
9092	0.00020628
6731	0.00020625
4543	0.00020595
9915	0.00020586
4564	0.00020570
5052	0.00020560
601	0.00020542
8406	0.00020530
5680	0.00020514
6655	0.00020506
4526	0.00020499
9585	0.00020493
6751	0.00020491
7473	0.00020490
4831	0.00020471
7811	0.00020457
9190	0.00020452
4503	0.00020451
7005	0.00020447
2580	0.00020445
4922	0.00020432
2725	0.00020404
5730	0.00020396
4843	0.00020350
1848	0.00020343
9007	0.00020333
1868	0.00020292
6717	0.00020287
7231	0.00020264
8482	0.00020252
9024	0.00020248
9444	0.00020244
1204	0.00020233
8310	0.00020227
8331	0.00020226
3048	0.00020225
8727	0.00020223
9790	0.00020218
7896	0.00020216
1648	0.00020208
6765	0.00020208
9389	0.00020187
5431	0.00020181
8199	0.00020175
3310	0.00020170
8308	0.00020169
8475	0.00020140
5298	0.00020133
9200	0.00020133
9913	0.00020120
4339	0.00020110
7342	0.00020110
8847	0.00020078
7218	0.00020076
1140	0.00020064
4331	0.00020064
9767	0.00020053
6062	0.00020048
1435	0.00020047
8254	0.00020041
9968	0.00020033
9204	0.00020022
9441	0.00020007
5844	0.00019992
8667	0.00019959
1582	0.00019944
9365	0.00019932
5698	0.00019917
7982	0.00019909
9760	0.00019898
4475	0.00019881
4193	0.00019877
7748	0.00019862
5375	0.00019846
8898	0.00019832
2295	0.00019831
5262	0.00019830
6825	0.00019821
9893	0.00019808
9932	0.00019807
8944	0.00019803
6666	0.00019802
9727	0.00019791
4295	0.00019777
7786	0.00019763
4010	0.00019752
530	0.00019749
7170	0.00019708
578	0.00019686
9598	0.00019649
3684	0.00019637
6693	0.00019624
8624	0.00019624
6427	0.00019617
8756	0.00019616
1192	0.00019614
6917	0.00019607
7703	0.00019593
4029	0.00019592
9201	0.00019579
9016	0.00019563
3060	0.00019539
2738	0.00019529
256	0.00019521
4403	0.00019519
6853	0.00019518
9690	0.00019513
5043	0.00019510
3396	0.00019484
3144	0.00019476
9643	0.00019476
6551	0.00019455
3893	0.00019440
2209	0.00019431
2655	0.00019429
7451	0.00019428
3214	0.00019418
1403	0.00019417
1978	0.00019411
8937	0.00019408
6994	0.00019403
7257	0.00019403
4720	0.00019395
1941	0.00019385
7153	0.00019377
4574	0.00019372
5418	0.00019338
7269	0.00019335
5260	0.00019333
3185	0.00019332
3728	0.00019330
5133	0.00019318
3524	0.00019304
1260	0.00019301
8224	0.00019300
9238	0.00019298
9950	0.00019297
7950	0.00019290
3792	0.00019289
920	0.00019276
5645	0.00019274
5869	0.00019268
7372	0.00019260
893	0.00019250
7020	0.00019243
1010	0.00019234
4949	0.00019225
8951	0.00019222
2578	0.00019220
1956	0.00019200
6180	0.00019165
5511	0.00019162
8630	0.00019134
9349	0.00019133
7578	0.00019129
8180	0.00019124
7800	0.00019116
4198	0.00019113
4807	0.00019112
4240	0.00019109
7480	0.00019099
1565	0.00019096
188	0.00019090
1996	0.00019086
9776	0.00019069
9240	0.00019068
4752	0.00019065
6149	0.00019062
5162	0.00019051
5118	0.00019049
3997	0.00019047
1330	0.00019008
4239	0.00019006
8861	0.00019006
4557	0.00019004
9224	0.00019004
3678	0.00018998
2184	0.00018991
6565	0.00018988
7603	0.00018985
8922	0.00018978
6699	0.00018977
2393	0.00018968
9358	0.00018968
2733	0.00018961
9256	0.00018960
2200	0.00018956
4264	0.00018867
5747	0.00018865
4073	0.00018857
9203	0.00018844
7606	0.00018842
9853	0.00018838
9039	0.00018837
2587	0.00018828
6558	0.00018817
715	0.00018805
3257	0.00018798
6704	0.00018791
6767	0.00018789
6108	0.00018786
8732	0.00018786
7272	0.00018775
9489	0.00018775
2222	0.00018766
7710	0.00018764
9488	0.00018764
7314	0.00018760
3804	0.00018759
2854	0.00018741
5931	0.00018734
9593	0.00018723
7308	0.00018722
8165	0.00018718
6547	0.00018717
1100	0.00018700
3453	0.00018690
7532	0.00018690
8901	0.00018690
2422	0.00018687
7686	0.00018671
6214	0.00018669
7846	0.00018667
4061	0.00018661
7946	0.00018661
3899	0.00018660
1276	0.00018659
5051	0.00018648
1697	0.00018641
8576	0.00018631
3239	0.00018623
9703	0.00018618
7847	0.00018613
3688	0.00018611
7110	0.00018608
5611	0.00018606
2449	0.00018604
8020	0.00018592
7368	0.00018587
7664	0.00018580
6116	0.00018575
8690	0.00018563
9696	0.00018552
4884	0.00018549
6428	0.00018542
7749	0.00018540
6204	0.00018538
4430	0.00018537
8864	0.00018514
3154	0.00018501
7910	0.00018501
9845	0.00018499
7154	0.00018495
4040	0.00018494
9115	0.00018489
1083	0.00018487
9650	0.00018475
9580	0.00018469
6492	0.00018461
9519	0.00018460
6850	0.00018456
27	0.00018435
7499	0.00018423
9659	0.00018415
9420	0.00018396
5533	0.00018374
7865	0.00018369
8163	0.00018354
2267	0.00018351
637	0.00018344
5523	0.00018340
333	0.00018317
5674	0.00018313
7888	0.00018310
6721	0.00018304
5055	0.00018302
8226	0.00018302
9217	0.00018302
7849	0.00018284
3216	0.00018265
6656	0.00018262
7738	0.00018247
9923	0.00018242
8281	0.00018224
29	0.00018222
8943	0.00018193
8255	0.00018175
2053	0.00018174
9789	0.00018172
6323	0.00018165
8361	0.00018164
3625	0.00018138
53	0.00018136
641	0.00018136
1094	0.00018131
8531	0.00018131
1514	0.00018119
8644	0.00018105
6560	0.00018104
4891	0.00018090
7096	0.00018081
7291	0.00018070
2636	0.00018063
1746	0.00018062
4865	0.00018038
3050	0.00018033
8155	0.00018032
9917	0.00018017
3700	0.00018015
8655	0.00018003
6858	0.00017998
6905	0.00017985
9299	0.00017967
939	0.00017952
9693	0.00017950
9892	0.00017947
7848	0.00017939
8196	0.00017938
1443	0.00017934
5139	0.00017918
5622	0.00017891
6521	0.00017882
9631	0.00017872
9770	0.00017867
1874	0.00017863
9150	0.00017854
8779	0.00017853
9458	0.00017848
2712	0.00017838
9502	0.00017833
9766	0.00017830
9108	0.00017828
2350	0.00017823
9137	0.00017823
2612	0.00017820
8131	0.00017807
9395	0.00017802
6768	0.00017798
421	0.00017797
9571	0.00017794
7449	0.00017792
7062	0.00017789
7744	0.00017772
5639	0.00017768
1685	0.00017757
9544	0.00017757
6481	0.00017753
1046	0.00017749
6563	0.00017743
9122	0.00017721
3139	0.00017710
1850	0.00017702
6075	0.00017659
8711	0.00017642
5272	0.00017638
8518	0.00017638
7650	0.00017635
7996	0.00017620
6650	0.00017618
7048	0.00017610
7678	0.00017609
9199	0.00017607
5374	0.00017601
8400	0.00017599
8848	0.00017594
3079	0.00017587
3176	0.00017587
2252	0.00017581
4315	0.00017576
8712	0.00017576
1599	0.00017566
6822	0.00017548
4161	0.00017544
2827	0.00017538
4139	0.00017534
3362	0.00017528
9453	0.00017519
838	0.00017517
6643	0.00017510
7222	0.00017491
6252	0.00017487
166	0.00017441
5465	0.00017432
6605	0.00017428
2843	0.00017413
4501	0.00017408
5580	0.00017388
7828	0.00017387
5353	0.00017379
7302	0.00017379
4237	0.00017377
609	0.00017352
9888	0.00017351
3072	0.00017349
9096	0.00017332
9954	0.00017331
6750	0.00017328
7037	0.00017328
3699	0.00017319
5005	0.00017316
7746	0.00017312
9463	0.00017311
5238	0.00017308
8837	0.00017301
8998	0.00017298
4477	0.00017293
6786	0.00017284
4647	0.00017270
7293	0.00017268
7834	0.00017268
9775	0.00017258
5861	0.00017257
9857	0.00017255
4687	0.00017251
4512	0.00017248
9848	0.00017244
8791	0.00017241
9662	0.00017218
8605	0.00017212
7035	0.00017210
5911	0.00017207
4541	0.00017198
5091	0.00017164
5904	0.00017163
2610	0.00017159
4088	0.00017156
6857	0.00017151
3267	0.00017146
5999	0.00017139
8471	0.00017137
7527	0.00017124
7464	0.00017101
5000	0.00017097
8098	0.00017095
9685	0.00017095
3053	0.00017089
2526	0.00017084
4736	0.00017084
6235	0.00017072
2819	0.00017062
7433	0.00017050
2832	0.00017049
2688	0.00017046
1791	0.00017038
6989	0.00017038
6146	0.00017037
5383	0.00017021
6902	0.00017013
9625	0.00016996
8061	0.00016969
7278	0.00016958
6509	0.00016954
4601	0.00016945
1885	0.00016939
4382	0.00016939
1488	0.00016933
4335	0.00016911
5210	0.00016911
1110	0.00016880
3598	0.00016880
8408	0.00016851
9411	0.00016851
8277	0.00016848
2480	0.00016846
2463	0.00016845
1801	0.00016839
613	0.00016828
9152	0.00016828
3232	0.00016827
359	0.00016817
7714	0.00016804
3750	0.00016795
3630	0.00016794
3268	0.00016793
9167	0.00016777
7141	0.00016775
6288	0.00016760
4424	0.00016751
605	0.00016747
9276	0.00016742
9208	0.00016739
9335	0.00016738
430	0.00016722
4974	0.00016710
6143	0.00016702
7812	0.00016672
4771	0.00016669
6239	0.00016667
4781	0.00016666
8090	0.00016665
406	0.00016664
9739	0.00016662
2110	0.00016660
2258	0.00016635
1215	0.00016626
4803	0.00016618
5922	0.00016618
8270	0.00016585
9906	0.00016573
6502	0.00016566
6246	0.00016563
4351	0.00016546
7594	0.00016545
8369	0.00016529
5714	0.00016524
326	0.00016516
7861	0.00016511
5618	0.00016505
9049	0.00016491
6459	0.00016485
8229	0.00016478
2532	0.00016471
4861	0.00016464
1188	0.00016454
5456	0.00016448
9494	0.00016437
7721	0.00016436
7205	0.00016429
9652	0.00016425
1622	0.00016413
5222	0.00016410
2245	0.00016395
6370	0.00016392
5373	0.00016385
7172	0.00016347
5688	0.00016346
9557	0.00016345
8011	0.00016322
400	0.00016311
72	0.00016311
7159	0.00016307
2909	0.00016295
2834	0.00016286
9361	0.00016284
8508	0.00016280
1041	0.00016279
1398	0.00016268
8142	0.00016257
7645	0.00016252
981	0.00016252
8039	0.00016243
8074	0.00016238
5482	0.00016222
8666	0.00016196
7857	0.00016194
2742	0.00016166
9554	0.00016156
7612	0.00016151
9317	0.00016149
9747	0.00016146
3618	0.00016144
7798	0.00016142
3164	0.00016134
7466	0.00016130
9533	0.00016122
6604	0.00016119
2414	0.00016114
5776	0.00016114
2102	0.00016110
7954	0.00016108
409	0.00016107
4863	0.00016104
7734	0.00016103
5780	0.00016100
6456	0.00016092
1479	0.00016086
5308	0.00016078
9829	0.00016075
5370	0.00016070
9791	0.00016066
4223	0.00016049
5279	0.00016044
6819	0.00016021
5355	0.00016017
9	0.00016017
6375	0.00016009
8048	0.00016006
8986	0.00015995
7145	0.00015980
7720	0.00015964
9672	0.00015957
683	0.00015948
7213	0.00015944
5727	0.00015938
6206	0.00015937
5301	0.00015926
3419	0.00015920
5152	0.00015902
9863	0.00015896
4821	0.00015893
9602	0.00015892
7840	0.00015890
225	0.00015879
9797	0.00015878
4535	0.00015876
9889	0.00015876
5977	0.00015871
4190	0.00015868
2451	0.00015863
9060	0.00015859
3841	0.00015856
9321	0.00015854
9825	0.00015851
6326	0.00015827
7407	0.00015821
7275	0.00015806
5227	0.00015801
5574	0.00015798
3559	0.00015795
5155	0.00015794
6167	0.00015775
8568	0.00015775
8204	0.00015764
7251	0.00015762
9477	0.00015762
9874	0.00015755
6213	0.00015741
5529	0.00015737
3450	0.00015736
7511	0.00015730
9312	0.00015729
5042	0.00015716
8602	0.00015714
6600	0.00015694
6554	0.00015693
6131	0.00015687
3791	0.00015679
4825	0.00015679
8437	0.00015670
4325	0.00015662
7178	0.00015661
7345	0.00015661
9102	0.00015660
9308	0.00015660
9590	0.00015653
9419	0.00015652
9166	0.00015647
7531	0.00015628
9730	0.00015611
4336	0.00015608
6936	0.00015605
6890	0.00015602
7248	0.00015598
1753	0.00015577
3680	0.00015576
3868	0.00015566
2807	0.00015562
6965	0.00015558
7303	0.00015558
7377	0.00015552
5798	0.00015546
4669	0.00015545
5372	0.00015533
5967	0.00015521
2664	0.00015501
1865	0.00015494
6165	0.00015492
5360	0.00015489
8607	0.00015488
4247	0.00015481
1139	0.00015478
6908	0.00015469
6967	0.00015467
8317	0.00015464
5246	0.00015447
9784	0.00015444
4153	0.00015442
8348	0.00015435
7429	0.00015434
2417	0.00015413
3706	0.00015406
7702	0.00015405
7457	0.00015401
8978	0.00015399
6973	0.00015386
6612	0.00015379
8525	0.00015373
7002	0.00015362
7684	0.00015362
5509	0.00015336
339	0.00015325
3332	0.00015310
616	0.00015303
2674	0.00015293
8851	0.00015288
7027	0.00015274
7064	0.00015274
5082	0.00015272
5635	0.00015271
6012	0.00015268
5600	0.00015264
2108	0.00015258
3510	0.00015252
5146	0.00015244
8452	0.00015242
9729	0.00015226
8818	0.00015225
379	0.00015221
3570	0.00015217
3393	0.00015209
599	0.00015209
7281	0.00015179
5807	0.00015165
3114	0.00015161
8479	0.00015158
8629	0.00015152
7133	0.00015134
3946	0.00015115
8988	0.00015110
7943	0.00015103
8238	0.00015098
3545	0.00015094
7775	0.00015089
4836	0.00015088
4923	0.00015086
35	0.00015082
6550	0.00015077
7550	0.00015076
7206	0.00015074
4741	0.00015064
9394	0.00015046
6349	0.00015040
9230	0.00015027
8083	0.00015026
9624	0.00015010
1562	0.00015008
9250	0.00014985
2607	0.00014983
8647	0.00014980
8443	0.00014966
6929	0.00014960
1924	0.00014933
7753	0.00014928
6393	0.00014924
7529	0.00014920
4498	0.00014916
7098	0.00014911
3505	0.00014910
6779	0.00014907
1120	0.00014899
7044	0.00014898
1638	0.00014897
9065	0.00014896
5940	0.00014857
3886	0.00014854
4862	0.00014852
7625	0.00014845
4165	0.00014844
6590	0.00014839
9883	0.00014833
5592	0.00014832
8610	0.00014826
8445	0.00014821
7066	0.00014820
4037	0.00014819
7357	0.00014815
9511	0.00014809
5890	0.00014800
7160	0.00014790
5425	0.00014787
5507	0.00014782
5218	0.00014780
9464	0.00014775
3929	0.00014772
4697	0.00014765
7897	0.00014763
4592	0.00014757
8750	0.00014756
9448	0.00014752
1598	0.00014745
483	0.00014743
8591	0.00014742
6057	0.00014740
9461	0.00014736
4505	0.00014732
3146	0.00014731
9972	0.00014731
5764	0.00014708
6976	0.00014708
7070	0.00014706
5658	0.00014697
6511	0.00014697
4746	0.00014689
4062	0.00014678
4174	0.00014669
8866	0.00014667
2198	0.00014664
5063	0.00014657
1016	0.00014655
8335	0.00014639
5832	0.00014610
7164	0.00014607
1507	0.00014605
1817	0.00014596
4022	0.00014580
3725	0.00014574
6969	0.00014574
6248	0.00014568
9919	0.00014563
9336	0.00014554
1391	0.00014553
3241	0.00014551
5284	0.00014550
2697	0.00014547
8909	0.00014543
4469	0.00014532
9430	0.00014530
8651	0.00014514
2161	0.00014509
8823	0.00014501
3827	0.00014496
1237	0.00014483
8987	0.00014483
6249	0.00014481
2734	0.00014480
8346	0.00014478
8017	0.00014474
7980	0.00014467
3687	0.00014462
8992	0.00014462
9225	0.00014461
4758	0.00014460
1652	0.00014450
7915	0.00014450
8879	0.00014450
5738	0.00014444
5058	0.00014433
3673	0.00014431
8715	0.00014431
3681	0.00014427
7238	0.00014416
8788	0.00014413
3116	0.00014411
9512	0.00014411
8734	0.00014406
5102	0.00014402
9656	0.00014401
8639	0.00014400
2564	0.00014381
7592	0.00014381
3065	0.00014378
5094	0.00014374
8133	0.00014367
5236	0.00014366
8333	0.00014359
4986	0.00014350
7432	0.00014344
4941	0.00014341
9248	0.00014335
9449	0.00014334
9228	0.00014329
5364	0.00014326
6815	0.00014326
6732	0.00014319
8231	0.00014311
8043	0.00014309
6413	0.00014308
7934	0.00014306
5624	0.00014302
4417	0.00014296
6241	0.00014291
6504	0.00014290
7541	0.00014271
3113	0.00014270
4840	0.00014254
5990	0.00014249
2446	0.00014248
3130	0.00014245
3530	0.00014239
7728	0.00014239
1195	0.00014235
5145	0.00014232
6367	0.00014229
9896	0.00014221
2194	0.00014212
4516	0.00014212
5594	0.00014201
1245	0.00014195
505	0.00014195
9721	0.00014190
8780	0.00014178
6583	0.00014170
9119	0.00014168
5754	0.00014166
6126	0.00014165
8381	0.00014164
8340	0.00014160
7695	0.00014132
2330	0.00014122
5828	0.00014122
2999	0.00014121
5912	0.00014116
9751	0.00014110
6117	0.00014109
5349	0.00014108
6968	0.00014107
6338	0.00014102
8134	0.00014090
6947	0.00014089
2527	0.00014079
9637	0.00014078
2907	0.00014074
1225	0.00014059
9956	0.00014058
6223	0.00014050
6883	0.00014021
2503	0.00014010
6587	0.00014009
6611	0.00014004
1037	0.00013991
7236	0.00013982
5414	0.00013978
7844	0.00013977
8804	0.00013973
8855	0.00013973
7622	0.00013970
2460	0.00013967
5321	0.00013965
6498	0.00013958
9066	0.00013958
9219	0.00013956
2253	0.00013954
6688	0.00013954
2296	0.00013952
9566	0.00013947
8996	0.00013940
8417	0.00013932
5344	0.00013930
8989	0.00013917
8609	0.00013909
546	0.00013906
8410	0.00013900
8792	0.00013891
6135	0.00013888
6468	0.00013884
6644	0.00013869
9997	0.00013869
1506	0.00013868
7598	0.00013862
5858	0.00013861
8687	0.00013853
3029	0.00013847
1655	0.00013831
8042	0.00013825
6415	0.00013822
8148	0.00013821
5072	0.00013816
6042	0.00013816
6341	0.00013814
7032	0.00013814
7935	0.00013801
9894	0.00013794
9929	0.00013793
3964	0.00013792
9405	0.00013791
7255	0.00013774
3643	0.00013770
9914	0.00013756
1710	0.00013749
9671	0.00013749
877	0.00013747
4128	0.00013746
9870	0.00013742
2219	0.00013737
4087	0.00013737
6957	0.00013736
9814	0.00013735
5947	0.00013731
8638	0.00013723
7704	0.00013719
4554	0.00013714
7078	0.00013708
5267	0.00013706
2739	0.00013701
5188	0.00013700
5083	0.00013694
8285	0.00013686
372	0.00013684
9545	0.00013676
4375	0.00013673
930	0.00013670
931	0.00013670
815	0.00013667
7060	0.00013662
7113	0.00013651
2623	0.00013640
2972	0.00013640
3694	0.00013640
4328	0.00013638
6860	0.00013631
7211	0.00013631
4205	0.00013625
8516	0.00013624
1880	0.00013612
6077	0.00013612
4956	0.00013603
4965	0.00013603
9373	0.00013600
8498	0.00013591
6156	0.00013588
5066	0.00013578
6760	0.00013574
6566	0.00013568
7543	0.00013560
9673	0.00013553
4115	0.00013542
5744	0.00013538
6691	0.00013537
8370	0.00013532
9842	0.00013529
4689	0.00013526
9740	0.00013524
2752	0.00013518
2317	0.00013517
7752	0.00013514
6227	0.00013503
7007	0.00013487
8892	0.00013487
8110	0.00013481
4605	0.00013453
5304	0.00013452
5471	0.00013448
8009	0.00013440
5750	0.00013425
5257	0.00013422
932	0.00013422
861	0.00013416
3872	0.00013408
4877	0.00013390
5422	0.00013389
4471	0.00013382
4218	0.00013373
6461	0.00013372
9147	0.00013368
5530	0.00013362
8303	0.00013362
6975	0.00013351
962	0.00013347
7171	0.00013343
9924	0.00013343
3717	0.00013335
7354	0.00013324
7199	0.00013319
2017	0.00013298
9600	0.00013296
9113	0.00013294
6279	0.00013293
6703	0.00013292
7298	0.00013289
9403	0.00013278
9710	0.00013276
6361	0.00013254
9819	0.00013254
6754	0.00013253
8559	0.00013251
7631	0.00013246
2730	0.00013237
7418	0.00013236
4548	0.00013235
1218	0.00013228
9527	0.00013225
7690	0.00013221
7713	0.00013221
7605	0.00013218
4730	0.00013212
9570	0.00013206
6584	0.00013198
8500	0.00013197
9965	0.00013192
5935	0.00013180
1869	0.00013173
2191	0.00013172
3995	0.00013169
7654	0.00013166
2316	0.00013165
6564	0.00013163
8931	0.00013159
1113	0.00013153
977	0.00013151
8754	0.00013147
9578	0.00013140
8047	0.00013135
6998	0.00013134
9697	0.00013134
9711	0.00013134
1922	0.00013125
2336	0.00013117
5305	0.00013115
2039	0.00013109
3266	0.00013101
7359	0.00013098
618	0.00013092
7892	0.00013087
2939	0.00013086
2320	0.00013082
6820	0.00013075
8617	0.00013065
2469	0.00013063
4042	0.00013053
7146	0.00013052
2608	0.00013046
8062	0.00013045
8218	0.00013039
5234	0.00013037
3972	0.00013035
6518	0.00013021
6901	0.00013016
8954	0.00013014
9002	0.00013010
7764	0.00013007
8769	0.00013000
4009	0.00012999
6295	0.00012997
3984	0.00012993
9443	0.00012980
3534	0.00012978
3434	0.00012977
8921	0.00012977
1983	0.00012966
152	0.00012965
9406	0.00012965
8189	0.00012956
4817	0.00012951
2877	0.00012948
9006	0.00012940
7228	0.00012931
3056	0.00012926
4173	0.00012922
6386	0.00012922
8952	0.00012919
5417	0.00012914
2485	0.00012908
8092	0.00012903
3471	0.00012900
9620	0.00012884
8598	0.00012883
9384	0.00012877
6602	0.00012875
2650	0.00012872
4979	0.00012870
9059	0.00012867
9627	0.00012865
7770	0.00012863
2724	0.00012859
4975	0.00012858
5823	0.00012848
7412	0.00012847
5660	0.00012834
8650	0.00012829
2078	0.00012827
5080	0.00012825
1097	0.00012822
9632	0.00012819
9456	0.00012809
5793	0.00012800
266	0.00012796
5585	0.00012792
7045	0.00012781
5409	0.00012770
2471	0.00012769
4600	0.00012764
7632	0.00012753
7535	0.00012752
4262	0.00012749
3474	0.00012740
1692	0.00012733
2141	0.00012733
6238	0.00012732
9549	0.00012732
3431	0.00012729
1478	0.00012720
9694	0.00012717
5315	0.00012716
7277	0.00012707
3517	0.00012706
5448	0.00012701
8084	0.00012699
9576	0.00012691
6828	0.00012690
9569	0.00012690
307	0.00012685
3492	0.00012685
7871	0.00012684
4721	0.00012675
4740	0.00012668
6713	0.00012659
9446	0.00012655
7970	0.00012653
3800	0.00012652
9614	0.00012652
8532	0.00012647
9638	0.00012646
8696	0.00012632
8785	0.00012632
1375	0.00012626
8759	0.00012623
9091	0.00012619
7102	0.00012617
7994	0.00012608
9252	0.00012585
4385	0.00012584
2015	0.00012577
6548	0.00012574
9898	0.00012565
2262	0.00012558
5878	0.00012546
1633	0.00012545
4438	0.00012542
3642	0.00012532
3826	0.00012532
5132	0.00012531
6757	0.00012528
7244	0.00012528
2340	0.00012511
5225	0.00012504
1298	0.00012502
4478	0.00012502
2710	0.00012499
8483	0.00012498
8565	0.00012496
2616	0.00012490
5016	0.00012482
3231	0.00012476
5278	0.00012476
8425	0.00012476
9169	0.00012475
1511	0.00012470
4786	0.00012466
9831	0.00012461
8275	0.00012459
9717	0.00012459
7223	0.00012457
1388	0.00012451
7670	0.00012447
9109	0.00012441
3390	0.00012435
8201	0.00012433
6132	0.00012427
5886	0.00012416
7662	0.00012415
5169	0.00012412
5713	0.00012411
5395	0.00012405
7039	0.00012405
8596	0.00012390
9396	0.00012386
6669	0.00012385
2962	0.00012383
5752	0.00012378
5439	0.00012364
4487	0.00012360
3550	0.00012359
8109	0.00012340
6091	0.00012337
3361	0.00012336
7129	0.00012330
2983	0.00012328
5401	0.00012328
7960	0.00012325
5115	0.00012323
3568	0.00012315
1395	0.00012312
6679	0.00012312
7307	0.00012311
111	0.00012305
3655	0.00012295
5095	0.00012288
9586	0.00012287
153	0.00012285
6417	0.00012284
3335	0.00012281
5753	0.00012276
771	0.00012275
7487	0.00012274
7583	0.00012269
741	0.00012255
4585	0.00012253
9844	0.00012238
4873	0.00012234
9018	0.00012223
7169	0.00012212
5684	0.00012199
4374	0.00012185
331	0.00012180
8337	0.00012179
9010	0.00012177
7587	0.00012172
8738	0.00012171
1437	0.00012169
3432	0.00012168
3290	0.00012162
9960	0.00012160
3349	0.00012159
8456	0.00012146
8929	0.00012139
9180	0.00012136
4489	0.00012134
6626	0.00012127
2695	0.00012125
793	0.00012121
7988	0.00012121
2787	0.00012119
2881	0.00012116
5446	0.00012115
8580	0.00012109
6113	0.00012103
9552	0.00012080
1229	0.00012075
1936	0.00012068
5123	0.00012068
8819	0.00012067
9832	0.00012059
3923	0.00012056
9159	0.00012056
6002	0.00012037
7782	0.00012035
6570	0.00012034
1821	0.00012030
9616	0.00012020
9481	0.00012009
6422	0.00012007
5487	0.00011997
986	0.00011979
5632	0.00011969
9214	0.00011969
7858	0.00011959
7106	0.00011955
7739	0.00011953
1731	0.00011946
6465	0.00011941
4435	0.00011939
7424	0.00011927
913	0.00011918
8746	0.00011910
6000	0.00011907
7842	0.00011902
5325	0.00011898
6127	0.00011891
6372	0.00011891
3912	0.00011889
9833	0.00011888
7993	0.00011886
2749	0.00011885
7260	0.00011879
7126	0.00011876
8198	0.00011858
4637	0.00011856
1858	0.00011854
2171	0.00011851
3734	0.00011851
3074	0.00011849
5117	0.00011841
7671	0.00011840
5499	0.00011839
6003	0.00011831
1900	0.00011828
3585	0.00011828
6150	0.00011828
6098	0.00011827
1292	0.00011826
3289	0.00011826
2849	0.00011817
5649	0.00011813
6176	0.00011813
8856	0.00011811
7427	0.00011806
3601	0.00011803
3918	0.00011803
4533	0.00011798
6938	0.00011798
8073	0.00011798
1715	0.00011786
9382	0.00011777
8541	0.00011774
5472	0.00011771
9440	0.00011771
6493	0.00011770
6813	0.00011768
7430	0.00011763
8955	0.00011762
4563	0.00011761
2339	0.00011759
4826	0.00011758
7614	0.00011755
8167	0.00011755
6580	0.00011750
4813	0.00011744
6946	0.00011742
4715	0.00011741
6892	0.00011739
7708	0.00011738
6401	0.00011730
1988	0.00011727
2785	0.00011723
3270	0.00011722
5531	0.00011702
3321	0.00011701
7166	0.00011701
4927	0.00011698
9793	0.00011692
6530	0.00011688
5642	0.00011682
5324	0.00011675
9925	0.00011673
8071	0.00011670
9300	0.00011666
4722	0.00011663
7496	0.00011660
4317	0.00011659
7979	0.00011649
258	0.00011645
7856	0.00011642
5111	0.00011626
6733	0.00011622
4674	0.00011621
3084	0.00011607
4775	0.00011607
5994	0.00011605
423	0.00011597
4530	0.00011596
1545	0.00011595
5020	0.00011595
9268	0.00011595
1208	0.00011594
2500	0.00011590
8775	0.00011587
7349	0.00011586
9723	0.00011586
1911	0.00011585
7642	0.00011582
8825	0.00011577
3388	0.00011572
9539	0.00011572
1311	0.00011571
4103	0.00011569
3302	0.00011565
8293	0.00011559
4329	0.00011554
5950	0.00011548
6106	0.00011547
4567	0.00011538
7558	0.00011535
757	0.00011532
7273	0.00011524
5110	0.00011522
7610	0.00011522
4499	0.00011512
8029	0.00011509
9774	0.00011494
7197	0.00011493
3762	0.00011486
9011	0.00011483
8016	0.00011479
2848	0.00011477
5038	0.00011475
9170	0.00011474
2589	0.00011465
6491	0.00011462
9390	0.00011461
7093	0.00011459
4765	0.00011456
5577	0.00011455
9210	0.00011455
7445	0.00011454
7142	0.00011451
5731	0.00011450
5715	0.00011445
9991	0.00011442
2658	0.00011441
6944	0.00011438
5748	0.00011436
4444	0.00011435
4924	0.00011432
7177	0.00011415
8881	0.00011413
434	0.00011412
1987	0.00011406
4735	0.00011406
3189	0.00011404
9104	0.00011401
4520	0.00011393
5561	0.00011390
5391	0.00011386
5989	0.00011386
7417	0.00011383
6229	0.00011382
4787	0.00011381
590	0.00011381
5576	0.00011378
8874	0.00011373
8341	0.00011371
9191	0.00011371
7492	0.00011370
3109	0.00011366
7343	0.00011358
5269	0.00011349
4332	0.00011346
4636	0.00011346
6746	0.00011344
1612	0.00011341
2719	0.00011340
9943	0.00011335
9331	0.00011329
3701	0.00011314
6826	0.00011306
1262	0.00011303
9564	0.00011295
9283	0.00011294
7819	0.00011293
5432	0.00011289
1475	0.00011282
5336	0.00011282
1600	0.00011278
8233	0.00011277
8703	0.00011277
3951	0.00011276
7854	0.00011272
3866	0.00011268
6859	0.00011268
4646	0.00011266
7666	0.00011265
6267	0.00011260
999	0.00011260
3695	0.00011259
3184	0.00011255
4442	0.00011253
1641	0.00011243
9314	0.00011243
5392	0.00011241
5213	0.00011238
1959	0.00011233
5663	0.00011223
9021	0.00011223
6142	0.00011219
8223	0.00011207
4408	0.00011205
18	0.00011204
8321	0.00011204
8123	0.00011201
4896	0.00011193
4732	0.00011187
5440	0.00011186
8713	0.00011185
4107	0.00011184
8689	0.00011177
1295	0.00011176
2937	0.00011175
5289	0.00011173
2613	0.00011172
8906	0.00011169
894	0.00011167
4169	0.00011164
4201	0.00011164
8633	0.00011154
9490	0.00011153
4341	0.00011147
8592	0.00011147
4581	0.00011135
9368	0.00011133
6739	0.00011118
9243	0.00011113
5323	0.00011111
7585	0.00011111
3909	0.00011107
5039	0.00011102
7264	0.00011091
1512	0.00011087
7061	0.00011085
5865	0.00011083
7591	0.00011080
6452	0.00011067
1101	0.00011047
4398	0.00011036
9821	0.00011035
8446	0.00011032
3703	0.00011028
6283	0.00011023
1589	0.00011017
7283	0.00011010
7325	0.00011009
5881	0.00011005
6982	0.00010994
5707	0.00010991
9138	0.00010988
4871	0.00010986
2473	0.00010985
9226	0.00010981
6996	0.00010979
4566	0.00010975
8427	0.00010973
4901	0.00010967
6280	0.00010959
5394	0.00010948
9139	0.00010946
2886	0.00010945
5626	0.00010944
7615	0.00010938
5596	0.00010934
1163	0.00010924
1223	0.00010916
6071	0.00010914
8562	0.00010903
9140	0.00010903
3584	0.00010894
1886	0.00010892
6824	0.00010889
6671	0.00010887
6783	0.00010885
5502	0.00010881
4609	0.00010880
7701	0.00010871
8717	0.00010870
2541	0.00010861
6503	0.00010861
4658	0.00010849
7292	0.00010845
7816	0.00010841
1901	0.00010840
6049	0.00010838
3993	0.00010828
7697	0.00010825
7502	0.00010821
7465	0.00010817
6175	0.00010812
2501	0.00010810
7312	0.00010808
9967	0.00010805
7225	0.00010801
686	0.00010796
1143	0.00010794
6437	0.00010783
6266	0.00010780
3981	0.00010779
8070	0.00010775
8556	0.00010774
5733	0.00010761
4837	0.00010751
8428	0.00010742
7851	0.00010737
7210	0.00010732
7297	0.00010731
783	0.00010731
7195	0.00010725
4305	0.00010716
1646	0.00010714
3400	0.00010708
8391	0.00010698
2957	0.00010694
8089	0.00010691
6410	0.00010685
9289	0.00010684
7240	0.00010683
9878	0.00010679
1011	0.00010668
6799	0.00010665
3171	0.00010661
9387	0.00010661
9375	0.00010658
8972	0.00010655
6809	0.00010651
1052	0.00010645
4552	0.00010643
1517	0.00010640
7219	0.00010637
197	0.00010633
9023	0.00010633
444	0.00010631
7920	0.00010628
1975	0.00010626
8539	0.00010625
4123	0.00010620
3936	0.00010613
8547	0.00010603
2329	0.00010602
3196	0.00010601
9151	0.00010600
7534	0.00010595
5888	0.00010589
8480	0.00010587
3732	0.00010581
9198	0.00010580
547	0.00010577
4347	0.00010573
7256	0.00010572
8195	0.00010564
6906	0.00010560
85	0.00010556
4272	0.00010554
6542	0.00010551
6972	0.00010551
9216	0.00010545
3478	0.00010543
1424	0.00010539
6912	0.00010523
9537	0.00010520
6992	0.00010519
8946	0.00010519
4050	0.00010518
8100	0.00010518
9126	0.00010518
2137	0.00010517
9429	0.00010517
8507	0.00010514
5274	0.00010508
5883	0.00010507
5620	0.00010506
7089	0.00010503
7075	0.00010501
5028	0.00010498
8506	0.00010495
959	0.00010492
2582	0.00010491
6684	0.00010488
9515	0.00010486
6033	0.00010485
5404	0.00010484
9649	0.00010477
2718	0.00010473
7319	0.00010473
7640	0.00010470
8961	0.00010467
8737	0.00010461
9090	0.00010456
8095	0.00010453
9708	0.00010453
7540	0.00010452
8517	0.00010452
5759	0.00010449
9397	0.00010449
9215	0.00010444
6634	0.00010442
2142	0.00010440
9702	0.00010440
1425	0.00010439
5664	0.00010435
2287	0.00010425
5203	0.00010419
3697	0.00010417
6882	0.00010413
3052	0.00010410
6999	0.00010404
3157	0.00010400
4497	0.00010399
6532	0.00010397
2248	0.00010396
1196	0.00010392
2114	0.00010391
1283	0.00010387
6574	0.00010386
7031	0.00010380
2908	0.00010378
4215	0.00010378
3073	0.00010377
9499	0.00010371
5032	0.00010369
9103	0.00010368
5180	0.00010367
5972	0.00010362
1336	0.00010361
2332	0.00010361
8409	0.00010360
6490	0.00010356
5184	0.00010353
9380	0.00010349
4386	0.00010345
4573	0.00010345
5882	0.00010344
6900	0.00010344
7396	0.00010340
4156	0.00010338
7438	0.00010338
1684	0.00010331
4946	0.00010330
7711	0.00010323
7537	0.00010321
4587	0.00010315
9067	0.00010315
5665	0.00010312
2923	0.00010310
8366	0.00010310
7367	0.00010309
6678	0.00010304
6571	0.00010302
8648	0.00010291
2494	0.00010289
1976	0.00010288
2103	0.00010288
7626	0.00010286
3798	0.00010285
4929	0.00010285
8068	0.00010285
472	0.00010284
8729	0.00010282
4751	0.00010278
9367	0.00010277
964	0.00010276
971	0.00010268
7271	0.00010265
7448	0.00010261
6793	0.00010259
1854	0.00010255
6607	0.00010254
8279	0.00010254
6582	0.00010249
6615	0.00010249
775	0.00010248
9834	0.00010248
6923	0.00010247
7780	0.00010241
2609	0.00010240
8234	0.00010237
3803	0.00010232
7999	0.00010232
5953	0.00010231
8870	0.00010227
3724	0.00010226
1499	0.00010223
2442	0.00010220
4607	0.00010217
1130	0.00010208
7967	0.00010208
6715	0.00010206
6186	0.00010205
5296	0.00010204
8751	0.00010202
3401	0.00010198
5677	0.00010198
6874	0.00010198
8984	0.00010190
5170	0.00010182
2777	0.00010181
5641	0.00010181
8419	0.00010181
5073	0.00010179
3814	0.00010175
8230	0.00010165
6291	0.00010163
8490	0.00010163
3970	0.00010162
7608	0.00010158
2910	0.00010154
6354	0.00010154
8675	0.00010150
6006	0.00010138
1981	0.00010130
9337	0.00010129
5281	0.00010126
7831	0.00010116
3309	0.00010115
9670	0.00010115
5606	0.00010114
1315	0.00010113
5743	0.00010113
4827	0.00010110
8347	0.00010104
3422	0.00010103
6040	0.00010103
4919	0.00010102
6971	0.00010097
9374	0.00010096
9657	0.00010094
5134	0.00010093
4383	0.00010092
3180	0.00010091
3640	0.00010090
2529	0.00010088
5342	0.00010086
1430	0.00010083
5332	0.00010078
9426	0.00010074
4832	0.00010068
5004	0.00010067
6397	0.00010067
7667	0.00010065
3158	0.00010062
7288	0.00010055
4668	0.00010050
6240	0.00010050
7486	0.00010050
8030	0.00010050
8342	0.00010045
8343	0.00010043
6100	0.00010042
2188	0.00010041
6562	0.00010035
2162	0.00010033
4983	0.00010033
4210	0.00010031
3971	0.00010029
5459	0.00010020
5839	0.00010008
3137	0.00010006
7517	0.00010000
3311	0.00009997
6458	0.00009995
6770	0.00009991
9510	0.00009986
7443	0.00009985
9070	0.00009985
1934	0.00009976
7579	0.00009975
7814	0.00009971
8086	0.00009965
2517	0.00009964
7552	0.00009958
8151	0.00009956
5933	0.00009952
5631	0.00009948
7435	0.00009944
9223	0.00009942
6866	0.00009938
7447	0.00009935
4801	0.00009933
7446	0.00009932
8010	0.00009929
1919	0.00009927
8776	0.00009923
3998	0.00009919
5717	0.00009919
5841	0.00009917
5866	0.00009913
8463	0.00009912
9015	0.00009910
4463	0.00009906
7760	0.00009898
8111	0.00009896
8524	0.00009893
8740	0.00009890
4346	0.00009888
5945	0.00009886
8289	0.00009886
6653	0.00009881
9027	0.00009878
4921	0.00009877
2735	0.00009872
8036	0.00009865
2565	0.00009860
5053	0.00009859
1943	0.00009856
9457	0.00009855
4815	0.00009854
5671	0.00009854
2308	0.00009853
9603	0.00009853
4899	0.00009849
6907	0.00009843
829	0.00009842
5444	0.00009841
2964	0.00009839
3871	0.00009839
8701	0.00009836
5581	0.00009832
8841	0.00009832
6926	0.00009831
1970	0.00009829
8283	0.00009828
8982	0.00009823
6870	0.00009822
4111	0.00009818
7613	0.00009815
9470	0.00009811
6031	0.00009804
9028	0.00009804
2728	0.00009803
8641	0.00009797
6161	0.00009783
8636	0.00009781
6052	0.00009779
7953	0.00009772
7732	0.00009769
187	0.00009767
5799	0.00009766
5805	0.00009763
9773	0.00009760
8251	0.00009755
8615	0.00009755
9004	0.00009750
7989	0.00009748
3708	0.00009747
5595	0.00009747
5629	0.00009733
8669	0.00009731
6228	0.00009728
7471	0.00009723
7997	0.00009723
6785	0.00009716
8141	0.00009708
6596	0.00009703
3795	0.00009700
7729	0.00009698
7817	0.00009694
8304	0.00009694
5224	0.00009691
1823	0.00009689
3314	0.00009689
5758	0.00009687
7249	0.00009686
4737	0.00009683
1912	0.00009680
5388	0.00009673
5553	0.00009670
9233	0.00009664
9098	0.00009663
7074	0.00009660
1964	0.00009658
6638	0.00009658
8698	0.00009658
8217	0.00009656
9055	0.00009639
5781	0.00009637
4839	0.00009636
7985	0.00009632
7462	0.00009628
6121	0.00009627
7049	0.00009627
8351	0.00009625
427	0.00009621
4054	0.00009619
4579	0.00009617
5734	0.00009612
9999	0.00009612
502	0.00009609
3292	0.00009608
7824	0.00009608
1677	0.00009607
7972	0.00009599
4717	0.00009597
7917	0.00009591
8496	0.00009586
9873	0.00009586
7489	0.00009584
2669	0.00009573
6141	0.00009567
5031	0.00009565
567	0.00009563
7826	0.00009559
1610	0.00009550
8239	0.00009550
4528	0.00009545
6646	0.00009544
3350	0.00009543
6400	0.00009542
3398	0.00009538
1493	0.00009536
1619	0.00009524
4617	0.00009524
1676	0.00009523
6026	0.00009517
7076	0.00009515
9493	0.00009514
2973	0.00009509
5363	0.00009506
5461	0.00009506
9933	0.00009498
7699	0.00009497
5496	0.00009494
6434	0.00009492
5167	0.00009490
9764	0.00009486
5429	0.00009483
6172	0.00009480
4811	0.00009473
9641	0.00009472
9432	0.00009464
5633	0.00009459
8252	0.00009459
40	0.00009458
8147	0.00009458
7784	0.00009455
1341	0.00009454
7974	0.00009454
9779	0.00009454
3076	0.00009452
5564	0.00009451
8549	0.00009447
9860	0.00009432
788	0.00009431
8338	0.00009427
6529	0.00009423
452	0.00009420
8032	0.00009419
9595	0.00009414
6841	0.00009411
5602	0.00009410
5562	0.00009409
7054	0.00009409
6948	0.00009396
7793	0.00009395
6332	0.00009394
6450	0.00009393
2783	0.00009389
7046	0.00009385
6736	0.00009380
7090	0.00009371
4396	0.00009368
9768	0.00009368
4327	0.00009364
2196	0.00009363
4794	0.00009363
1253	0.00009361
6609	0.00009361
8314	0.00009360
9307	0.00009358
2035	0.00009348
9471	0.00009346
2985	0.00009333
725	0.00009330
4820	0.00009327
4085	0.00009323
5045	0.00009322
9000	0.00009319
1290	0.00009316
6654	0.00009316
1843	0.00009315
3913	0.00009302
4972	0.00009302
5880	0.00009302
4628	0.00009295
4124	0.00009290
3247	0.00009285
9645	0.00009283
7410	0.00009279
9851	0.00009279
2878	0.00009278
7041	0.00009276
5599	0.00009269
5120	0.00009268
6683	0.00009268
9867	0.00009265
8414	0.00009257
9473	0.00009252
7912	0.00009248
9781	0.00009246
8136	0.00009244
3490	0.00009239
1631	0.00009236
2116	0.00009235
4819	0.00009231
5652	0.00009226
5951	0.00009225
4298	0.00009219
9504	0.00009213
8960	0.00009212
517	0.00009211
1768	0.00009202
5097	0.00009195
4673	0.00009188
4016	0.00009180
5691	0.00009175
8436	0.00009175
6445	0.00009173
9903	0.00009173
6442	0.00009172
5314	0.00009170
1317	0.00009167
5822	0.00009167
9156	0.00009167
3258	0.00009164
9144	0.00009163
4232	0.00009159
7104	0.00009158
7586	0.00009157
8853	0.00009155
9196	0.00009153
2274	0.00009145
3836	0.00009139
4033	0.00009136
5699	0.00009128
7450	0.00009119
8505	0.00009118
2024	0.00009114
3954	0.00009114
4772	0.00009114
8876	0.00009112
6282	0.00009109
1251	0.00009104
4105	0.00009098
1560	0.00009097
3346	0.00009092
5103	0.00009092
697	0.00009092
5790	0.00009078
7121	0.00009078
1866	0.00009073
8741	0.00009069
2389	0.00009064
4774	0.00009061
6215	0.00009052
5914	0.00009049
3659	0.00009044
1513	0.00009042
4804	0.00009041
1137	0.00009040
7472	0.00009040
7508	0.00009036
4151	0.00009035
9748	0.00009029
3145	0.00009028
8578	0.00009028
9344	0.00009024
8546	0.00009020
4662	0.00009018
7609	0.00009018
8899	0.00009015
1796	0.00009012
8554	0.00009009
3562	0.00009005
5598	0.00009005
9132	0.00009003
5486	0.00009001
4686	0.00008998
9277	0.00008998
7109	0.00008995
6342	0.00008993
4631	0.00008989
7328	0.00008988
8693	0.00008987
8811	0.00008976
9073	0.00008972
6046	0.00008968
9480	0.00008965
4179	0.00008963
5921	0.00008962
7715	0.00008959
8023	0.00008956
4038	0.00008954
7604	0.00008951
4125	0.00008945
8094	0.00008943
1730	0.00008933
4414	0.00008922
7440	0.00008921
9908	0.00008920
4778	0.00008918
8926	0.00008917
1407	0.00008898
3389	0.00008897
4939	0.00008889
5086	0.00008886
7309	0.00008878
7191	0.00008877
908	0.00008873
1376	0.00008872
201	0.00008870
4701	0.00008870
6863	0.00008867
2352	0.00008866
3555	0.00008864
5891	0.00008859
8845	0.00008858
8962	0.00008857
3920	0.00008853
9984	0.00008852
2306	0.00008848
4313	0.00008848
3329	0.00008831
5573	0.00008829
3063	0.00008826
3604	0.00008823
9439	0.00008823
5763	0.00008821
7759	0.00008819
3330	0.00008814
9410	0.00008812
1899	0.00008811
8919	0.00008811
2762	0.00008810
2842	0.00008808
5572	0.00008807
8969	0.00008803
8477	0.00008801
4002	0.00008794
7555	0.00008793
9435	0.00008793
1889	0.00008789
2538	0.00008789
7369	0.00008785
3768	0.00008782
4616	0.00008776
6305	0.00008772
4000	0.00008762
2079	0.00008761
2426	0.00008756
5060	0.00008753
7563	0.00008752
3674	0.00008744
1013	0.00008743
6008	0.00008741
2165	0.00008728
7718	0.00008728
3521	0.00008722
7306	0.00008721
7679	0.00008719
8535	0.00008715
9681	0.00008701
969	0.00008700
8371	0.00008696
8113	0.00008693
8511	0.00008691
9756	0.00008691
3629	0.00008690
4935	0.00008688
2361	0.00008686
2369	0.00008685
6927	0.00008684
5062	0.00008682
8245	0.00008680
8860	0.00008677
5258	0.00008675
9315	0.00008674
4209	0.00008673
7022	0.00008669
8812	0.00008669
7101	0.00008666
6852	0.00008665
440	0.00008663
9246	0.00008658
4275	0.00008655
7755	0.00008654
7987	0.00008650
3366	0.00008647
2630	0.00008643
570	0.00008640
6718	0.00008627
8122	0.00008626
2139	0.00008623
8603	0.00008623
4889	0.00008619
3271	0.00008614
732	0.00008614
6472	0.00008607
3908	0.00008606
4092	0.00008597
5036	0.00008594
5220	0.00008591
9561	0.00008591
4914	0.00008589
3395	0.00008586
5287	0.00008581
8418	0.00008580
8722	0.00008580
3238	0.00008578
6581	0.00008574
8214	0.00008571
7995	0.00008567
8707	0.00008565
7414	0.00008562
1077	0.00008559
4492	0.00008556
4500	0.00008554
5791	0.00008549
9131	0.00008544
1647	0.00008543
4480	0.00008543
3191	0.00008542
2344	0.00008533
1323	0.00008532
4006	0.00008530
7274	0.00008530
7957	0.00008528
4888	0.00008521
1519	0.00008519
2280	0.00008519
5692	0.00008519
7058	0.00008517
7119	0.00008517
8586	0.00008517
5872	0.00008510
2670	0.00008507
7232	0.00008506
6478	0.00008493
1480	0.00008485
8421	0.00008483
527	0.00008480
8096	0.00008477
7144	0.00008474
5900	0.00008465
3242	0.00008460
5340	0.00008450
8461	0.00008447
3287	0.00008446
7376	0.00008446
6696	0.00008445
6743	0.00008444
7750	0.00008444
2911	0.00008443
8324	0.00008435
1558	0.00008434
3022	0.00008434
4391	0.00008433
2239	0.00008431
5943	0.00008431
8890	0.00008431
5421	0.00008430
4246	0.00008426
6846	0.00008424
1288	0.00008423
6875	0.00008419
8683	0.00008416
5443	0.00008415
4150	0.00008413
8529	0.00008413
8383	0.00008404
8702	0.00008402
6120	0.00008400
8912	0.00008399
2780	0.00008390
6735	0.00008390
6913	0.00008384
6231	0.00008383
7893	0.00008382
5825	0.00008378
4810	0.00008377
1476	0.00008374
2093	0.00008370
9937	0.00008370
853	0.00008369
9125	0.00008367
1989	0.00008364
3433	0.00008357
1867	0.00008352
5437	0.00008349
8246	0.00008348
2392	0.00008342
4650	0.00008340
5978	0.00008339
7118	0.00008339
3707	0.00008336
8868	0.00008328
6606	0.00008324
9279	0.00008324
5812	0.00008320
1045	0.00008319
273	0.00008318
2221	0.00008317
6144	0.00008316
1079	0.00008315
8390	0.00008314
2131	0.00008313
7301	0.00008309
4857	0.00008308
2953	0.00008307
9654	0.00008306
2439	0.00008305
8660	0.00008299
4780	0.00008296
7523	0.00008294
9715	0.00008287
7023	0.00008284
9263	0.00008283
2786	0.00008282
3480	0.00008278
3736	0.00008277
9495	0.00008276
2056	0.00008269
3898	0.00008269
8007	0.00008269
5992	0.00008268
6388	0.00008261
6034	0.00008256
7426	0.00008254
9726	0.00008254
6181	0.00008252
7860	0.00008252
110	0.00008250
9401	0.00008250
6067	0.00008249
4653	0.00008247
8880	0.00008247
3595	0.00008246
3902	0.00008246
2481	0.00008242
8001	0.00008242
8744	0.00008241
6719	0.00008237
8413	0.00008233
4379	0.00008228
9273	0.00008228
1501	0.00008221
6074	0.00008221
1679	0.00008214
6066	0.00008210
5235	0.00008209
4918	0.00008207
5022	0.00008207
6847	0.00008204
8606	0.00008202
8718	0.00008202
1955	0.00008199
8642	0.00008199
130	0.00008196
8994	0.00008195
46	0.00008194
4634	0.00008191
4409	0.00008186
9861	0.00008185
9810	0.00008182
8548	0.00008181
2579	0.00008180
4591	0.00008176
7627	0.00008176
8571	0.00008167
9731	0.00008166
5810	0.00008164
6962	0.00008163
5965	0.00008162
8834	0.00008162
3174	0.00008159
8037	0.00008144
5035	0.00008142
7832	0.00008137
9920	0.00008137
2902	0.00008136
2756	0.00008132
6701	0.00008126
6467	0.00008125
5451	0.00008121
844	0.00008118
8435	0.00008115
8389	0.00008113
4870	0.00008106
8024	0.00008105
3648	0.00008103
6788	0.00008103
2838	0.00008101
7905	0.00008101
6086	0.00008099
9242	0.00008098
5579	0.00008097
9284	0.00008097
3593	0.00008094
3742	0.00008092
6264	0.00008090
6103	0.00008089
2427	0.00008087
8407	0.00008082
6073	0.00008079
3875	0.00008071
3869	0.00008067
5179	0.00008066
3563	0.00008065
7682	0.00008061
478	0.00008052
5716	0.00008047
7807	0.00008042
8873	0.00008040
7510	0.00008038
185	0.00008033
7185	0.00008027
2989	0.00008026
2147	0.00008025
3156	0.00008025
1259	0.00008018
6937	0.00008018
8570	0.00008016
9989	0.00008016
5554	0.00008009
2402	0.00008007
7362	0.00008003
2513	0.00008002
2547	0.00008000
1847	0.00007998
4484	0.00007998
9755	0.00007997
8412	0.00007994
7050	0.00007992
6877	0.00007991
1624	0.00007990
4773	0.00007989
9550	0.00007989
5712	0.00007987
2594	0.00007984
9154	0.00007984
4119	0.00007983
9257	0.00007983
9743	0.00007981
8099	0.00007980
6741	0.00007967
7823	0.00007966
1465	0.00007964
8274	0.00007959
1096	0.00007950
2831	0.00007950
6439	0.00007946
9946	0.00007946
5233	0.00007945
5726	0.00007945
9172	0.00007945
3838	0.00007944
4242	0.00007944
7890	0.00007944
9163	0.00007942
7796	0.00007940
8704	0.00007940
652	0.00007938
1527	0.00007937
9587	0.00007936
6914	0.00007931
4958	0.00007929
2546	0.00007926
4167	0.00007925
4114	0.00007921
7224	0.00007914
8207	0.00007913
2821	0.00007909
4432	0.00007909
4876	0.00007908
9988	0.00007907
4441	0.00007905
7964	0.00007904
5109	0.00007903
9281	0.00007903
5870	0.00007902
8859	0.00007901
5493	0.00007900
7353	0.00007900
4777	0.00007896
9124	0.00007892
9735	0.00007886
8643	0.00007885
8959	0.00007883
9357	0.00007883
1211	0.00007882
8249	0.00007877
194	0.00007874
2281	0.00007871
5312	0.00007870
5318	0.00007869
897	0.00007867
2466	0.00007866
6647	0.00007866
2492	0.00007863
5997	0.00007860
3061	0.00007859
1526	0.00007858
5096	0.00007851
5962	0.00007851
9323	0.00007846
464	0.00007841
6233	0.00007838
3125	0.00007837
5153	0.00007835
6561	0.00007829
3772	0.00007825
726	0.00007822
1029	0.00007820
507	0.00007815
5724	0.00007815
6054	0.00007814
3251	0.00007809
8447	0.00007808
6891	0.00007805
9803	0.00007803
9398	0.00007801
6069	0.00007796
1826	0.00007789
6081	0.00007789
5610	0.00007788
5248	0.00007781
4540	0.00007775
4249	0.00007771
5313	0.00007767
5974	0.00007763
4216	0.00007762
9563	0.00007752
6347	0.00007751
1127	0.00007747
8188	0.00007740
9639	0.00007734
7991	0.00007733
8932	0.00007725
2524	0.00007724
6949	0.00007724
7139	0.00007724
854	0.00007721
2126	0.00007720
6158	0.00007718
7559	0.00007716
1496	0.00007709
6709	0.00007708
7326	0.00007707
1257	0.00007704
9597	0.00007698
8298	0.00007696
5555	0.00007690
9245	0.00007690
6780	0.00007689
7785	0.00007685
8806	0.00007685
6024	0.00007683
9311	0.00007682
1387	0.00007681
4450	0.00007681
2447	0.00007680
6488	0.00007679
2519	0.00007678
8146	0.00007678
711	0.00007669
1081	0.00007665
5505	0.00007662
9818	0.00007661
9275	0.00007660
8543	0.00007659
8309	0.00007657
8316	0.00007655
2740	0.00007653
9130	0.00007648
5575	0.00007647
8454	0.00007647
8966	0.00007646
510	0.00007643
8634	0.00007641
7459	0.00007639
2545	0.00007638
3924	0.00007634
4426	0.00007633
2421	0.00007632
4321	0.00007626
6153	0.00007624
5457	0.00007622
5718	0.00007619
2321	0.00007614
4739	0.00007610
8360	0.00007610
9452	0.00007610
6930	0.00007609
2282	0.00007607
7836	0.00007607
8583	0.00007607
9529	0.00007607
5619	0.00007602
224	0.00007600
6734	0.00007596
9303	0.00007595
2568	0.00007593
857	0.00007592
158	0.00007590
635	0.00007590
7500	0.00007590
5303	0.00007588
8787	0.00007581
7589	0.00007579
810	0.00007579
8649	0.00007577
2370	0.00007576
8026	0.00007575
3549	0.00007572
5751	0.00007569
4380	0.00007568
6804	0.00007561
9822	0.00007561
3300	0.00007555
2346	0.00007552
1735	0.00007549
1625	0.00007545
1489	0.00007539
7310	0.00007535
833	0.00007532
6242	0.00007527
3502	0.00007525
2458	0.00007517
9114	0.00007514
4847	0.00007513
3823	0.00007512
3652	0.00007510
9718	0.00007504
9973	0.00007504
6941	0.00007501
9274	0.00007501
2185	0.00007495
8424	0.00007491
9630	0.00007491
9221	0.00007485
7556	0.00007484
3256	0.00007477
8350	0.00007474
2584	0.00007473
724	0.00007469
1958	0.00007467
7161	0.00007465
8179	0.00007462
7815	0.00007460
500	0.00007457
6773	0.00007456
7421	0.00007455
6475	0.00007454
5455	0.00007452
5229	0.00007450
8728	0.00007449
4883	0.00007448
7030	0.00007447
2946	0.00007445
5237	0.00007445
449	0.00007439
4134	0.00007438
5687	0.00007438
2745	0.00007430
6334	0.00007427
2830	0.00007425
9455	0.00007425
4203	0.00007424
6729	0.00007420
3602	0.00007413
4864	0.00007410
8356	0.00007409
6707	0.00007408
7276	0.00007401
9019	0.00007398
5792	0.00007397
5129	0.00007393
6483	0.00007393
7833	0.00007393
6322	0.00007391
6711	0.00007391
975	0.00007391
1548	0.00007390
4465	0.00007390
8680	0.00007384
1998	0.00007382
5909	0.00007365
7925	0.00007365
2172	0.00007364
2351	0.00007362
5476	0.00007359
8349	0.00007359
9485	0.00007358
3075	0.00007357
3906	0.00007355
9486	0.00007355
2845	0.00007354
8339	0.00007352
1894	0.00007351
3892	0.00007350
9531	0.00007349
2151	0.00007347
4116	0.00007335
1134	0.00007333
1233	0.00007333
9393	0.00007332
2288	0.00007325
5019	0.00007324
6672	0.00007324
9031	0.00007324
6865	0.00007323
9993	0.00007317
2747	0.00007316
8154	0.00007316
8782	0.00007316
4136	0.00007315
8720	0.00007315
9171	0.00007312
7481	0.00007310
2947	0.00007304
4632	0.00007304
5343	0.00007302
6203	0.00007302
1786	0.00007300
5498	0.00007297
6335	0.00007297
8258	0.00007297
5017	0.00007296
5651	0.00007296
9736	0.00007294
5986	0.00007292
2873	0.00007285
8778	0.00007283
5697	0.00007280
9508	0.00007278
7717	0.00007272
7456	0.00007269
8364	0.00007269
2858	0.00007268
3777	0.00007267
1228	0.00007266
9691	0.00007265
7705	0.00007260
8033	0.00007260
5917	0.00007258
1402	0.00007257
7227	0.00007255
4308	0.00007253
8313	0.00007250
7013	0.00007249
4816	0.00007247
8893	0.00007245
4892	0.00007244
5896	0.00007238
4292	0.00007237
4582	0.00007236
2866	0.00007235
6919	0.00007232
4141	0.00007231
5245	0.00007229
8745	0.00007221
5463	0.00007217
6050	0.00007217
7906	0.00007213
687	0.00007211
5311	0.00007209
8404	0.00007209
8153	0.00007208
5426	0.00007207
2521	0.00007200
5441	0.00007199
6505	0.00007199
9640	0.00007198
2803	0.00007196
2898	0.00007194
7602	0.00007190
3833	0.00007189
8264	0.00007183
4675	0.00007180
6903	0.00007175
6752	0.00007173
9934	0.00007170
7394	0.00007167
4676	0.00007166
5728	0.00007166
7453	0.00007165
9945	0.00007165
8968	0.00007163
1150	0.00007156
9259	0.00007155
9816	0.00007153
9666	0.00007151
9757	0.00007151
5681	0.00007149
5772	0.00007149
7004	0.00007147
1654	0.00007146
3737	0.00007145
4024	0.00007143
7902	0.00007143
9168	0.00007131
349	0.00007130
4448	0.00007128
9572	0.00007126
9301	0.00007122
6218	0.00007121
8485	0.00007118
1669	0.00007114
8826	0.00007113
3669	0.00007109
5695	0.00007108
7747	0.00007107
5450	0.00007104
4709	0.00007102
1217	0.00007097
7463	0.00007096
2413	0.00007095
7655	0.00007095
4539	0.00007093
8979	0.00007087
5350	0.00007086
6689	0.00007085
8854	0.00007085
7322	0.00007079
4920	0.00007078
3456	0.00007072
9107	0.00007072
5706	0.00007071
5797	0.00007071
4291	0.00007070
5453	0.00007068
8587	0.00007068
5968	0.00007067
1592	0.00007066
4905	0.00007065
6253	0.00007064
9959	0.00007063
6325	0.00007060
4446	0.00007059
1529	0.00007052
8000	0.00007052
7136	0.00007044
7901	0.00007037
4251	0.00007036
7259	0.00007028
7351	0.00007024
6007	0.00007023
7845	0.00007023
9264	0.00007022
681	0.00007020
6960	0.00007019
1770	0.00007018
3175	0.00007018
2420	0.00007016
9823	0.00007015
5508	0.00007013
2063	0.00007012
1608	0.00007010
4361	0.00006998
9542	0.00006997
7518	0.00006995
6664	0.00006990
5288	0.00006989
6300	0.00006989
7576	0.00006987
1695	0.00006985
1180	0.00006984
4183	0.00006983
1482	0.00006982
1785	0.00006979
7637	0.00006978
4897	0.00006976
4893	0.00006975
4481	0.00006974
4594	0.00006974
5023	0.00006974
5957	0.00006972
3288	0.00006969
5637	0.00006965
3089	0.00006961
8272	0.00006960
8430	0.00006959
1752	0.00006958
7629	0.00006958
3483	0.00006951
3322	0.00006948
9035	0.00006948
3696	0.00006947
4437	0.00006942
2029	0.00006941
7937	0.00006938
6772	0.00006932
7047	0.00006931
9001	0.00006930
8237	0.00006928
5740	0.00006926
5013	0.00006924
8947	0.00006923
9979	0.00006920
3128	0.00006915
6888	0.00006908
3711	0.00006906
2588	0.00006905
3821	0.00006895
1523	0.00006889
1118	0.00006888
1761	0.00006888
9386	0.00006887
3561	0.00006886
2860	0.00006884
3543	0.00006882
4451	0.00006882
8846	0.00006882
5568	0.00006879
2758	0.00006878
5335	0.00006876
370	0.00006870
7162	0.00006870
9231	0.00006870
4064	0.00006868
7025	0.00006866
672	0.00006863
7757	0.00006861
9408	0.00006856
2342	0.00006855
7825	0.00006851
7233	0.00006848
9249	0.00006848
2876	0.00006846
8936	0.00006843
9859	0.00006840
1739	0.00006839
4381	0.00006839
7138	0.00006836
9905	0.00006835
3754	0.00006834
7336	0.00006834
9381	0.00006833
8872	0.00006831
645	0.00006828
6281	0.00006826
7509	0.00006826
3896	0.00006825
6845	0.00006825
6618	0.00006822
1903	0.00006819
1445	0.00006818
1573	0.00006813
5475	0.00006811
8575	0.00006808
8268	0.00006804
9882	0.00006804
4629	0.00006800
8619	0.00006798
901	0.00006797
2259	0.00006794
7398	0.00006794
6310	0.00006792
3789	0.00006791
9093	0.00006791
3806	0.00006789
4304	0.00006788
5863	0.00006780
7415	0.00006779
2159	0.00006776
1343	0.00006775
3910	0.00006775
9530	0.00006775
4590	0.00006773
7867	0.00006773
8143	0.00006771
9466	0.00006765
3441	0.00006764
674	0.00006763
7157	0.00006763
5112	0.00006754
6177	0.00006754
7439	0.00006751
1353	0.00006749
6289	0.00006749
6497	0.00006749
6893	0.00006749
8422	0.00006749
7526	0.00006745
2098	0.00006743
5557	0.00006743
2096	0.00006741
3857	0.00006740
7827	0.00006739
7881	0.00006738
6690	0.00006737
6399	0.00006727
7928	0.00006726
6686	0.00006725
2951	0.00006723
4316	0.00006722
917	0.00006721
5061	0.00006720
7112	0.00006718
7736	0.00006718
9633	0.00006718
2535	0.00006717
5413	0.00006717
1878	0.00006716
7756	0.00006714
8210	0.00006714
8466	0.00006713
8706	0.00006710
8119	0.00006706
3649	0.00006704
8536	0.00006704
3387	0.00006703
5621	0.00006700
8015	0.00006697
750	0.00006694
4931	0.00006693
2249	0.00006691
9434	0.00006691
4678	0.00006689
9689	0.00006684
5709	0.00006682
5694	0.00006678
9269	0.00006675
5539	0.00006672
7340	0.00006664
272	0.00006661
860	0.00006661
5468	0.00006660
6535	0.00006660
3376	0.00006657
6389	0.00006656
5018	0.00006653
9899	0.00006651
5255	0.00006647
7850	0.00006646
2002	0.00006644
4603	0.00006640
4069	0.00006639
3533	0.00006637
6705	0.00006636
7379	0.00006634
4472	0.00006630
8577	0.00006630
2599	0.00006629
3037	0.00006623
7192	0.00006623
7493	0.00006623
5591	0.00006618
8739	0.00006614
9232	0.00006614
2840	0.00006612
7616	0.00006609
7942	0.00006605
5447	0.00006602
1827	0.00006600
5403	0.00006600
8816	0.00006597
9295	0.00006595
5569	0.00006593
462	0.00006592
8632	0.00006590
5466	0.00006589
6635	0.00006587
3404	0.00006586
8726	0.00006586
2498	0.00006585
5653	0.00006582
4011	0.00006575
3794	0.00006570
2228	0.00006567
2979	0.00006567
8894	0.00006567
9900	0.00006565
6193	0.00006559
1640	0.00006556
1389	0.00006552
9282	0.00006550
6411	0.00006548
6359	0.00006542
2893	0.00006540
5995	0.00006537
6665	0.00006537
2183	0.00006536
8334	0.00006536
4981	0.00006533
1745	0.00006530
3644	0.00006530
5428	0.00006527
6104	0.00006521
8495	0.00006520
9095	0.00006520
6637	0.00006519
1411	0.00006517
3605	0.00006509
6515	0.00006509
8431	0.00006509
6328	0.00006504
3588	0.00006501
9178	0.00006496
8631	0.00006490
9195	0.00006488
9795	0.00006482
8679	0.00006479
8306	0.00006478
1965	0.00006477
2950	0.00006476
4942	0.00006470
8374	0.00006470
4189	0.00006469
5544	0.00006467
8168	0.00006467
525	0.00006463
1063	0.00006461
4529	0.00006461
8534	0.00006460
9982	0.00006460
5219	0.00006458
1559	0.00006457
1840	0.00006457
7059	0.00006457
1644	0.00006454
3397	0.00006452
4688	0.00006452
1044	0.00006451
9622	0.00006451
8942	0.00006446
5689	0.00006443
5583	0.00006442
4076	0.00006441
5701	0.00006440
6230	0.00006440
2536	0.00006439
9142	0.00006438
6761	0.00006433
1234	0.00006428
7955	0.00006428
274	0.00006427
4494	0.00006424
6387	0.00006424
7862	0.00006422
6352	0.00006421
6585	0.00006421
862	0.00006421
9651	0.00006419
8889	0.00006416
9241	0.00006415
1460	0.00006412
3461	0.00006412
1877	0.00006411
9094	0.00006409
4569	0.00006406
2095	0.00006405
7771	0.00006400
6474	0.00006398
8911	0.00006398
9177	0.00006395
391	0.00006392
9352	0.00006390
9465	0.00006385
5070	0.00006381
4057	0.00006380
7485	0.00006379
3575	0.00006373
6237	0.00006370
8789	0.00006369
5696	0.00006368
5154	0.00006367
7774	0.00006367
8420	0.00006366
3240	0.00006359
5165	0.00006359
1931	0.00006356
4373	0.00006356
6076	0.00006356
8965	0.00006356
3367	0.00006355
9683	0.00006353
3615	0.00006352
1264	0.00006351
4283	0.00006351
8662	0.00006350
6599	0.00006349
1659	0.00006348
9815	0.00006348
2615	0.00006343
4571	0.00006343
1075	0.00006342
8807	0.00006339
1210	0.00006334
2829	0.00006333
9978	0.00006332
282	0.00006331
8705	0.00006330
2088	0.00006329
2354	0.00006326
3439	0.00006325
6755	0.00006324
6698	0.00006323
7003	0.00006322
6201	0.00006321
7977	0.00006320
7777	0.00006313
1035	0.00006312
3403	0.00006312
9559	0.00006309
7516	0.00006307
1895	0.00006304
8829	0.00006301
3360	0.00006300
4086	0.00006299
4013	0.00006298
8355	0.00006298
7505	0.00006297
8174	0.00006296
9503	0.00006296
9385	0.00006294
2310	0.00006292
8949	0.00006291
1657	0.00006289
8472	0.00006285
2863	0.00006283
5011	0.00006283
8503	0.00006279
6931	0.00006278
5485	0.00006277
6557	0.00006273
5452	0.00006268
9794	0.00006268
3138	0.00006266
3203	0.00006264
2033	0.00006261
9333	0.00006259
6096	0.00006253
2395	0.00006247
9022	0.00006246
6163	0.00006245
5150	0.00006242
4089	0.00006239
417	0.00006238
5334	0.00006232
8202	0.00006232
4848	0.00006231
6112	0.00006231
9348	0.00006227
4376	0.00006224
6216	0.00006222
6961	0.00006222
6925	0.00006220
9097	0.00006218
9591	0.00006217
8748	0.00006214
7975	0.00006213
6272	0.00006207
7944	0.00006204
3055	0.00006198
8038	0.00006197
3677	0.00006194
3656	0.00006189
7208	0.00006188
7388	0.00006187
2005	0.00006186
9141	0.00006185
5934	0.00006181
8671	0.00006179
6011	0.00006177
6138	0.00006177
2682	0.00006175
6537	0.00006175
9594	0.00006175
9407	0.00006174
4003	0.00006172
7723	0.00006170
5874	0.00006168
2187	0.00006165
3594	0.00006165
4476	0.00006165
8918	0.00006165
2042	0.00006164
3004	0.00006160
9416	0.00006160
5138	0.00006159
2050	0.00006158
7348	0.00006157
9392	0.00006157
4330	0.00006155
7497	0.00006150
2813	0.00006149
6808	0.00006139
3751	0.00006136
7498	0.00006136
2195	0.00006135
149	0.00006134
6624	0.00006131
2157	0.00006126
3295	0.00006125
998	0.00006125
3945	0.00006121
1438	0.00006119
3348	0.00006117
496	0.00006117
5732	0.00006116
9247	0.00006115
3460	0.00006114
4793	0.00006106
3889	0.00006103
4258	0.00006103
5460	0.00006101
8429	0.00006097
6059	0.00006096
8758	0.00006096
6348	0.00006092
9720	0.00006090
6657	0.00006089
9133	0.00006088
424	0.00006086
5910	0.00006086
8993	0.00006084
4428	0.00006081
7549	0.00006078
9596	0.00006077
7547	0.00006075
4284	0.00006074
4421	0.00006074
1503	0.00006073
8325	0.00006069
3264	0.00006058
6319	0.00006052
1122	0.00006050
3848	0.00006050
8287	0.00006049
4950	0.00006048
5479	0.00006046
7918	0.00006046
3244	0.00006045
9902	0.00006044
8604	0.00006042
4657	0.00006041
4696	0.00006041
7688	0.00006038
1036	0.00006036
6048	0.00006035
1663	0.00006032
6391	0.00006032
7524	0.00006030
4652	0.00006020
8760	0.00006020
7327	0.00006019
5850	0.00006018
6795	0.00006013
5835	0.00006008
879	0.00005995
3960	0.00005987
4672	0.00005987
6043	0.00005985
8665	0.00005981
8014	0.00005980
9802	0.00005976
3304	0.00005975
8888	0.00005974
6759	0.00005971
8730	0.00005970
56	0.00005967
3943	0.00005961
4776	0.00005957
5800	0.00005957
3919	0.00005951
2955	0.00005950
8426	0.00005950
9604	0.00005949
960	0.00005944
1884	0.00005942
151	0.00005937
3824	0.00005937
1275	0.00005936
4108	0.00005936
5261	0.00005935
9145	0.00005934
3101	0.00005931
3897	0.00005931
5406	0.00005930
8599	0.00005929
5818	0.00005926
5636	0.00005919
3312	0.00005918
5923	0.00005914
7189	0.00005913
3334	0.00005912
6800	0.00005912
5877	0.00005909
7730	0.00005907
1586	0.00005899
8757	0.00005899
23	0.00005898
2531	0.00005897
4951	0.00005897
3201	0.00005894
3406	0.00005892
2044	0.00005890
9158	0.00005887
2990	0.00005885
8821	0.00005880
5783	0.00005879
5757	0.00005878
1887	0.00005877
1930	0.00005877
8273	0.00005869
3331	0.00005868
6854	0.00005865
9843	0.00005862
7434	0.00005859
8415	0.00005858
2525	0.00005857
2675	0.00005857
6036	0.00005857
5410	0.00005855
7158	0.00005855
8319	0.00005854
685	0.00005853
6424	0.00005852
6507	0.00005850
9574	0.00005849
6659	0.00005848
9025	0.00005848
8194	0.00005847
6460	0.00005846
1312	0.00005845
8353	0.00005842
3635	0.00005838
8492	0.00005837
2924	0.00005836
3078	0.00005836
2097	0.00005834
7887	0.00005834
1804	0.00005833
8927	0.00005833
5982	0.00005832
1789	0.00005828
5942	0.00005828
1033	0.00005827
9229	0.00005826
9546	0.00005826
9584	0.00005825
3027	0.00005823
8139	0.00005823
3122	0.00005822
6617	0.00005821
7712	0.00005818
8755	0.00005817
5040	0.00005816
8102	0.00005812
2925	0.00005809
7676	0.00005809
9799	0.00005809
872	0.00005808
873	0.00005808
866	0.00005801
5292	0.00005800
626	0.00005797
8523	0.00005797
6603	0.00005791
7406	0.00005790
3296	0.00005789
5845	0.00005789
3278	0.00005788
7769	0.00005786
2265	0.00005785
7521	0.00005784
945	0.00005784
3608	0.00005780
4547	0.00005776
2001	0.00005773
1892	0.00005770
2170	0.00005768
5537	0.00005768
8685	0.00005768
3845	0.00005765
9985	0.00005765
5092	0.00005764
5559	0.00005763
7581	0.00005763
7338	0.00005762
4194	0.00005761
2810	0.00005753
3856	0.00005753
9983	0.00005753
3837	0.00005752
7813	0.00005749
8941	0.00005748
7596	0.00005745
3303	0.00005744
1736	0.00005735
4597	0.00005734
8191	0.00005734
1773	0.00005733
4881	0.00005731
3178	0.00005730
3230	0.00005730
1197	0.00005729
2506	0.00005728
7829	0.00005727
7932	0.00005726
8833	0.00005726
6010	0.00005721
8557	0.00005713
9105	0.00005709
4377	0.00005708
6594	0.00005708
3104	0.00005706
8208	0.00005705
9069	0.00005704
2435	0.00005702
3761	0.00005700
4867	0.00005700
9712	0.00005693
782	0.00005691
6470	0.00005690
9052	0.00005689
754	0.00005688
7320	0.00005685
7284	0.00005684
6209	0.00005683
4934	0.00005679
5204	0.00005679
8373	0.00005679
9161	0.00005679
9565	0.00005678
6988	0.00005674
6255	0.00005669
1200	0.00005665
9868	0.00005664
2751	0.00005663
8569	0.00005663
7952	0.00005662
8405	0.00005661
5125	0.00005656
5656	0.00005655
8378	0.00005655
1792	0.00005653
5547	0.00005653
6440	0.00005653
6381	0.00005652
4244	0.00005651
8106	0.00005651
3399	0.00005647
7295	0.00005647
117	0.00005645
4172	0.00005642
6082	0.00005640
6777	0.00005633
2303	0.00005632
6851	0.00005632
1940	0.00005631
7716	0.00005630
8857	0.00005626
621	0.00005625
7263	0.00005622
6485	0.00005620
9213	0.00005620
5307	0.00005618
8352	0.00005616
9319	0.00005616
4078	0.00005609
8184	0.00005605
2275	0.00005604
5760	0.00005604
804	0.00005604
8923	0.00005602
7853	0.00005600
2921	0.00005599
634	0.00005599
8278	0.00005594
9036	0.00005593
4538	0.00005591
7778	0.00005587
4052	0.00005586
4906	0.00005585
8970	0.00005584
6200	0.00005583
7202	0.00005583
832	0.00005583
2880	0.00005578
5723	0.00005578
7001	0.00005577
2456	0.00005574
541	0.00005574
5333	0.00005573
5002	0.00005571
1381	0.00005569
9378	0.00005564
4716	0.00005562
7761	0.00005561
1776	0.00005560
5806	0.00005559
762	0.00005555
9479	0.00005554
2407	0.00005553
470	0.00005553
9041	0.00005553
4584	0.00005552
1247	0.00005551
6980	0.00005550
4790	0.00005548
6964	0.00005547
1244	0.00005546
1986	0.00005545
1536	0.00005543
934	0.00005542
6365	0.00005540
1705	0.00005538
4748	0.00005537
5477	0.00005535
3449	0.00005532
9538	0.00005530
2522	0.00005525
7431	0.00005524
8766	0.00005524
3862	0.00005520
9742	0.00005520
5749	0.00005519
8182	0.00005518
640	0.00005514
7258	0.00005514
1788	0.00005510
2365	0.00005509
5113	0.00005508
5121	0.00005508
2037	0.00005507
2754	0.00005507
3933	0.00005507
5175	0.00005507
3758	0.00005506
3745	0.00005504
4028	0.00005504
8710	0.00005503
9074	0.00005501
2634	0.00005498
7673	0.00005493
5908	0.00005492
7115	0.00005490
7382	0.00005489
3152	0.00005488
8449	0.00005486
207	0.00005484
7877	0.00005484
4954	0.00005479
4267	0.00005478
7653	0.00005476
6118	0.00005473
4422	0.00005472
2533	0.00005462
9483	0.00005462
3859	0.00005460
9071	0.00005459
5552	0.00005457
6063	0.00005456
4785	0.00005455
9492	0.00005453
9787	0.00005453
4126	0.00005452
4256	0.00005450
6762	0.00005445
3961	0.00005444
9634	0.00005443
6383	0.00005438
6774	0.00005437
6309	0.00005434
4309	0.00005432
7347	0.00005430
9318	0.00005429
9961	0.00005428
1643	0.00005425
4615	0.00005425
3927	0.00005424
9676	0.00005423
2864	0.00005422
1544	0.00005421
4154	0.00005420
7900	0.00005420
7123	0.00005414
2008	0.00005412
3690	0.00005412
6421	0.00005412
9048	0.00005410
6436	0.00005409
8767	0.00005409
3566	0.00005404
6418	0.00005403
8797	0.00005403
8063	0.00005401
7402	0.00005399
7802	0.00005399
2574	0.00005398
7097	0.00005398
9026	0.00005395
341	0.00005394
6101	0.00005394
7689	0.00005393
5442	0.00005383
3511	0.00005381
9186	0.00005378
2326	0.00005376
3100	0.00005375
5970	0.00005375
8661	0.00005375
6872	0.00005374
3283	0.00005373
3209	0.00005372
1138	0.00005371
3679	0.00005371
8940	0.00005370
4027	0.00005368
958	0.00005368
6716	0.00005366
9674	0.00005366
3469	0.00005365
534	0.00005365
2646	0.00005362
5925	0.00005362
728	0.00005361
3225	0.00005360
7009	0.00005359
8883	0.00005359
8521	0.00005357
5351	0.00005356
5506	0.00005353
9526	0.00005348
6346	0.00005339
710	0.00005339
4279	0.00005338
7337	0.00005337
7656	0.00005336
5033	0.00005335
8646	0.00005335
2133	0.00005334
996	0.00005334
6844	0.00005333
7864	0.00005333
4093	0.00005330
647	0.00005330
3774	0.00005326
3784	0.00005326
3969	0.00005325
8457	0.00005323
6924	0.00005321
4051	0.00005320
7494	0.00005320
1453	0.00005319
6622	0.00005319
9160	0.00005319
6	0.00005316
9310	0.00005315
2409	0.00005314
5107	0.00005308
987	0.00005307
1246	0.00005306
4872	0.00005305
90	0.00005305
6766	0.00005303
9316	0.00005302
814	0.00005301
8611	0.00005301
5489	0.00005299
7582	0.00005295
8103	0.00005295
3612	0.00005294
6294	0.00005294
5010	0.00005293
6299	0.00005292
8387	0.00005292
9162	0.00005292
1849	0.00005291
9858	0.00005287
7366	0.00005285
7565	0.00005280
3033	0.00005279
5705	0.00005277
9135	0.00005277
5768	0.00005275
4334	0.00005273
6559	0.00005273
4627	0.00005272
8742	0.00005271
8784	0.00005271
3181	0.00005270
3544	0.00005270
3426	0.00005269
8558	0.00005268
7873	0.00005267
5762	0.00005265
3498	0.00005264
2948	0.00005262
9575	0.00005256
4932	0.00005252
3714	0.00005251
8140	0.00005251
7016	0.00005249
7641	0.00005248
2820	0.00005247
9332	0.00005246
3026	0.00005245
8132	0.00005239
673	0.00005238
2475	0.00005237
7203	0.00005236
9371	0.00005235
1232	0.00005231
2984	0.00005230
856	0.00005229
3932	0.00005228
8963	0.00005228
4410	0.00005224
6534	0.00005224
5623	0.00005222
8809	0.00005222
9304	0.00005221
8253	0.00005216
4163	0.00005215
4148	0.00005214
4521	0.00005210
7536	0.00005210
9567	0.00005210
3733	0.00005209
4097	0.00005208
8003	0.00005205
8652	0.00005204
3035	0.00005202
7621	0.00005202
4186	0.00005201
7304	0.00005201
554	0.00005200
7573	0.00005200
8403	0.00005198
5907	0.00005197
5678	0.00005196
6915	0.00005196
4509	0.00005195
4969	0.00005195
5491	0.00005195
4143	0.00005194
5378	0.00005193
8803	0.00005192
5864	0.00005190
8814	0.00005187
8935	0.00005184
3704	0.00005183
3546	0.00005181
7931	0.00005181
5402	0.00005178
982	0.00005178
5302	0.00005176
7876	0.00005176
5821	0.00005175
2286	0.00005173
8081	0.00005173
1098	0.00005170
8085	0.00005167
6952	0.00005164
4405	0.00005163
5490	0.00005158
6966	0.00005158
9341	0.00005158
7922	0.00005157
3162	0.00005153
3503	0.00005152
4132	0.00005151
4350	0.00005150
6446	0.00005149
9877	0.00005148
579	0.00005146
9362	0.00005146
3082	0.00005144
5367	0.00005144
6508	0.00005143
807	0.00005138
9955	0.00005137
9909	0.00005134
5936	0.00005133
888	0.00005133
5981	0.00005132
6027	0.00005124
1604	0.00005123
5480	0.00005123
9197	0.00005121
9050	0.00005116
2857	0.00005109
9467	0.00005109
3223	0.00005106
4537	0.00005106
6373	0.00005106
3353	0.00005105
8608	0.00005104
3749	0.00005103
3825	0.00005103
6710	0.00005101
7017	0.00005100
7130	0.00005100
6164	0.00005099
8545	0.00005099
7395	0.00005096
9505	0.00005096
5517	0.00005094
7740	0.00005093
6722	0.00005092
7033	0.00005092
4546	0.00005091
8654	0.00005091
949	0.00005089
4917	0.00005085
5876	0.00005085
7765	0.00005085
9327	0.00005085
6873	0.00005084
7804	0.00005084
2782	0.00005082
6207	0.00005078
9942	0.00005077
1084	0.00005076
7968	0.00005076
1313	0.00005074
6119	0.00005070
1656	0.00005068
6673	0.00005068
6304	0.00005065
7663	0.00005065
6178	0.00005063
5853	0.00005059
3840	0.00005058
6405	0.00005057
6528	0.00005057
3779	0.00005053
2686	0.00005052
5785	0.00005051
5648	0.00005050
3983	0.00005048
5983	0.00005048
6265	0.00005046
6771	0.00005045
8326	0.00005044
4796	0.00005043
9491	0.00005043
3580	0.00005042
4640	0.00005042
2153	0.00005038
1193	0.00005036
4764	0.00005033
2412	0.00005027
7455	0.00005026
6833	0.00005025
6125	0.00005024
7108	0.00005021
2943	0.00005015
3832	0.00005015
5787	0.00005015
749	0.00005013
7799	0.00005010
6747	0.00005009
4122	0.00005008
5857	0.00005008
6244	0.00005008
4221	0.00005007
5755	0.00005007
1392	0.00005005
3867	0.00005005
2637	0.00005004
8597	0.00005004
9235	0.00005004
2129	0.00004999
5778	0.00004999
5722	0.00004997
6256	0.00004995
9855	0.00004994
559	0.00004992
4387	0.00004991
4390	0.00004991
2041	0.00004988
9535	0.00004987
3729	0.00004986
6296	0.00004985
5538	0.00004984
2120	0.00004981
5510	0.00004981
5949	0.00004980
7978	0.00004978
7839	0.00004977
6285	0.00004973
3527	0.00004972
6991	0.00004968
4992	0.00004967
4504	0.00004963
7724	0.00004962
1882	0.00004961
1904	0.00004961
2201	0.00004958
4886	0.00004958
6068	0.00004957
8801	0.00004956
4770	0.00004955
9525	0.00004951
2779	0.00004950
8637	0.00004950
8240	0.00004948
1790	0.00004947
2766	0.00004943
3931	0.00004943
5185	0.00004939
2483	0.00004938
5852	0.00004938
9599	0.00004936
4457	0.00004935
3464	0.00004934
9628	0.00004934
4467	0.00004933
1406	0.00004930
8502	0.00004927
4912	0.00004926
9938	0.00004924
4454	0.00004922
8055	0.00004921
3881	0.00004919
4164	0.00004919
3019	0.00004918
5855	0.00004918
7875	0.00004916
5516	0.00004911
6660	0.00004910
3941	0.00004906
7107	0.00004906
3950	0.00004905
2243	0.00004900
9253	0.00004900
5163	0.00004898
58	0.00004897
3819	0.00004895
4404	0.00004894
8458	0.00004893
5875	0.00004892
6402	0.00004892
8097	0.00004888
6451	0.00004887
8259	0.00004887
2424	0.00004882
7525	0.00004882
3569	0.00004881
1314	0.00004880
5206	0.00004880
6616	0.00004880
8981	0.00004879
3692	0.00004877
6111	0.00004877
993	0.00004876
7254	0.00004874
7921	0.00004873
1107	0.00004872
231	0.00004870
2935	0.00004870
6589	0.00004869
6920	0.00004868
3939	0.00004864
3365	0.00004863
3408	0.00004863
3855	0.00004861
6298	0.00004858
2462	0.00004857
3163	0.00004854
4994	0.00004854
9996	0.00004848
2419	0.00004847
5643	0.00004847
5902	0.00004842
5084	0.00004841
5885	0.00004841
702	0.00004841
2182	0.00004838
4452	0.00004837
8550	0.00004836
5473	0.00004835
4181	0.00004832
4562	0.00004832
5270	0.00004832
9427	0.00004832
9753	0.00004832
9286	0.00004831
8714	0.00004826
2325	0.00004825
2591	0.00004823
2892	0.00004823
7580	0.00004823
6556	0.00004822
4176	0.00004819
4159	0.00004813
5454	0.00004813
9294	0.00004812
3743	0.00004811
1588	0.00004810
3611	0.00004810
2684	0.00004809
7681	0.00004809
7378	0.00004807
2561	0.00004801
9534	0.00004798
8862	0.00004797
9322	0.00004797
6832	0.00004795
1762	0.00004793
6933	0.00004793
3787	0.00004792
6614	0.00004791
9134	0.00004790
9127	0.00004788
5551	0.00004785
8219	0.00004785
5898	0.00004784
9399	0.00004784
7331	0.00004783
9536	0.00004783
7063	0.00004782
7132	0.00004781
5377	0.00004779
8087	0.00004777
8749	0.00004770
1291	0.00004769
4915	0.00004769
6369	0.00004769
9116	0.00004769
3752	0.00004768
4749	0.00004766
8040	0.00004766
4301	0.00004763
3293	0.00004762
7693	0.00004761
8684	0.00004760
3917	0.00004759
4281	0.00004758
2789	0.00004756
1146	0.00004755
4157	0.00004755
2872	0.00004753
6198	0.00004752
9804	0.00004750
3133	0.00004747
3515	0.00004747
914	0.00004747
1166	0.00004746
4998	0.00004746
3861	0.00004742
4532	0.00004742
499	0.00004740
6499	0.00004738
7809	0.00004736
9326	0.00004735
4643	0.00004732
9808	0.00004731
4137	0.00004730
1814	0.00004728
2055	0.00004725
7006	0.00004724
9871	0.00004724
3632	0.00004723
7659	0.00004713
2977	0.00004712
4425	0.00004707
5458	0.00004707
5711	0.00004707
1172	0.00004706
1571	0.00004706
8916	0.00004703
4072	0.00004702
5057	0.00004701
2434	0.00004698
2741	0.00004698
3718	0.00004696
8066	0.00004696
3187	0.00004695
2105	0.00004694
5984	0.00004693
3132	0.00004686
9907	0.00004683
3167	0.00004681
3508	0.00004680
3622	0.00004680
4230	0.00004679
3402	0.00004677
3535	0.00004675
133	0.00004674
4367	0.00004674
660	0.00004674
9120	0.00004674
4604	0.00004673
62	0.00004669
8844	0.00004667
6700	0.00004664
8295	0.00004664
3028	0.00004657
4551	0.00004656
533	0.00004656
9854	0.00004656
4996	0.00004655
4214	0.00004652
7268	0.00004651
7137	0.00004647
7766	0.00004642
1070	0.00004640
4971	0.00004637
7300	0.00004632
8971	0.00004631
9054	0.00004631
4001	0.00004630
5889	0.00004629
7000	0.00004629
2677	0.00004628
1104	0.00004623
4952	0.00004623
5027	0.00004622
6019	0.00004622
6539	0.00004619
3102	0.00004618
6226	0.00004617
8908	0.00004617
721	0.00004616
2169	0.00004614
2633	0.00004614
7207	0.00004614
5899	0.00004613
5189	0.00004612
5721	0.00004612
7127	0.00004612
912	0.00004612
7773	0.00004611
5009	0.00004610
3670	0.00004608
9334	0.00004608
3786	0.00004607
5929	0.00004606
8018	0.00004605
3024	0.00004603
3155	0.00004603
3269	0.00004601
4252	0.00004599
4791	0.00004599
6864	0.00004596
2410	0.00004593
2544	0.00004593
1838	0.00004591
439	0.00004591
3809	0.00004590
3952	0.00004590
9356	0.00004590
2509	0.00004589
3619	0.00004587
5211	0.00004587
4008	0.00004581
4401	0.00004581
4046	0.00004579
6623	0.00004579
9082	0.00004576
6984	0.00004575
3581	0.00004572
5144	0.00004570
2112	0.00004569
1095	0.00004568
1307	0.00004566
3582	0.00004566
4553	0.00004553
7567	0.00004553
4236	0.00004552
7820	0.00004552
4044	0.00004551
6958	0.00004551
8051	0.00004550
243	0.00004545
2865	0.00004544
3847	0.00004544
7226	0.00004543
4343	0.00004540
2933	0.00004538
6997	0.00004534
7560	0.00004533
8692	0.00004529
195	0.00004528
735	0.00004528
1249	0.00004525
9129	0.00004524
2220	0.00004523
4121	0.00004523
9994	0.00004523
2987	0.00004522
5376	0.00004522
843	0.00004522
4175	0.00004520
7330	0.00004520
3807	0.00004519
1421	0.00004516
3108	0.00004514
7519	0.00004514
4490	0.00004513
2632	0.00004512
8276	0.00004512
3039	0.00004511
6482	0.00004510
3934	0.00004507
4287	0.00004507
7903	0.00004506
9379	0.00004506
5361	0.00004504
1363	0.00004503
3860	0.00004502
7194	0.00004498
3834	0.00004496
907	0.00004496
410	0.00004492
5207	0.00004491
5380	0.00004491
3865	0.00004488
5192	0.00004488
9020	0.00004488
5704	0.00004486
9164	0.00004485
4823	0.00004479
550	0.00004478
9706	0.00004476
9266	0.00004474
3382	0.00004473
4142	0.00004472
4182	0.00004472
5773	0.00004472
3255	0.00004469
8160	0.00004467
4117	0.00004465
8112	0.00004464
7355	0.00004463
8657	0.00004463
7687	0.00004462
6856	0.00004461
2070	0.00004460
6107	0.00004460
6085	0.00004458
3014	0.00004457
3565	0.00004455
8957	0.00004455
3086	0.00004453
3835	0.00004453
9941	0.00004450
5676	0.00004449
4288	0.00004448
5720	0.00004446
3457	0.00004444
3616	0.00004444
7389	0.00004440
1671	0.00004437
5299	0.00004436
7504	0.00004436
4235	0.00004434
581	0.00004434
8513	0.00004434
8243	0.00004433
4419	0.00004432
7870	0.00004429
9355	0.00004429
9880	0.00004429
1551	0.00004428
8222	0.00004428
9351	0.00004428
2896	0.00004427
5366	0.00004427
6025	0.00004424
2705	0.00004423
4416	0.00004423
7270	0.00004423
6753	0.00004421
8367	0.00004415
6749	0.00004414
6412	0.00004413
4034	0.00004412
3411	0.00004409
4041	0.00004409
8330	0.00004409
1800	0.00004406
344	0.00004405
627	0.00004405
6487	0.00004405
7787	0.00004398
6712	0.00004397
8527	0.00004396
1698	0.00004395
1784	0.00004395
4595	0.00004394
3520	0.00004393
3405	0.00004392
8520	0.00004392
5659	0.00004391
5164	0.00004388
172	0.00004387
6993	0.00004386
4531	0.00004384
8519	0.00004384
3443	0.00004383
5074	0.00004383
1743	0.00004382
7706	0.00004382
2269	0.00004381
8838	0.00004375
4464	0.00004374
6139	0.00004373
9709	0.00004373
2577	0.00004372
3369	0.00004372
3429	0.00004372
3467	0.00004372
3966	0.00004372
4519	0.00004371
7029	0.00004371
7092	0.00004370
677	0.00004369
4976	0.00004368
7114	0.00004367
4290	0.00004366
7416	0.00004366
6545	0.00004365
5650	0.00004363
6814	0.00004363
6432	0.00004361
7639	0.00004361
4779	0.00004360
842	0.00004356
3224	0.00004355
2496	0.00004354
3002	0.00004352
8058	0.00004352
802	0.00004349
2600	0.00004346
4081	0.00004344
5365	0.00004344
5127	0.00004340
7360	0.00004339
8928	0.00004339
8786	0.00004338
5436	0.00004337
7028	0.00004337
3415	0.00004336
454	0.00004336
3907	0.00004335
6639	0.00004334
1059	0.00004333
6191	0.00004332
8290	0.00004330
745	0.00004329
5124	0.00004328
3853	0.00004327
3516	0.00004325
8708	0.00004324
4639	0.00004323
5232	0.00004321
3250	0.00004320
4795	0.00004319
7962	0.00004319
4170	0.00004318
6268	0.00004316
5433	0.00004315
8382	0.00004315
3383	0.00004313
3112	0.00004312
6313	0.00004312
8530	0.00004312
4098	0.00004311
5988	0.00004310
2062	0.00004309
3606	0.00004309
557	0.00004309
8130	0.00004307
3153	0.00004302
4940	0.00004302
8192	0.00004301
4074	0.00004298
2144	0.00004297
7553	0.00004296
280	0.00004295
5647	0.00004295
651	0.00004295
5736	0.00004294
3249	0.00004293
6879	0.00004291
7661	0.00004289
8091	0.00004288
8925	0.00004288
4534	0.00004287
8093	0.00004285
7294	0.00004284
9339	0.00004283
2266	0.00004282
3990	0.00004282
8269	0.00004282
9635	0.00004280
7352	0.00004279
764	0.00004275
1777	0.00004269
128	0.00004268
7261	0.00004266
9904	0.00004266
5478	0.00004265
3828	0.00004263
6217	0.00004263
7200	0.00004263
6697	0.00004262
9037	0.00004261
6533	0.00004260
4885	0.00004259
8620	0.00004259
7810	0.00004257
4434	0.00004256
8265	0.00004255
3759	0.00004254
536	0.00004254
5283	0.00004252
6455	0.00004252
9805	0.00004249
7584	0.00004248
2134	0.00004247
7180	0.00004246
9921	0.00004246
4731	0.00004245
6527	0.00004245
1775	0.00004244
2723	0.00004244
8831	0.00004244
8013	0.00004240
8915	0.00004238
8329	0.00004237
2672	0.00004232
3501	0.00004232
1076	0.00004228
8805	0.00004225
1508	0.00004224
6567	0.00004220
2869	0.00004218
4160	0.00004218
1322	0.00004217
9885	0.00004216
2499	0.00004215
8828	0.00004215
3143	0.00004213
7898	0.00004213
2314	0.00004211
8464	0.00004209
9786	0.00004207
1181	0.00004206
7201	0.00004206
6674	0.00004205
8235	0.00004205
4860	0.00004204
2016	0.00004203
9583	0.00004203
7669	0.00004201
1038	0.00004200
6726	0.00004200
4133	0.00004199
5239	0.00004196
2812	0.00004195
5172	0.00004195
2894	0.00004194
342	0.00004194
5819	0.00004193
1766	0.00004192
7542	0.00004190
8699	0.00004187
9947	0.00004186
6090	0.00004184
6784	0.00004184
4602	0.00004183
7243	0.00004182
4753	0.00004180
6830	0.00004180
9342	0.00004180
3579	0.00004179
7279	0.00004179
6329	0.00004178
6517	0.00004177
8676	0.00004176
9123	0.00004175
4365	0.00004174
3444	0.00004172
4830	0.00004171
5140	0.00004168
9469	0.00004168
4761	0.00004167
6486	0.00004167
4263	0.00004166
2203	0.00004165
5739	0.00004164
9800	0.00004161
6811	0.00004158
7575	0.00004156
1760	0.00004155
2468	0.00004151
4745	0.00004150
874	0.00004148
4841	0.00004147
2331	0.00004145
6028	0.00004143
5964	0.00004142
7969	0.00004141
5159	0.00004140
8983	0.00004140
1167	0.00004139
1982	0.00004138
2301	0.00004136
8065	0.00004136
1721	0.00004133
6009	0.00004133
2691	0.00004131
7082	0.00004127
5256	0.00004126
1946	0.00004122
7530	0.00004122
8027	0.00004122
9724	0.00004122
1815	0.00004121
4855	0.00004119
5247	0.00004119
5294	0.00004119
8372	0.00004119
6978	0.00004117
7522	0.00004117
108	0.00004115
3781	0.00004115
8990	0.00004113
2887	0.00004112
2663	0.00004111
6109	0.00004111
7182	0.00004110
5141	0.00004109
2809	0.00004107
5504	0.00004106
1099	0.00004105
2384	0.00004103
8621	0.00004103
7383	0.00004102
4265	0.00004101
5068	0.00004100
3623	0.00004099
2240	0.00004097
8076	0.00004092
3775	0.00004091
2903	0.00004087
4705	0.00004086
731	0.00004085
9391	0.00004085
6384	0.00004083
3252	0.00004082
4045	0.00004082
5265	0.00004082
8716	0.00004080
1351	0.00004079
7148	0.00004078
3689	0.00004075
6147	0.00004075
7908	0.00004074
7617	0.00004072
5369	0.00004071
8682	0.00004071
5952	0.00004070
4306	0.00004069
9063	0.00004069
1436	0.00004068
1818	0.00004068
2431	0.00004068
3766	0.00004068
5212	0.00004067
8376	0.00004067
4427	0.00004066
1713	0.00004065
4641	0.00004065
7346	0.00004065
1763	0.00004064
420	0.00004064
8156	0.00004062
5309	0.00004061
5348	0.00004061
5371	0.00004061
4035	0.00004060
488	0.00004060
9698	0.00004055
3822	0.00004054
1683	0.00004053
461	0.00004053
6514	0.00004052
6130	0.00004049
3217	0.00004048
1606	0.00004047
4838	0.00004046
6940	0.00004046
8396	0.00004046
9777	0.00004046
1270	0.00004044
106	0.00004043
2709	0.00004043
1879	0.00004041
9251	0.00004041
9655	0.00004040
6273	0.00004039
9148	0.00004039
1831	0.00004037
9812	0.00004037
6105	0.00004036
4506	0.00004035
3662	0.00004034
6848	0.00004029
7458	0.00004029
5160	0.00004026
2901	0.00004025
7963	0.00004024
2453	0.00004020
722	0.00004020
1703	0.00004019
6016	0.00004018
5300	0.00004017
4402	0.00004016
6987	0.00004016
9188	0.00004015
3307	0.00004014
2518	0.00004013
5612	0.00004013
7014	0.00004013
6278	0.00004010
3996	0.00004009
1635	0.00004007
5100	0.00004005
3343	0.00004004
3631	0.00004003
5215	0.00004003
5975	0.00004003
4909	0.00003999
2617	0.00003998
3170	0.00003997
948	0.00003996
2166	0.00003995
8358	0.00003995
8832	0.00003995
9220	0.00003995
5614	0.00003992
3259	0.00003991
8263	0.00003991
6321	0.00003990
6645	0.00003989
2692	0.00003988
6476	0.00003987
3458	0.00003986
9971	0.00003986
6802	0.00003985
3280	0.00003984
3409	0.00003984
3915	0.00003981
2192	0.00003980
6443	0.00003980
5518	0.00003979
6110	0.00003979
6909	0.00003977
9110	0.00003976
3877	0.00003973
3318	0.00003972
7644	0.00003972
8721	0.00003970
8164	0.00003969
8050	0.00003967
3815	0.00003966
8152	0.00003965
4091	0.00003964
4677	0.00003963
2671	0.00003958
4759	0.00003958
9828	0.00003958
5971	0.00003955
9605	0.00003955
7370	0.00003953
9478	0.00003949
2025	0.00003947
6598	0.00003947
3151	0.00003944
8468	0.00003944
6950	0.00003943
2206	0.00003942
4578	0.00003941
6202	0.00003937
7103	0.00003937
2040	0.00003936
269	0.00003936
2648	0.00003935
4987	0.00003935
1502	0.00003934
9437	0.00003934
6591	0.00003933
7111	0.00003931
5860	0.00003925
4664	0.00003924
8640	0.00003924
1235	0.00003923
4544	0.00003923
186	0.00003921
3947	0.00003921
5089	0.00003921
821	0.00003921
7512	0.00003920
6292	0.00003919
1427	0.00003918
6466	0.00003918
1756	0.00003914
3956	0.00003912
8555	0.00003912
2045	0.00003911
5545	0.00003910
5946	0.00003910
7188	0.00003910
6763	0.00003909
4878	0.00003908
5815	0.00003908
8677	0.00003907
7474	0.00003905
3883	0.00003904
6425	0.00003904
7329	0.00003902
6344	0.00003901
5895	0.00003900
4233	0.00003899
4389	0.00003899
2995	0.00003895
3799	0.00003894
6670	0.00003894
5668	0.00003892
5836	0.00003891
5416	0.00003889
5273	0.00003888
6129	0.00003888
1575	0.00003886
1891	0.00003886
3556	0.00003886
4185	0.00003884
8137	0.00003884
6343	0.00003882
8392	0.00003882
3414	0.00003881
9338	0.00003881
8104	0.00003879
2478	0.00003877
2101	0.00003876
8917	0.00003876
4943	0.00003873
6221	0.00003872
9280	0.00003869
1184	0.00003868
2085	0.00003868
2958	0.00003868
6366	0.00003868
7397	0.00003868
5254	0.00003867
5851	0.00003866
8440	0.00003865
8771	0.00003864
803	0.00003863
2952	0.00003862
6921	0.00003862
7554	0.00003862
1593	0.00003860
5918	0.00003860
9222	0.00003858
2038	0.00003857
8542	0.00003857
3720	0.00003854
6629	0.00003854
7737	0.00003853
2069	0.00003852
3572	0.00003852
5122	0.00003852
6651	0.00003852
5683	0.00003851
6430	0.00003851
7042	0.00003851
7423	0.00003850
6540	0.00003849
9826	0.00003849
3020	0.00003848
850	0.00003848
3306	0.00003847
7287	0.00003845
8060	0.00003845
9944	0.00003844
8822	0.00003843
3763	0.00003842
4644	0.00003841
5137	0.00003841
9484	0.00003840
4596	0.00003839
1364	0.00003838
1852	0.00003837
3710	0.00003836
4985	0.00003834
9827	0.00003833
1751	0.00003831
2106	0.00003831
230	0.00003830
6174	0.00003827
1967	0.00003826
6823	0.00003822
4286	0.00003820
8271	0.00003818
298	0.00003817
3031	0.00003815
5186	0.00003815
5840	0.00003814
6942	0.00003814
1856	0.00003813
6148	0.00003813
8616	0.00003813
6379	0.00003812
812	0.00003812
2914	0.00003810
4318	0.00003810
4395	0.00003810
7633	0.00003810
4344	0.00003808
6935	0.00003808
7533	0.00003808
727	0.00003807
3876	0.00003806
4177	0.00003806
9741	0.00003805
5389	0.00003804
8886	0.00003804
2375	0.00003803
6597	0.00003803
7155	0.00003802
9476	0.00003802
2345	0.00003801
8328	0.00003801
200	0.00003800
2034	0.00003799
2003	0.00003798
3914	0.00003797
8761	0.00003795
8563	0.00003794
9029	0.00003794
4406	0.00003790
2680	0.00003789
1199	0.00003788
3459	0.00003788
4482	0.00003788
6258	0.00003787
8659	0.00003786
4184	0.00003785
7072	0.00003785
6480	0.00003784
7400	0.00003784
3802	0.00003783
2235	0.00003782
7745	0.00003781
8794	0.00003779
7514	0.00003775
1696	0.00003774
4129	0.00003774
4880	0.00003774
2797	0.00003773
6838	0.00003773
858	0.00003773
4294	0.00003772
8681	0.00003769
2945	0.00003768
2566	0.00003765
2763	0.00003765
5625	0.00003765
7638	0.00003765
1153	0.00003764
6945	0.00003762
2363	0.00003761
4468	0.00003761
6312	0.00003761
3476	0.00003760
5008	0.00003758
3337	0.00003755
3716	0.00003754
7401	0.00003754
4466	0.00003753
1618	0.00003752
4384	0.00003751
5779	0.00003751
9112	0.00003751
4936	0.00003745
8250	0.00003744
1370	0.00003742
4195	0.00003742
2334	0.00003741
1942	0.00003740
4231	0.00003740
4439	0.00003739
6675	0.00003739
7152	0.00003738
3944	0.00003737
3682	0.00003735
3773	0.00003735
4293	0.00003734
4809	0.00003734
6724	0.00003734
933	0.00003731
3285	0.00003729
1596	0.00003726
1636	0.00003726
7173	0.00003725
3999	0.00003724
8288	0.00003724
5958	0.00003722
7490	0.00003721
7743	0.00003720
5143	0.00003719
9612	0.00003719
3141	0.00003718
6435	0.00003717
7696	0.00003713
2699	0.00003708
6983	0.00003708
5513	0.00003706
1049	0.00003705
1929	0.00003704
8783	0.00003704
1300	0.00003702
8878	0.00003702
2713	0.00003701
528	0.00003701
9701	0.00003700
4020	0.00003699
4682	0.00003699
3730	0.00003698
7019	0.00003697
3363	0.00003691
6522	0.00003691
2440	0.00003690
9474	0.00003688
7323	0.00003686
9165	0.00003686
9422	0.00003686
7649	0.00003685
9347	0.00003685
3222	0.00003684
5271	0.00003681
7647	0.00003681
2685	0.00003680
3702	0.00003679
768	0.00003679
7966	0.00003679
5099	0.00003678
2563	0.00003675
3586	0.00003675
3653	0.00003673
8964	0.00003673
4964	0.00003672
241	0.00003671
8623	0.00003671
3900	0.00003670
7735	0.00003670
1932	0.00003667
8852	0.00003666
9034	0.00003666
3003	0.00003663
3136	0.00003663
4638	0.00003663
3380	0.00003661
6702	0.00003661
2941	0.00003660
3665	0.00003660
6192	0.00003660
9916	0.00003660
7147	0.00003659
2605	0.00003658
5306	0.00003652
924	0.00003652
9695	0.00003652
9930	0.00003652
2358	0.00003651
2927	0.00003649
4355	0.00003649
4725	0.00003648
5702	0.00003648
1557	0.00003645
7866	0.00003643
8768	0.00003643
2959	0.00003642
8126	0.00003642
6320	0.00003641
3148	0.00003639
4576	0.00003636
6297	0.00003635
5495	0.00003634
2619	0.00003633
5379	0.00003631
1302	0.00003630
2790	0.00003630
8186	0.00003628
1417	0.00003627
6377	0.00003627
9704	0.00003627
2054	0.00003626
5251	0.00003626
6222	0.00003624
3685	0.00003623
7120	0.00003623
7874	0.00003622
3771	0.00003621
3129	0.00003619
3166	0.00003619
7134	0.00003618
5501	0.00003616
7100	0.00003614
6262	0.00003610
8489	0.00003610
6055	0.00003609
7339	0.00003609
9472	0.00003605
3780	0.00003604
6185	0.00003604
8891	0.00003604
5386	0.00003603
5646	0.00003603
6796	0.00003602
6855	0.00003602
1347	0.00003601
5178	0.00003601
6426	0.00003598
3624	0.00003597
2023	0.00003596
2244	0.00003596
1505	0.00003595
8161	0.00003593
4980	0.00003592
9548	0.00003591
1198	0.00003589
4191	0.00003589
6959	0.00003588
7904	0.00003588
402	0.00003586
4955	0.00003585
1750	0.00003584
6088	0.00003581
7068	0.00003580
7495	0.00003580
6867	0.00003579
7930	0.00003579
8241	0.00003579
8995	0.00003579
1699	0.00003575
6789	0.00003575
2748	0.00003574
5932	0.00003574
2311	0.00003570
8695	0.00003569
9765	0.00003568
5356	0.00003567
7373	0.00003565
3354	0.00003564
3979	0.00003564
6414	0.00003563
7282	0.00003563
4261	0.00003561
6392	0.00003561
6501	0.00003560
7990	0.00003560
7788	0.00003559
6152	0.00003558
7885	0.00003558
8305	0.00003558
1149	0.00003557
1794	0.00003557
6212	0.00003555
4580	0.00003554
8292	0.00003554
2271	0.00003552
6613	0.00003552
9258	0.00003550
4556	0.00003549
5263	0.00003549
6145	0.00003547
4322	0.00003545
4828	0.00003545
5593	0.00003544
7290	0.00003544
4973	0.00003542
1111	0.00003541
4957	0.00003540
6014	0.00003540
9128	0.00003538
8484	0.00003537
323	0.00003535
9428	0.00003532
2510	0.00003531
4926	0.00003531
1980	0.00003526
1914	0.00003525
5937	0.00003521
1971	0.00003520
8863	0.00003519
3493	0.00003517
3916	0.00003517
7198	0.00003516
9969	0.00003516
4084	0.00003510
5926	0.00003507
7899	0.00003507
5024	0.00003505
8359	0.00003503
2300	0.00003502
9953	0.00003501
4966	0.00003500
5397	0.00003500
4550	0.00003499
8069	0.00003497
1091	0.00003496
8613	0.00003496
2066	0.00003495
5430	0.00003495
5587	0.00003495
3757	0.00003494
5320	0.00003492
2934	0.00003488
7841	0.00003488
7891	0.00003488
9928	0.00003487
3596	0.00003486
9518	0.00003485
1993	0.00003484
3484	0.00003483
9759	0.00003481
5824	0.00003480
9184	0.00003476
5101	0.00003475
4303	0.00003474
8459	0.00003474
5771	0.00003472
1774	0.00003471
2978	0.00003470
6094	0.00003470
926	0.00003470
3017	0.00003469
5116	0.00003466
9409	0.00003466
7422	0.00003465
7624	0.00003465
9678	0.00003465
2049	0.00003464
5217	0.00003464
6538	0.00003463
8332	0.00003463
4968	0.00003460
6013	0.00003460
624	0.00003459
3316	0.00003456
1132	0.00003454
7623	0.00003454
3973	0.00003453
9003	0.00003453
3119	0.00003452
6159	0.00003451
4363	0.00003450
1265	0.00003449
1728	0.00003449
4665	0.00003449
6586	0.00003449
2550	0.00003447
240	0.00003445
4970	0.00003443
5597	0.00003443
4802	0.00003442
1535	0.00003441
2224	0.00003440
3633	0.00003440
7588	0.00003440
9838	0.00003440
3168	0.00003438
4048	0.00003438
6259	0.00003437
6794	0.00003436
2059	0.00003435
4146	0.00003434
6269	0.00003434
4130	0.00003433
8260	0.00003431
4733	0.00003430
1306	0.00003429
7597	0.00003428
8567	0.00003428
127	0.00003427
3636	0.00003427
2931	0.00003425
4518	0.00003425
1966	0.00003422
6245	0.00003422
1755	0.00003421
2666	0.00003421
6953	0.00003421
7503	0.00003420
3374	0.00003419
1278	0.00003418
1078	0.00003416
7461	0.00003416
5015	0.00003414
3911	0.00003413
475	0.00003413
6064	0.00003413
1040	0.00003412
1578	0.00003411
6307	0.00003411
5177	0.00003410
5777	0.00003409
3370	0.00003406
3820	0.00003406
1712	0.00003405
2061	0.00003405
5387	0.00003404
3962	0.00003403
5795	0.00003403
279	0.00003402
6345	0.00003401
3552	0.00003400
9176	0.00003398
2075	0.00003396
7262	0.00003396
8552	0.00003396
9291	0.00003396
1921	0.00003394
2190	0.00003394
6842	0.00003394
6356	0.00003392
8493	0.00003390
7781	0.00003389
5190	0.00003388
9684	0.00003388
2651	0.00003387
3564	0.00003387
3829	0.00003387
5998	0.00003382
2432	0.00003381
1846	0.00003380
2622	0.00003380
4378	0.00003380
4510	0.00003378
1019	0.00003373
2944	0.00003371
3603	0.00003369
3097	0.00003366
6287	0.00003364
6351	0.00003363
6677	0.00003363
471	0.00003362
7403	0.00003362
4635	0.00003361
1727	0.00003359
7008	0.00003359
7150	0.00003355
8183	0.00003355
4613	0.00003353
514	0.00003353
6725	0.00003353
4666	0.00003351
4908	0.00003351
5462	0.00003350
8663	0.00003350
6301	0.00003349
3953	0.00003348
2348	0.00003346
5250	0.00003344
7318	0.00003344
5337	0.00003343
20	0.00003342
4120	0.00003341
2381	0.00003336
7084	0.00003335
5560	0.00003332
3299	0.00003331
984	0.00003331
8668	0.00003330
5059	0.00003328
9852	0.00003327
4255	0.00003323
5767	0.00003323
1797	0.00003322
7174	0.00003322
2074	0.00003319
3058	0.00003318
5563	0.00003318
9686	0.00003318
2757	0.00003315
7595	0.00003314
6097	0.00003313
3473	0.00003311
1383	0.00003310
9986	0.00003310
1950	0.00003308
5837	0.00003308
6630	0.00003307
8101	0.00003306
4392	0.00003305
2548	0.00003303
174	0.00003302
6315	0.00003302
7409	0.00003302
6886	0.00003299
9262	0.00003299
2128	0.00003298
2210	0.00003298
2708	0.00003297
6555	0.00003297
2461	0.00003296
9862	0.00003296
5915	0.00003295
9328	0.00003294
6243	0.00003290
1214	0.00003289
8190	0.00003289
967	0.00003288
3254	0.00003287
2117	0.00003286
317	0.00003285
4219	0.00003285
2701	0.00003284
4229	0.00003283
6738	0.00003283
3748	0.00003282
4570	0.00003280
8072	0.00003280
320	0.00003279
4080	0.00003279
2689	0.00003276
1702	0.00003275
3440	0.00003275
4502	0.00003274
1984	0.00003273
5034	0.00003273
2974	0.00003272
3532	0.00003272
5006	0.00003272
6080	0.00003267
5960	0.00003265
3305	0.00003264
4297	0.00003262
5871	0.00003262
6128	0.00003262
7334	0.00003262
3844	0.00003261
7011	0.00003260
9992	0.00003253
9963	0.00003252
1594	0.00003250
2975	0.00003250
4253	0.00003250
4792	0.00003249
6447	0.00003249
3347	0.00003248
8181	0.00003248
8124	0.00003247
6687	0.00003246
3600	0.00003245
3797	0.00003244
5920	0.00003244
1587	0.00003243
3276	0.00003243
2771	0.00003242
6407	0.00003242
2168	0.00003241
3344	0.00003241
2006	0.00003240
2124	0.00003240
3229	0.00003240
6210	0.00003238
2804	0.00003236
6876	0.00003236
8473	0.00003236
8465	0.00003235
1089	0.00003234
4388	0.00003233
5833	0.00003233
6441	0.00003233
3245	0.00003230
4004	0.00003229
6682	0.00003229
9040	0.00003229
2882	0.00003227
3085	0.00003227
1168	0.00003226
7436	0.00003226
9772	0.00003226
1902	0.00003225
881	0.00003225
4228	0.00003224
5030	0.00003224
1248	0.00003223
2788	0.00003223
6764	0.00003223
2656	0.00003222
6137	0.00003220
7229	0.00003219
5481	0.00003218
5316	0.00003217
1805	0.00003216
5205	0.00003214
1883	0.00003213
7321	0.00003213
2696	0.00003212
3523	0.00003212
3782	0.00003212
7026	0.00003210
1700	0.00003209
1714	0.00003209
3428	0.00003209
6979	0.00003208
2373	0.00003205
8958	0.00003204
1957	0.00003203
2051	0.00003202
3098	0.00003202
4695	0.00003202
422	0.00003201
9987	0.00003201
2871	0.00003199
2993	0.00003198
2940	0.00003197
7913	0.00003197
5136	0.00003196
785	0.00003196
4032	0.00003193
4152	0.00003193
4702	0.00003192
2193	0.00003191
5565	0.00003190
2109	0.00003188
2411	0.00003187
3890	0.00003187
5275	0.00003187
6829	0.00003187
6608	0.00003186
5534	0.00003185
8781	0.00003185
8157	0.00003184
2429	0.00003183
7882	0.00003181
7475	0.00003179
847	0.00003179
2060	0.00003178
2641	0.00003178
7209	0.00003178
9254	0.00003178
4766	0.00003177
5174	0.00003177
2811	0.00003176
2136	0.00003172
5226	0.00003171
6894	0.00003171
1898	0.00003169
6350	0.00003169
8205	0.00003167
5741	0.00003166
902	0.00003166
1434	0.00003165
8588	0.00003165
8497	0.00003163
9737	0.00003163
4493	0.00003162
5941	0.00003159
2454	0.00003157
2991	0.00003157
3339	0.00003157
3340	0.00003157
9910	0.00003156
667	0.00003155
2743	0.00003154
3647	0.00003154
8107	0.00003153
5826	0.00003151
2386	0.00003148
1422	0.00003146
2302	0.00003146
6956	0.00003146
6017	0.00003144
7983	0.00003144
4025	0.00003143
8581	0.00003143
2010	0.00003142
5182	0.00003142
6496	0.00003142
3183	0.00003141
5906	0.00003139
2583	0.00003137
5075	0.00003137
9436	0.00003137
1687	0.00003136
257	0.00003135
4845	0.00003135
3769	0.00003134
6020	0.00003134
1231	0.00003133
2423	0.00003133
7634	0.00003133
1191	0.00003132
3323	0.00003132
9881	0.00003132
4738	0.00003131
6396	0.00003131
1626	0.00003130
1155	0.00003129
9209	0.00003129
2104	0.00003127
4527	0.00003127
6954	0.00003127
8869	0.00003126
6454	0.00003125
6648	0.00003123
2138	0.00003122
5849	0.00003122
7545	0.00003122
1082	0.00003121
1540	0.00003121
4724	0.00003121
1442	0.00003120
4362	0.00003120
4898	0.00003120
5276	0.00003120
5854	0.00003120
9660	0.00003120
1073	0.00003119
387	0.00003119
9970	0.00003119
4280	0.00003118
6578	0.00003118
6196	0.00003117
4090	0.00003116
2540	0.00003114
2601	0.00003114
2482	0.00003113
9185	0.00003113
96	0.00003112
3651	0.00003109
5297	0.00003109
7181	0.00003105
2285	0.00003104
4561	0.00003103
5398	0.00003101
7628	0.00003099
5445	0.00003098
729	0.00003098
8736	0.00003098
6051	0.00003096
8169	0.00003096
7878	0.00003095
2357	0.00003094
8487	0.00003093
2581	0.00003092
1017	0.00003091
3423	0.00003091
4963	0.00003091
3481	0.00003090
6803	0.00003090
805	0.00003090
6668	0.00003089
6575	0.00003087
3301	0.00003086
9687	0.00003086
781	0.00003085
1329	0.00003084
2379	0.00003084
5202	0.00003082
4784	0.00003080
6303	0.00003080
5966	0.00003079
6308	0.00003079
6316	0.00003079
592	0.00003078
9841	0.00003077
9261	0.00003076
4049	0.00003075
8187	0.00003074
4621	0.00003073
7117	0.00003072
6160	0.00003070
1992	0.00003068
2268	0.00003068
1554	0.00003067
1813	0.00003065
2700	0.00003065
2058	0.00003064
2217	0.00003064
3200	0.00003063
706	0.00003063
9677	0.00003063
2459	0.00003062
3327	0.00003062
4289	0.00003062
515	0.00003062
8206	0.00003062
6544	0.00003059
6776	0.00003059
8357	0.00003059
8162	0.00003058
1346	0.00003057
4691	0.00003057
7808	0.00003056
9745	0.00003056
5586	0.00003053
4145	0.00003051
7235	0.00003051
5088	0.00003050
7187	0.00003050
1454	0.00003049
4273	0.00003049
8256	0.00003049
8411	0.00003049
5630	0.00003047
4599	0.00003046
7105	0.00003045
3047	0.00003044
5054	0.00003044
2511	0.00003043
3660	0.00003043
6834	0.00003043
7299	0.00003043
787	0.00003043
6494	0.00003042
8762	0.00003040
2312	0.00003039
2681	0.00003038
4990	0.00003038
5616	0.00003037
1203	0.00003036
8810	0.00003034
4523	0.00003033
7976	0.00003031
199	0.00003030
1031	0.00003029
3077	0.00003029
3903	0.00003029
373	0.00003028
4874	0.00003028
190	0.00003026
5657	0.00003026
134	0.00003025
4431	0.00003025
8322	0.00003025
1366	0.00003023
360	0.00003022
2592	0.00003021
374	0.00003021
4852	0.00003020
3009	0.00003017
1607	0.00003016
2349	0.00003016
6190	0.00003016
7742	0.00003016
9497	0.00003016
4483	0.00003015
8887	0.00003015
4083	0.00003014
5128	0.00003014
2400	0.00003013
9713	0.00003013
1441	0.00003012
1857	0.00003012
4522	0.00003012
9404	0.00003010
6444	0.00003009
2394	0.00003008
4577	0.00003008
3607	0.00003007
1018	0.00003002
1185	0.00003001
2968	0.00003001
6588	0.00003000
3735	0.00002999
4007	0.00002999
8799	0.00002999
3576	0.00002998
8601	0.00002998
9931	0.00002998
3001	0.00002997
4517	0.00002996
2177	0.00002995
6801	0.00002995
9618	0.00002995
1716	0.00002994
4667	0.00002994
8770	0.00002993
3812	0.00002992
5558	0.00002992
8656	0.00002992
2111	0.00002991
4608	0.00002991
1590	0.00002990
7375	0.00002990
6448	0.00002989
3620	0.00002988
6061	0.00002988
2204	0.00002986
2770	0.00002986
5494	0.00002986
6541	0.00002986
8315	0.00002986
1810	0.00002984
9890	0.00002984
1897	0.00002979
5801	0.00002979
6083	0.00002979
2512	0.00002978
5470	0.00002978
1926	0.00002977
576	0.00002977
1933	0.00002975
4023	0.00002974
6519	0.00002974
6676	0.00002974
7470	0.00002974
5603	0.00002973
1780	0.00002972
696	0.00002972
6769	0.00002971
7036	0.00002971
9451	0.00002971
1324	0.00002969
2891	0.00002969
1779	0.00002968
477	0.00002968
4866	0.00002967
7380	0.00002967
8227	0.00002967
3715	0.00002966
484	0.00002966
2961	0.00002964
4513	0.00002964
6513	0.00002964
1863	0.00002963
5098	0.00002963
6805	0.00002963
7754	0.00002963
4413	0.00002962
6037	0.00002960
1754	0.00002959
3831	0.00002959
2315	0.00002958
4206	0.00002958
6234	0.00002958
8118	0.00002958
2179	0.00002956
8296	0.00002955
5809	0.00002952
8402	0.00002951
2994	0.00002950
7707	0.00002949
1061	0.00002946
6742	0.00002946
8399	0.00002946
5130	0.00002945
7413	0.00002945
2649	0.00002944
5827	0.00002943
2806	0.00002942
2404	0.00002940
4711	0.00002940
4147	0.00002937
5293	0.00002937
5693	0.00002937
4714	0.00002936
7425	0.00002934
1126	0.00002931
8686	0.00002929
3179	0.00002927
1331	0.00002926
6250	0.00002926
6593	0.00002925
1634	0.00002924
585	0.00002924
3756	0.00002923
7879	0.00002923
2457	0.00002922
3614	0.00002922
4348	0.00002921
7562	0.00002920
8723	0.00002920
2796	0.00002919
5973	0.00002919
6072	0.00002917
7196	0.00002917
9520	0.00002916
3542	0.00002914
1373	0.00002910
4858	0.00002910
275	0.00002909
8021	0.00002909
2397	0.00002907
5483	0.00002907
1308	0.00002905
738	0.00002905
1825	0.00002904
5196	0.00002904
2879	0.00002903
2031	0.00002899
965	0.00002899
2668	0.00002898
1642	0.00002897
283	0.00002897
3049	0.00002897
5673	0.00002897
5690	0.00002897
633	0.00002897
1128	0.00002896
8080	0.00002896
8533	0.00002896
2323	0.00002895
555	0.00002894
6058	0.00002894
1286	0.00002893
3741	0.00002893
7246	0.00002891
2089	0.00002890
4989	0.00002890
4937	0.00002888
17	0.00002887
9976	0.00002887
2052	0.00002886
2593	0.00002885
3686	0.00002885
8504	0.00002884
1842	0.00002883
6260	0.00002882
1483	0.00002881
9423	0.00002880
7065	0.00002879
8904	0.00002879
9442	0.00002879
4411	0.00002878
4486	0.00002878
6649	0.00002878
2515	0.00002877
3413	0.00002877
7077	0.00002877
2727	0.00002875
7971	0.00002874
954	0.00002872
9714	0.00002872
3874	0.00002871
9346	0.00002871
2403	0.00002870
4110	0.00002870
4208	0.00002869
5041	0.00002869
8455	0.00002869
7830	0.00002868
2229	0.00002866
2855	0.00002866
5156	0.00002864
6911	0.00002862
2092	0.00002860
6787	0.00002860
8975	0.00002860
3054	0.00002859
7186	0.00002858
4671	0.00002857
6093	0.00002856
8478	0.00002856
2922	0.00002855
7488	0.00002853
4358	0.00002852
4588	0.00002852
8526	0.00002852
5390	0.00002851
2874	0.00002850
3220	0.00002850
5924	0.00002850
2484	0.00002849
4197	0.00002849
851	0.00002849
1935	0.00002847
5114	0.00002847
2916	0.00002846
4039	0.00002846
2767	0.00002845
3646	0.00002844
8135	0.00002844
9835	0.00002844
6549	0.00002842
1023	0.00002841
1602	0.00002841
2082	0.00002841
5014	0.00002841
2327	0.00002840
2197	0.00002836
3124	0.00002836
4326	0.00002835
5686	0.00002835
4259	0.00002834
5158	0.00002834
6881	0.00002833
2279	0.00002832
4744	0.00002832
5566	0.00002832
7984	0.00002832
1969	0.00002831
816	0.00002831
2233	0.00002830
8053	0.00002824
7658	0.00002821
9974	0.00002821
3628	0.00002820
910	0.00002820
3455	0.00002819
5359	0.00002819
1673	0.00002817
1764	0.00002816
3375	0.00002816
7768	0.00002816
7929	0.00002815
1782	0.00002814
1787	0.00002814
3042	0.00002814
3609	0.00002814
5756	0.00002814
4661	0.00002813
5719	0.00002813
1711	0.00002812
1945	0.00002811
3219	0.00002810
1413	0.00002809
6403	0.00002808
2554	0.00002807
1949	0.00002806
4904	0.00002806
623	0.00002806
1834	0.00002805
2905	0.00002805
1577	0.00002804
5434	0.00002802
6552	0.00002801
2122	0.00002800
4727	0.00002798
3796	0.00002795
6898	0.00002795
4962	0.00002794
5607	0.00002794
9101	0.00002794
1543	0.00002793
2388	0.00002792
248	0.00002792
2611	0.00002792
6546	0.00002792
7572	0.00002792
8956	0.00002792
2378	0.00002791
3479	0.00002791
4875	0.00002791
5522	0.00002791
6122	0.00002791
2135	0.00002790
3854	0.00002789
1282	0.00002788
1378	0.00002788
1486	0.00002787
4948	0.00002787
1962	0.00002785
465	0.00002785
876	0.00002784
5843	0.00002782
2208	0.00002780
2808	0.00002780
7363	0.00002780
1999	0.00002779
4684	0.00002779
882	0.00002779
2436	0.00002778
6621	0.00002778
6849	0.00002778
7722	0.00002778
2123	0.00002777
3204	0.00002777
7539	0.00002777
3096	0.00002775
7280	0.00002775
5157	0.00002774
6423	0.00002774
3514	0.00002772
1326	0.00002771
6045	0.00002771
2992	0.00002769
3676	0.00002767
2367	0.00002766
4014	0.00002765
3487	0.00002764
6157	0.00002763
8284	0.00002762
8672	0.00002762
3894	0.00002761
9507	0.00002761
2132	0.00002760
2643	0.00002760
397	0.00002760
5782	0.00002760
6569	0.00002758
8980	0.00002758
1552	0.00002757
4420	0.00002756
6380	0.00002756
1890	0.00002755
1123	0.00002753
7911	0.00002753
9962	0.00002753
4624	0.00002751
3529	0.00002749
566	0.00002749
8012	0.00002749
8600	0.00002749
347	0.00002747
5670	0.00002746
5725	0.00002746
8002	0.00002745
1605	0.00002744
1219	0.00002743
9592	0.00002743
8075	0.00002742
1873	0.00002738
2717	0.00002738
6385	0.00002738
8790	0.00002737
6817	0.00002736
2087	0.00002735
399	0.00002735
4207	0.00002734
6374	0.00002734
6433	0.00002734
1665	0.00002733
9621	0.00002732
2606	0.00002730
5894	0.00002727
2387	0.00002726
3671	0.00002726
3873	0.00002726
558	0.00002725
2867	0.00002724
4021	0.00002724
3417	0.00002723
2970	0.00002722
4645	0.00002722
5449	0.00002722
6188	0.00002721
212	0.00002720
9051	0.00002720
9320	0.00002720
4070	0.00002719
5774	0.00002719
8434	0.00002719
4960	0.00002718
8670	0.00002718
5191	0.00002717
1309	0.00002716
4999	0.00002716
3161	0.00002715
1651	0.00002714
1910	0.00002714
8735	0.00002714
3447	0.00002713
4718	0.00002712
2355	0.00002710
4053	0.00002709
1979	0.00002708
3103	0.00002708
4241	0.00002708
1159	0.00002707
2572	0.00002707
5578	0.00002707
3071	0.00002706
3985	0.00002706
8678	0.00002705
9809	0.00002705
6694	0.00002704
8297	0.00002704
2119	0.00002701
3234	0.00002701
3465	0.00002701
5662	0.00002701
7221	0.00002701
3213	0.00002700
2057	0.00002698
523	0.00002698
2065	0.00002696
7420	0.00002695
3320	0.00002694
9746	0.00002694
8867	0.00002693
8166	0.00002692
1471	0.00002691
2555	0.00002691
6189	0.00002691
3992	0.00002690
9725	0.00002690
5955	0.00002689
3091	0.00002688
3587	0.00002688
2213	0.00002687
5078	0.00002687
5093	0.00002686
2624	0.00002685
2954	0.00002685
5786	0.00002685
3160	0.00002684
2113	0.00002683
654	0.00002683
7675	0.00002683
3391	0.00002682
9606	0.00002682
3930	0.00002681
9864	0.00002680
3036	0.00002679
2443	0.00002678
2768	0.00002677
4188	0.00002677
5069	0.00002677
7081	0.00002677
4997	0.00002676
9414	0.00002676
3410	0.00002674
3731	0.00002674
695	0.00002674
9553	0.00002674
1103	0.00002671
9360	0.00002670
4220	0.00002668
2774	0.00002667
3488	0.00002667
7332	0.00002667
1546	0.00002666
2753	0.00002666
4851	0.00002666
6627	0.00002666
2374	0.00002665
3818	0.00002665
3663	0.00002664
9009	0.00002664
6395	0.00002663
8242	0.00002663
3080	0.00002662
7544	0.00002662
8052	0.00002662
3282	0.00002661
4019	0.00002661
4140	0.00002661
5550	0.00002661
9688	0.00002660
5346	0.00002659
6416	0.00002659
5814	0.00002658
6880	0.00002657
1974	0.00002655
1603	0.00002654
2150	0.00002654
1749	0.00002653
9212	0.00002653
2805	0.00002652
6404	0.00002651
6871	0.00002651
3765	0.00002649
2445	0.00002647
2631	0.00002647
3233	0.00002647
3801	0.00002645
6479	0.00002645
6162	0.00002644
7574	0.00002644
2333	0.00002643
5291	0.00002643
181	0.00002642
4894	0.00002642
5142	0.00002642
1835	0.00002641
2467	0.00002640
1518	0.00002639
2391	0.00002639
2715	0.00002639
9076	0.00002639
6839	0.00002637
6318	0.00002636
7116	0.00002636
4199	0.00002635
5230	0.00002635
1334	0.00002634
1759	0.00002631
2976	0.00002631
5571	0.00002631
7643	0.00002631
8491	0.00002630
9806	0.00002630
3957	0.00002629
9288	0.00002629
3645	0.00002628
5913	0.00002628
2212	0.00002627
7057	0.00002627
5948	0.00002624
6182	0.00002624
1384	0.00002623
4783	0.00002623
3355	0.00002622
6219	0.00002622
8077	0.00002622
1637	0.00002621
3356	0.00002620
4192	0.00002620
5396	0.00002620
9313	0.00002620
4854	0.00002619
6099	0.00002619
8286	0.00002618
3880	0.00002617
5492	0.00002617
3512	0.00002616
5638	0.00002615
1175	0.00002614
1918	0.00002614
4622	0.00002613
7947	0.00002612
2542	0.00002609
5834	0.00002609
9509	0.00002609
504	0.00002608
6758	0.00002608
2665	0.00002607
561	0.00002606
2884	0.00002602
5197	0.00002602
8772	0.00002602
3005	0.00002599
1065	0.00002598
4200	0.00002598
3713	0.00002597
6015	0.00002597
2000	0.00002595
2673	0.00002594
3095	0.00002593
8585	0.00002593
309	0.00002592
5615	0.00002592
2824	0.00002589
2639	0.00002588
8121	0.00002588
825	0.00002588
2769	0.00002587
1836	0.00002586
1360	0.00002585
3291	0.00002585
4461	0.00002585
4337	0.00002584
9517	0.00002583
1688	0.00002582
2297	0.00002582
3668	0.00002581
767	0.00002581
4340	0.00002580
8538	0.00002579
3317	0.00002577
4257	0.00002577
600	0.00002577
3357	0.00002575
3928	0.00002575
2603	0.00002574
3548	0.00002573
5584	0.00002573
9839	0.00002572
3958	0.00002571
1216	0.00002569
2800	0.00002568
3038	0.00002566
4882	0.00002566
6183	0.00002566
7791	0.00002564
1173	0.00002563
5199	0.00002563
2586	0.00002562
3416	0.00002562
3980	0.00002562
2011	0.00002561
413	0.00002561
5385	0.00002561
772	0.00002560
1409	0.00002559
3315	0.00002559
1451	0.00002558
1689	0.00002558
840	0.00002558
1561	0.00002557
1973	0.00002555
5046	0.00002555
9099	0.00002555
2491	0.00002554
4356	0.00002552
3922	0.00002551
5987	0.00002551
4611	0.00002550
8627	0.00002550
2997	0.00002548
6663	0.00002546
6928	0.00002546
7751	0.00002545
446	0.00002543
2702	0.00002542
8885	0.00002542
3272	0.00002541
2913	0.00002540
3597	0.00002540
3081	0.00002539
1396	0.00002538
411	0.00002538
428	0.00002537
4623	0.00002536
5609	0.00002534
5408	0.00002532
6836	0.00002532
859	0.00002531
2319	0.00002530
4113	0.00002530
1977	0.00002529
6023	0.00002528
6056	0.00002528
7131	0.00002528
3032	0.00002527
4805	0.00002527
4868	0.00002527
2364	0.00002526
3286	0.00002526
6053	0.00002526
1145	0.00002524
156	0.00002524
5519	0.00002524
2283	0.00002523
3140	0.00002523
3638	0.00002523
5384	0.00002523
1093	0.00002521
2014	0.00002521
3016	0.00002521
4514	0.00002520
203	0.00002519
3041	0.00002519
2618	0.00002518
4887	0.00002518
3989	0.00002517
6896	0.00002517
4690	0.00002516
6368	0.00002516
6791	0.00002515
3373	0.00002514
4412	0.00002514
5001	0.00002514
5788	0.00002514
7411	0.00002513
8216	0.00002513
9668	0.00002513
1717	0.00002512
3392	0.00002512
6463	0.00002512
9665	0.00002512
2590	0.00002511
1162	0.00002510
4800	0.00002507
2081	0.00002506
6039	0.00002506
5879	0.00002505
4694	0.00002504
5525	0.00002504
9412	0.00002504
1645	0.00002503
7151	0.00002503
7883	0.00002503
1345	0.00002502
758	0.00002501
1539	0.00002500
564	0.00002500
4988	0.00002498
2557	0.00002497
5317	0.00002497
1212	0.00002496
4202	0.00002496
4910	0.00002495
3194	0.00002494
5209	0.00002493
8028	0.00002493
7528	0.00002492
5710	0.00002491
5959	0.00002491
4213	0.00002490
7607	0.00002490
1325	0.00002488
1459	0.00002488
1723	0.00002488
2232	0.00002488
7476	0.00002488
2602	0.00002487
5268	0.00002487
2180	0.00002486
3437	0.00002486
3863	0.00002485
5358	0.00002485
2127	0.00002484
7795	0.00002483
4158	0.00002479
8469	0.00002479
2585	0.00002478
700	0.00002478
9811	0.00002477
2514	0.00002476
5393	0.00002476
2207	0.00002475
3477	0.00002475
4568	0.00002475
5173	0.00002475
4238	0.00002473
6816	0.00002472
6974	0.00002472
994	0.00002472
3650	0.00002471
4068	0.00002470
5266	0.00002470
890	0.00002470
175	0.00002469
5208	0.00002469
5784	0.00002469
6394	0.00002467
709	0.00002467
4440	0.00002466
5808	0.00002466
941	0.00002466
1458	0.00002465
7923	0.00002465
1893	0.00002464
1944	0.00002463
5556	0.00002463
8045	0.00002463
9329	0.00002463
2071	0.00002462
7577	0.00002462
4767	0.00002461
791	0.00002461
8170	0.00002461
937	0.00002459
1707	0.00002458
4656	0.00002458
2401	0.00002456
3849	0.00002456
2530	0.00002455
5240	0.00002455
1757	0.00002454
5532	0.00002453
6271	0.00002453
81	0.00002453
4018	0.00002452
9897	0.00002452
2528	0.00002451
3436	0.00002451
5887	0.00002451
976	0.00002451
1906	0.00002449
3149	0.00002449
5627	0.00002449
1014	0.00002448
1048	0.00002448
1709	0.00002447
2284	0.00002447
3298	0.00002447
701	0.00002447
1466	0.00002446
2149	0.00002446
7386	0.00002446
4368	0.00002445
4449	0.00002444
1333	0.00002443
2289	0.00002443
2844	0.00002443
3851	0.00002442
6720	0.00002442
8200	0.00002441
4679	0.00002440
6170	0.00002440
1179	0.00002439
6840	0.00002439
817	0.00002439
3547	0.00002438
3870	0.00002438
5548	0.00002438
3425	0.00002437
4149	0.00002436
1050	0.00002435
1741	0.00002435
5838	0.00002433
1209	0.00002432
8088	0.00002432
1301	0.00002430
214	0.00002430
2906	0.00002430
3719	0.00002430
4850	0.00002430
8522	0.00002430
2299	0.00002429
6489	0.00002429
2211	0.00002428
5148	0.00002428
792	0.00002427
9425	0.00002427
3134	0.00002425
3991	0.00002425
7806	0.00002425
8244	0.00002425
1066	0.00002424
2744	0.00002422
1569	0.00002421
2189	0.00002421
2505	0.00002421
7507	0.00002421
9500	0.00002420
6339	0.00002419
2562	0.00002418
2889	0.00002418
2645	0.00002417
4127	0.00002417
5044	0.00002417
2841	0.00002416
5341	0.00002416
8057	0.00002416
9413	0.00002415
4959	0.00002414
2936	0.00002413
3379	0.00002412
1948	0.00002411
556	0.00002411
1541	0.00002410
1733	0.00002410
9556	0.00002410
5025	0.00002409
5735	0.00002409
8067	0.00002409
3589	0.00002408
5796	0.00002408
2291	0.00002407
6963	0.00002407
3364	0.00002406
8553	0.00002406
1007	0.00002404
2250	0.00002404
2556	0.00002404
2698	0.00002404
1426	0.00002402
1243	0.00002401
1597	0.00002401
4222	0.00002401
5469	0.00002401
9541	0.00002400
2839	0.00002399
5242	0.00002399
1377	0.00002398
5338	0.00002398
9722	0.00002398
1125	0.00002397
3489	0.00002397
6831	0.00002395
1952	0.00002394
3025	0.00002394
3468	0.00002393
2543	0.00002391
2732	0.00002391
60	0.00002391
7762	0.00002391
7927	0.00002391
1205	0.00002390
1355	0.00002390
4324	0.00002390
5087	0.00002390
5746	0.00002389
3378	0.00002388
4507	0.00002387
2801	0.00002386
2205	0.00002385
2721	0.00002384
3326	0.00002384
3760	0.00002384
3994	0.00002384
5331	0.00002384
1187	0.00002383
2176	0.00002383
4353	0.00002383
1925	0.00002382
3739	0.00002382
6409	0.00002382
6619	0.00002382
3925	0.00002381
950	0.00002381
3901	0.00002378
1927	0.00002377
8985	0.00002377
3123	0.00002376
3592	0.00002376
1822	0.00002375
1870	0.00002374
3211	0.00002374
9661	0.00002374
308	0.00002372
6197	0.00002372
4254	0.00002371
4453	0.00002371
5604	0.00002371
4925	0.00002370
5201	0.00002370
5329	0.00002369
8432	0.00002369
9084	0.00002369
5048	0.00002368
870	0.00002368
5667	0.00002367
5847	0.00002367
2850	0.00002366
4610	0.00002366
7364	0.00002366
6257	0.00002365
5944	0.00002364
6835	0.00002364
7468	0.00002364
8291	0.00002364
777	0.00002363
4515	0.00002362
6263	0.00002362
1190	0.00002361
1521	0.00002361
2152	0.00002361
7557	0.00002361
3421	0.00002360
7630	0.00002360
4131	0.00002359
1252	0.00002358
2534	0.00002358
4620	0.00002357
1174	0.00002356
1296	0.00002355
1303	0.00002355
2596	0.00002354
3208	0.00002354
6324	0.00002354
6378	0.00002354
9450	0.00002354
531	0.00002353
1675	0.00002352
6004	0.00002352
3059	0.00002351
3955	0.00002351
5708	0.00002351
7482	0.00002351
7719	0.00002351
4747	0.00002350
6601	0.00002350
3275	0.00002349
869	0.00002349
5368	0.00002348
2523	0.00002347
5613	0.00002347
3319	0.00002346
7184	0.00002346
7289	0.00002346
9205	0.00002346
365	0.00002345
2452	0.00002343
3905	0.00002343
956	0.00002343
6169	0.00002342
4565	0.00002341
8211	0.00002341
4436	0.00002340
9330	0.00002340
6526	0.00002339
7010	0.00002339
2823	0.00002338
432	0.00002338
5540	0.00002338
1860	0.00002337
2156	0.00002337
4651	0.00002336
2438	0.00002334
2595	0.00002334
164	0.00002332
1861	0.00002331
2929	0.00002331
3466	0.00002331
7094	0.00002331
1455	0.00002330
316	0.00002330
5679	0.00002330
7073	0.00002330
827	0.00002329
4630	0.00002328
9667	0.00002328
2980	0.00002327
5151	0.00002327
8895	0.00002327
8688	0.00002326
4423	0.00002323
7958	0.00002323
9014	0.00002323
5076	0.00002322
1112	0.00002321
2237	0.00002321
4260	0.00002320
5976	0.00002320
2638	0.00002319
9149	0.00002319
3117	0.00002318
3212	0.00002317
6330	0.00002317
1170	0.00002316
4300	0.00002316
7945	0.00002315
4429	0.00002314
9927	0.00002314
1990	0.00002312
6115	0.00002312
8267	0.00002312
6251	0.00002311
3135	0.00002310
3793	0.00002310
678	0.00002309
3500	0.00002308
1492	0.00002307
940	0.00002307
2488	0.00002306
3169	0.00002306
636	0.00002306
3294	0.00002305
6134	0.00002305
6577	0.00002305
1340	0.00002304
1449	0.00002304
7012	0.00002304
1299	0.00002303
3776	0.00002303
8178	0.00002303
2930	0.00002301
384	0.00002301
7266	0.00002300
4075	0.00002298
5817	0.00002297
2226	0.00002296
1953	0.00002295
2264	0.00002295
3850	0.00002295
6032	0.00002295
988	0.00002295
2465	0.00002294
3420	0.00002294
3057	0.00002293
2772	0.00002292
1399	0.00002291
1954	0.00002291
8752	0.00002291
2090	0.00002290
4459	0.00002290
2676	0.00002288
3982	0.00002288
730	0.00002288
1448	0.00002287
5181	0.00002287
1447	0.00002286
2130	0.00002285
3610	0.00002285
3010	0.00002284
3205	0.00002284
3227	0.00002284
6477	0.00002283
2888	0.00002282
2551	0.00002281
3407	0.00002281
3193	0.00002280
7067	0.00002280
928	0.00002280
1357	0.00002279
3577	0.00002279
4812	0.00002278
6680	0.00002278
2383	0.00002277
5037	0.00002277
7636	0.00002277
5149	0.00002276
3935	0.00002275
2251	0.00002274
2825	0.00002274
3721	0.00002274
7571	0.00002274
780	0.00002274
1938	0.00002273
2242	0.00002273
4549	0.00002273
8724	0.00002273
9582	0.00002273
2802	0.00002272
8934	0.00002272
1116	0.00002271
3087	0.00002271
4849	0.00002271
5859	0.00002269
1666	0.00002266
3599	0.00002266
5954	0.00002265
5515	0.00002264
3842	0.00002263
4323	0.00002263
5570	0.00002263
1000	0.00002262
1358	0.00002262
3975	0.00002262
5195	0.00002262
839	0.00002262
1034	0.00002261
1332	0.00002261
565	0.00002261
3672	0.00002260
1418	0.00002259
3177	0.00002259
1515	0.00002258
3281	0.00002258
1177	0.00002257
2486	0.00002256
2818	0.00002256
3040	0.00002256
3451	0.00002256
4473	0.00002256
5330	0.00002256
1068	0.00002255
9296	0.00002255
1054	0.00002254
2019	0.00002254
3445	0.00002254
3783	0.00002254
644	0.00002253
3248	0.00002252
7392	0.00002252
9388	0.00002252
1991	0.00002251
2784	0.00002251
8999	0.00002250
1456	0.00002249
3654	0.00002248
7176	0.00002248
2276	0.00002247
3738	0.00002247
4797	0.00002247
796	0.00002246
3497	0.00002245
8747	0.00002245
5589	0.00002244
1004	0.00002243
2720	0.00002243
3446	0.00002243
2148	0.00002242
2575	0.00002242
5811	0.00002242
2597	0.00002241
5474	0.00002241
9206	0.00002241
1567	0.00002239
2897	0.00002237
5996	0.00002237
5919	0.00002236
4707	0.00002235
2418	0.00002234
5382	0.00002233
1495	0.00002232
4211	0.00002232
2155	0.00002231
3013	0.00002231
7252	0.00002231
1484	0.00002230
2094	0.00002230
2726	0.00002230
9369	0.00002230
1026	0.00002228
2216	0.00002228
3536	0.00002228
929	0.00002228
2537	0.00002227
4058	0.00002227
1446	0.00002226
4196	0.00002225
2926	0.00002224
3452	0.00002223
8175	0.00002223
1105	0.00002222
2341	0.00002222
6419	0.00002222
2707	0.00002221
2817	0.00002221
3667	0.00002220
513	0.00002220
4314	0.00002219
8215	0.00002218
4977	0.00002217
1400	0.00002215
2853	0.00002215
3190	0.00002215
389	0.00002215
458	0.00002215
2225	0.00002214
3358	0.00002214
4104	0.00002214
5319	0.00002214
7040	0.00002214
7593	0.00002214
8574	0.00002214
5789	0.00002213
5176	0.00002212
1090	0.00002211
2030	0.00002211
3639	0.00002211
3712	0.00002211
405	0.00002211
1537	0.00002210
2158	0.00002210
2309	0.00002210
3274	0.00002210
3427	0.00002210
9782	0.00002210
1039	0.00002209
2895	0.00002209
4683	0.00002209
3557	0.00002208
4270	0.00002206
6573	0.00002206
1142	0.00002205
2642	0.00002205
5412	0.00002205
5497	0.00002205
1136	0.00002204
1913	0.00002204
3885	0.00002204
1907	0.00002203
2539	0.00002203
3173	0.00002203
6728	0.00002203
1043	0.00002202
868	0.00002202
9255	0.00002202
1021	0.00002201
1141	0.00002201
198	0.00002201
5064	0.00002201
6382	0.00002201
5521	0.00002200
7895	0.00002199
1148	0.00002198
1649	0.00002198
1740	0.00002198
2746	0.00002198
2915	0.00002198
953	0.00002198
1613	0.00002197
1972	0.00002197
4575	0.00002197
5106	0.00002196
2487	0.00002195
5991	0.00002195
9752	0.00002195
2107	0.00002194
3092	0.00002194
4572	0.00002194
8842	0.00002194
3352	0.00002193
8114	0.00002193
1227	0.00002192
236	0.00002192
2495	0.00002192
4320	0.00002192
5897	0.00002192
2046	0.00002191
560	0.00002191
1272	0.00002190
5884	0.00002190
1572	0.00002189
2890	0.00002189
3518	0.00002189
6420	0.00002189
7961	0.00002189
3664	0.00002188
572	0.00002188
4763	0.00002187
2942	0.00002186
2736	0.00002185
3338	0.00002185
4869	0.00002185
1744	0.00002184
657	0.00002184
2247	0.00002183
8438	0.00002182
3325	0.00002181
3237	0.00002180
4768	0.00002180
3021	0.00002179
6778	0.00002179
4659	0.00002178
4224	0.00002177
4648	0.00002177
222	0.00002176
2234	0.00002176
3554	0.00002176
1452	0.00002175
245	0.00002175
2859	0.00002175
4047	0.00002175
4433	0.00002175
1405	0.00002174
3442	0.00002174
5187	0.00002174
5588	0.00002174
3067	0.00002173
4354	0.00002173
4699	0.00002173
604	0.00002173
2448	0.00002172
2644	0.00002172
1158	0.00002171
4822	0.00002171
2048	0.00002170
4109	0.00002170
4204	0.00002170
8763	0.00002170
1616	0.00002169
3940	0.00002169
4900	0.00002169
9462	0.00002169
2737	0.00002168
2214	0.00002167
2231	0.00002167
2904	0.00002167
9744	0.00002167
7889	0.00002165
1178	0.00002164
1444	0.00002164
5745	0.00002164
9187	0.00002163
9646	0.00002163
252	0.00002162
4015	0.00002162
2567	0.00002161
4299	0.00002161
1828	0.00002160
8731	0.00002160
1092	0.00002159
6194	0.00002159
9194	0.00002159
8658	0.00002157
6336	0.00002156
7214	0.00002155
8439	0.00002155
9454	0.00002155
2640	0.00002154
5985	0.00002154
6357	0.00002154
3816	0.00002153
4928	0.00002153
1820	0.00002152
3007	0.00002152
329	0.00002152
3938	0.00002152
4282	0.00002152
2628	0.00002151
4619	0.00002151
4856	0.00002150
9629	0.00002150
4310	0.00002149
1908	0.00002148
3558	0.00002148
3658	0.00002148
3661	0.00002148
4750	0.00002148
5979	0.00002148
1601	0.00002146
1664	0.00002146
208	0.00002146
4443	0.00002146
4357	0.00002144
2816	0.00002143
7959	0.00002143
2965	0.00002142
769	0.00002142
895	0.00002142
9840	0.00002141
4017	0.00002136
8213	0.00002135
9644	0.00002135
3265	0.00002134
5420	0.00002134
7599	0.00002134
3482	0.00002132
736	0.00002131
363	0.00002130
3942	0.00002130
8930	0.00002130
1472	0.00002129
1726	0.00002129
7805	0.00002129
431	0.00002128
5029	0.00002128
1997	0.00002127
2988	0.00002127
1152	0.00002126
4598	0.00002126
6706	0.00002126
2338	0.00002125
73	0.00002124
3051	0.00002123
4307	0.00002122
5354	0.00002122
1830	0.00002121
670	0.00002121
235	0.00002120
4268	0.00002120
2764	0.00002119
3221	0.00002119
4372	0.00002119
2477	0.00002118
2761	0.00002118
8839	0.00002118
9271	0.00002118
2406	0.00002117
4907	0.00002117
8302	0.00002117
9769	0.00002117
239	0.00002116
6970	0.00002115
1920	0.00002113
7674	0.00002113
8551	0.00002113
1630	0.00002112
3551	0.00002112
3698	0.00002110
8248	0.00002110
5249	0.00002109
2598	0.00002108
3083	0.00002108
7442	0.00002108
4916	0.00002107
1724	0.00002106
1963	0.00002106
2552	0.00002106
6166	0.00002106
5252	0.00002105
1650	0.00002104
1672	0.00002104
1968	0.00002104
7241	0.00002104
2659	0.00002103
2795	0.00002103
6306	0.00002103
9153	0.00002103
404	0.00002102
1985	0.00002101
2814	0.00002101
7741	0.00002101
855	0.00002101
1538	0.00002099
5193	0.00002099
9290	0.00002099
5328	0.00002098
2765	0.00002097
3755	0.00002097
5171	0.00002097
5842	0.00002097
4071	0.00002096
2072	0.00002095
6360	0.00002095
1461	0.00002094
2376	0.00002094
303	0.00002094
1961	0.00002093
694	0.00002093
4394	0.00002092
2654	0.00002091
2996	0.00002091
615	0.00002091
8323	0.00002091
1737	0.00002089
1872	0.00002089
4626	0.00002089
8177	0.00002089
7143	0.00002088
1339	0.00002087
1896	0.00002087
3384	0.00002087
7652	0.00002087
97	0.00002087
4559	0.00002086
7907	0.00002086
8365	0.00002085
1164	0.00002084
5166	0.00002084
648	0.00002084
1995	0.00002083
4995	0.00002083
1051	0.00002082
2425	0.00002082
3539	0.00002081
142	0.00002080
4171	0.00002080
5737	0.00002079
6462	0.00002079
3462	0.00002078
1206	0.00002077
415	0.00002077
5423	0.00002077
7085	0.00002077
1256	0.00002076
3210	0.00002076
451	0.00002075
6136	0.00002074
691	0.00002074
7313	0.00002074
2305	0.00002073
270	0.00002073
3126	0.00002073
3959	0.00002073
4094	0.00002073
6123	0.00002072
6327	0.00002072
867	0.00002072
1058	0.00002071
2163	0.00002071
3069	0.00002071
3093	0.00002071
3926	0.00002071
2833	0.00002070
5012	0.00002070
688	0.00002070
7165	0.00002070
1067	0.00002069
4248	0.00002069
755	0.00002069
3034	0.00002067
8046	0.00002067
942	0.00002067
3192	0.00002066
746	0.00002066
8765	0.00002066
4788	0.00002065
3746	0.00002064
4079	0.00002064
4271	0.00002064
4359	0.00002064
6208	0.00002064
7021	0.00002064
9359	0.00002064
3206	0.00002063
632	0.00002063
7051	0.00002062
784	0.00002062
811	0.00002062
2625	0.00002061
3753	0.00002061
586	0.00002061
743	0.00002061
3147	0.00002060
4095	0.00002060
786	0.00002060
2464	0.00002057
1433	0.00002056
2318	0.00002055
3987	0.00002054
4642	0.00002054
487	0.00002054
991	0.00002054
3202	0.00002052
4555	0.00002052
1047	0.00002050
1154	0.00002050
1719	0.00002050
3284	0.00002050
6667	0.00002050
2313	0.00002048
543	0.00002048
1500	0.00002047
2508	0.00002047
3260	0.00002047
388	0.00002047
5290	0.00002047
7175	0.00002047
4704	0.00002046
2080	0.00002045
6977	0.00002045
2026	0.00002044
295	0.00002044
4227	0.00002044
4474	0.00002044
5703	0.00002044
115	0.00002043
4485	0.00002043
1457	0.00002042
2792	0.00002042
3675	0.00002042
3904	0.00002042
4277	0.00002042
3513	0.00002041
6681	0.00002041
563	0.00002040
6737	0.00002040
2145	0.00002039
1359	0.00002038
1119	0.00002037
1504	0.00002037
3843	0.00002037
479	0.00002037
1230	0.00002036
3988	0.00002036
491	0.00002036
1194	0.00002034
9136	0.00002034
2099	0.00002033
3747	0.00002033
4030	0.00002033
4723	0.00002033
1024	0.00002032
1224	0.00002032
1693	0.00002032
3778	0.00002030
537	0.00002030
1365	0.00002029
6060	0.00002029
8416	0.00002029
8470	0.00002029
1002	0.00002028
1088	0.00002028
4100	0.00002028
759	0.00002028
2164	0.00002027
4769	0.00002027
445	0.00002026
1080	0.00002025
1742	0.00002025
880	0.00002025
5831	0.00002023
779	0.00002022
6390	0.00002021
1620	0.00002020
800	0.00002020
1547	0.00002019
3528	0.00002019
4445	0.00002019
4710	0.00002019
3454	0.00002018
4859	0.00002018
6087	0.00002018
3386	0.00002017
4993	0.00002017
1115	0.00002016
1748	0.00002016
1151	0.00002015
1450	0.00002015
846	0.00002015
3790	0.00002014
2489	0.00002012
712	0.00002012
9072	0.00002012
3722	0.00002011
900	0.00002011
2260	0.00002010
5108	0.00002010
7441	0.00002010
2215	0.00002009
886	0.00002009
2077	0.00002008
2377	0.00002008
3107	0.00002008
620	0.00002008
6457	0.00002007
2652	0.00002006
3127	0.00002006
3805	0.00002006
1028	0.00002005
2706	0.00002005
692	0.00002004
394	0.00002003
1372	0.00002002
59	0.00002002
6317	0.00002002
5868	0.00002001
109	0.00001999
375	0.00001999
3105	0.00001998
583	0.00001998
1614	0.00001997
1658	0.00001997
2502	0.00001997
2694	0.00001997
1030	0.00001996
2570	0.00001996
2862	0.00001996
26	0.00001995
3486	0.00001995
980	0.00001995
1368	0.00001994
6469	0.00001994
2084	0.00001993
6885	0.00001993
7548	0.00001993
852	0.00001993
1490	0.00001989
1802	0.00001989
8858	0.00001989
1474	0.00001988
392	0.00001988
4606	0.00001988
607	0.00001988
9716	0.00001988
1032	0.00001987
2118	0.00001987
1799	0.00001984
5830	0.00001984
979	0.00001984
2687	0.00001983
1660	0.00001982
3709	0.00001982
5326	0.00001982
5467	0.00001982
720	0.00001981
765	0.00001979
2366	0.00001978
6261	0.00001978
3099	0.00001977
1708	0.00001976
4618	0.00001976
1238	0.00001975
4760	0.00001974
1382	0.00001972
183	0.00001972
288	0.00001972
3693	0.00001972
6195	0.00001972
836	0.00001972
1147	0.00001971
1469	0.00001971
808	0.00001971
899	0.00001971
9174	0.00001971
5056	0.00001970
6810	0.00001970
8385	0.00001970
1844	0.00001969
2998	0.00001969
3359	0.00001969
1281	0.00001968
1841	0.00001968
1875	0.00001968
3553	0.00001968
824	0.00001968
898	0.00001968
3142	0.00001967
9218	0.00001967
244	0.00001966
3008	0.00001965
1611	0.00001964
1819	0.00001964
2028	0.00001964
1064	0.00001963
1522	0.00001963
740	0.00001963
7852	0.00001963
9940	0.00001963
189	0.00001962
3297	0.00001962
1798	0.00001961
1928	0.00001961
278	0.00001961
8953	0.00001961
3740	0.00001960
9056	0.00001960
3541	0.00001959
3118	0.00001958
332	0.00001957
4063	0.00001957
1564	0.00001956
3617	0.00001956
8910	0.00001956
7477	0.00001955
1509	0.00001954
9117	0.00001954
4243	0.00001953
1778	0.00001952
3726	0.00001951
4407	0.00001951
1829	0.00001950
2569	0.00001950
1327	0.00001949
1662	0.00001949
2064	0.00001949
5969	0.00001949
922	0.00001949
2576	0.00001948
2969	0.00001946
494	0.00001946
612	0.00001946
995	0.00001945
4589	0.00001944
501	0.00001944
6995	0.00001943
819	0.00001942
2360	0.00001941
2472	0.00001941
643	0.00001940
354	0.00001939
4162	0.00001939
6355	0.00001939
889	0.00001939
92	0.00001939
1580	0.00001938
321	0.00001938
82	0.00001938
1487	0.00001935
574	0.00001935
7324	0.00001935
1510	0.00001933
4685	0.00001933
6362	0.00001933
663	0.00001933
7234	0.00001932
963	0.00001932
1534	0.00001931
1951	0.00001930
955	0.00001930
2343	0.00001929
2899	0.00001929
3526	0.00001929
5893	0.00001929
3887	0.00001928
594	0.00001928
6792	0.00001928
7821	0.00001928
1905	0.00001927
412	0.00001927
4180	0.00001927
747	0.00001927
1371	0.00001925
1497	0.00001925
1947	0.00001925
2270	0.00001925
2272	0.00001924
3785	0.00001924
8512	0.00001924
1008	0.00001922
3852	0.00001922
708	0.00001922
7725	0.00001922
2912	0.00001921
3691	0.00001921
448	0.00001921
1994	0.00001920
254	0.00001920
1012	0.00001919
8694	0.00001919
9609	0.00001919
1057	0.00001918
1157	0.00001917
4178	0.00001917
974	0.00001917
1385	0.00001916
927	0.00001916
1568	0.00001914
2716	0.00001914
7868	0.00001914
498	0.00001913
1394	0.00001912
3345	0.00001912
4360	0.00001912
1668	0.00001911
3567	0.00001911
2660	0.00001909
6869	0.00001909
3895	0.00001908
121	0.00001907
1258	0.00001907
1793	0.00001907
2202	0.00001907
3253	0.00001907
1464	0.00001906
3507	0.00001906
355	0.00001906
490	0.00001906
1053	0.00001905
1581	0.00001905
896	0.00001905
2560	0.00001904
3188	0.00001904
5541	0.00001904
1042	0.00001903
1261	0.00001903
1566	0.00001903
209	0.00001903
5628	0.00001903
5901	0.00001903
1888	0.00001902
261	0.00001902
4234	0.00001902
666	0.00001902
1781	0.00001901
3864	0.00001901
723	0.00001901
2490	0.00001900
260	0.00001900
5135	0.00001900
904	0.00001900
892	0.00001899
4663	0.00001898
7128	0.00001898
2966	0.00001897
1062	0.00001896
1583	0.00001896
1682	0.00001896
1915	0.00001895
2277	0.00001895
1722	0.00001894
2020	0.00001893
3494	0.00001893
1114	0.00001892
875	0.00001892
938	0.00001892
2018	0.00001891
2256	0.00001891
2678	0.00001891
289	0.00001891
7069	0.00001890
8709	0.00001890
8764	0.00001890
2949	0.00001889
80	0.00001889
8997	0.00001889
925	0.00001889
1579	0.00001888
2437	0.00001887
3243	0.00001887
37	0.00001887
1617	0.00001886
2186	0.00001886
401	0.00001886
2760	0.00001885
3976	0.00001885
7399	0.00001885
596	0.00001884
1165	0.00001883
386	0.00001883
101	0.00001882
1542	0.00001882
38	0.00001882
8236	0.00001882
147	0.00001881
2627	0.00001881
2199	0.00001880
3207	0.00001880
1429	0.00001879
1485	0.00001879
629	0.00001879
2322	0.00001878
4814	0.00001878
2335	0.00001877
3165	0.00001877
2032	0.00001875
2337	0.00001875
3537	0.00001875
5214	0.00001875
1266	0.00001874
3448	0.00001874
3967	0.00001874
798	0.00001874
2775	0.00001873
789	0.00001873
1338	0.00001872
1720	0.00001872
1109	0.00001871
5216	0.00001871
65	0.00001871
1289	0.00001870
4393	0.00001870
9100	0.00001870
2558	0.00001869
263	0.00001869
5527	0.00001869
70	0.00001869
1574	0.00001868
3499	0.00001868
5405	0.00001868
569	0.00001868
2382	0.00001867
36	0.00001867
7763	0.00001867
1520	0.00001866
4447	0.00001866
5047	0.00001866
1632	0.00001865
4311	0.00001865
9030	0.00001865
989	0.00001865
414	0.00001864
4168	0.00001864
580	0.00001863
961	0.00001863
1386	0.00001862
3094	0.00001862
4495	0.00001862
5769	0.00001862
217	0.00001861
3560	0.00001861
45	0.00001861
2963	0.00001860
1909	0.00001858
2731	0.00001858
47	0.00001857
9573	0.00001857
1393	0.00001856
2629	0.00001855
6986	0.00001855
1305	0.00001854
141	0.00001854
7551	0.00001854
1414	0.00001853
334	0.00001853
2920	0.00001851
3341	0.00001851
4756	0.00001851
5259	0.00001851
2227	0.00001850
4418	0.00001849
584	0.00001849
1428	0.00001847
1432	0.00001847
1701	0.00001847
1144	0.00001846
2160	0.00001845
2861	0.00001845
5282	0.00001845
5765	0.00001845
1277	0.00001844
3062	0.00001844
1086	0.00001843
2657	0.00001843
6631	0.00001842
884	0.00001842
9879	0.00001842
704	0.00001841
3182	0.00001840
698	0.00001840
6030	0.00001839
63	0.00001839
540	0.00001838
7190	0.00001838
1738	0.00001837
2729	0.00001837
582	0.00001837
107	0.00001836
1855	0.00001836
3011	0.00001836
6005	0.00001836
123	0.00001834
3197	0.00001833
3525	0.00001832
5065	0.00001832
3472	0.00001831
1015	0.00001830
1732	0.00001830
6727	0.00001830
714	0.00001830
4829	0.00001829
1401	0.00001828
2154	0.00001828
276	0.00001828
3313	0.00001828
1960	0.00001827
3030	0.00001827
630	0.00001826
2261	0.00001825
6254	0.00001825
2918	0.00001824
3810	0.00001824
9807	0.00001824
506	0.00001823
2175	0.00001821
453	0.00001821
2368	0.00001819
469	0.00001819
973	0.00001819
1769	0.00001815
2173	0.00001815
1704	0.00001814
338	0.00001814
361	0.00001814
7315	0.00001814
1809	0.00001813
3495	0.00001813
2690	0.00001812
3172	0.00001812
1268	0.00001811
4274	0.00001811
4491	0.00001810
3336	0.00001809
1085	0.00001808
4692	0.00001808
1917	0.00001807
2398	0.00001807
7986	0.00001807
837	0.00001807
1939	0.00001806
2405	0.00001806
2791	0.00001805
300	0.00001805
5503	0.00001805
160	0.00001804
1803	0.00001803
1161	0.00001802
1839	0.00001802
5605	0.00001802
923	0.00001802
5524	0.00001801
778	0.00001800
818	0.00001800
1271	0.00001799
6632	0.00001799
3215	0.00001797
1670	0.00001796
2635	0.00001796
450	0.00001796
4654	0.00001796
718	0.00001796
7683	0.00001795
1498	0.00001794
4056	0.00001794
4755	0.00001794
3504	0.00001793
1183	0.00001792
215	0.00001792
380	0.00001792
7789	0.00001792
3199	0.00001791
1533	0.00001790
7660	0.00001790
2022	0.00001789
416	0.00001789
1285	0.00001787
196	0.00001787
2121	0.00001787
2004	0.00001786
2667	0.00001786
549	0.00001786
9952	0.00001785
1783	0.00001784
2027	0.00001784
6610	0.00001784
182	0.00001783
3023	0.00001783
3767	0.00001783
7691	0.00001783
476	0.00001782
1236	0.00001781
1532	0.00001781
3333	0.00001781
1060	0.00001780
2036	0.00001780
2883	0.00001780
1171	0.00001779
1440	0.00001779
396	0.00001779
5079	0.00001779
8398	0.00001779
9498	0.00001779
1853	0.00001778
2140	0.00001778
3198	0.00001778
571	0.00001778
8448	0.00001777
1576	0.00001776
1833	0.00001776
2238	0.00001776
577	0.00001776
7086	0.00001776
7992	0.00001776
1117	0.00001775
137	0.00001775
1473	0.00001775
4077	0.00001775
6398	0.00001775
162	0.00001774
6205	0.00001774
865	0.00001774
3424	0.00001773
921	0.00001772
1003	0.00001771
179	0.00001771
2620	0.00001770
661	0.00001770
669	0.00001770
997	0.00001770
2722	0.00001769
368	0.00001769
8034	0.00001769
9111	0.00001767
473	0.00001766
918	0.00001766
1221	0.00001765
238	0.00001765
3195	0.00001764
327	0.00001764
1242	0.00001763
1694	0.00001763
287	0.00001763
395	0.00001763
7772	0.00001763
1806	0.00001762
229	0.00001762
7079	0.00001762
806	0.00001761
935	0.00001761
9354	0.00001761
1348	0.00001760
3744	0.00001760
1001	0.00001759
1186	0.00001759
1725	0.00001759
1811	0.00001759
2470	0.00001759
3235	0.00001759
6910	0.00001758
1812	0.00001757
2115	0.00001757
3046	0.00001757
631	0.00001757
593	0.00001756
3574	0.00001755
408	0.00001755
171	0.00001754
1356	0.00001753
2571	0.00001753
863	0.00001753
1240	0.00001752
2372	0.00001752
7709	0.00001751
591	0.00001750
146	0.00001749
682	0.00001749
707	0.00001749
3884	0.00001748
285	0.00001747
690	0.00001746
312	0.00001745
105	0.00001744
1470	0.00001744
291	0.00001744
952	0.00001744
1718	0.00001743
336	0.00001743
532	0.00001743
552	0.00001743
7680	0.00001743
7727	0.00001743
220	0.00001742
2822	0.00001742
562	0.00001742
7515	0.00001742
639	0.00001741
6500	0.00001741
1628	0.00001740
57	0.00001740
6714	0.00001740
1297	0.00001739
1706	0.00001739
2013	0.00001739
3226	0.00001739
4545	0.00001739
7217	0.00001739
1686	0.00001738
367	0.00001738
2408	0.00001737
292	0.00001737
5867	0.00001737
6429	0.00001737
1022	0.00001736
5775	0.00001736
6140	0.00001736
1349	0.00001735
3236	0.00001735
4614	0.00001735
493	0.00001735
1808	0.00001734
304	0.00001734
348	0.00001734
4166	0.00001734
4824	0.00001734
173	0.00001733
2100	0.00001733
739	0.00001733
2371	0.00001732
2433	0.00001732
3000	0.00001732
610	0.00001732
1280	0.00001730
4789	0.00001730
503	0.00001730
656	0.00001730
7948	0.00001730
1550	0.00001729
2714	0.00001729
3491	0.00001729
3627	0.00001729
2416	0.00001728
4031	0.00001728
443	0.00001728
737	0.00001728
1851	0.00001727
3412	0.00001727
6124	0.00001727
2479	0.00001726
5903	0.00001726
1352	0.00001725
1553	0.00001725
3418	0.00001725
5526	0.00001725
7698	0.00001725
253	0.00001724
466	0.00001724
5415	0.00001724
2759	0.00001723
366	0.00001723
9817	0.00001723
1328	0.00001722
1416	0.00001722
1239	0.00001721
1439	0.00001721
2781	0.00001721
1629	0.00001720
597	0.00001720
809	0.00001719
2021	0.00001718
4187	0.00001718
526	0.00001718
1189	0.00001717
2553	0.00001717
770	0.00001717
603	0.00001716
325	0.00001715
622	0.00001715
262	0.00001714
906	0.00001714
385	0.00001713
4726	0.00001713
1807	0.00001712
675	0.00001712
680	0.00001712
760	0.00001712
39	0.00001711
826	0.00001711
849	0.00001711
299	0.00001710
983	0.00001710
390	0.00001709
4633	0.00001709
6692	0.00001709
1410	0.00001708
1423	0.00001708
233	0.00001708
433	0.00001708
459	0.00001708
521	0.00001708
668	0.00001707
943	0.00001707
1319	0.00001706
340	0.00001706
4112	0.00001706
438	0.00001705
271	0.00001703
442	0.00001703
7919	0.00001703
8127	0.00001703
9415	0.00001703
2919	0.00001702
3045	0.00001702
4953	0.00001702
8232	0.00001702
2794	0.00001701
184	0.00001700
255	0.00001700
419	0.00001700
237	0.00001698
1202	0.00001697
1570	0.00001697
2125	0.00001697
3064	0.00001697
676	0.00001697
776	0.00001697
1555	0.00001696
5634	0.00001696
9824	0.00001696
177	0.00001695
3506	0.00001695
376	0.00001695
734	0.00001695
774	0.00001695
2776	0.00001694
1071	0.00001693
345	0.00001693
518	0.00001693
795	0.00001693
378	0.00001692
1069	0.00001691
249	0.00001691
5223	0.00001691
947	0.00001691
1222	0.00001690
671	0.00001690
761	0.00001690
703	0.00001688
650	0.00001687
1321	0.00001686
486	0.00001686
1549	0.00001685
247	0.00001685
297	0.00001685
751	0.00001685
773	0.00001685
1367	0.00001684
2043	0.00001684
324	0.00001684
6133	0.00001684
2856	0.00001683
3351	0.00001683
625	0.00001683
4302	0.00001682
545	0.00001682
598	0.00001682
799	0.00001682
468	0.00001681
1254	0.00001680
211	0.00001680
1241	0.00001679
4713	0.00001679
1316	0.00001678
7776	0.00001678
6047	0.00001677
662	0.00001677
1516	0.00001676
314	0.00001676
467	0.00001676
766	0.00001676
891	0.00001676
294	0.00001675
481	0.00001675
756	0.00001675
2982	0.00001674
305	0.00001674
3186	0.00001673
268	0.00001672
3723	0.00001672
748	0.00001672
1027	0.00001671
1182	0.00001671
382	0.00001671
1006	0.00001670
163	0.00001670
3277	0.00001670
381	0.00001670
447	0.00001670
664	0.00001670
7374	0.00001669
1477	0.00001668
1691	0.00001668
218	0.00001667
4043	0.00001667
970	0.00001667
369	0.00001666
946	0.00001666
957	0.00001666
1491	0.00001665
176	0.00001665
9062	0.00001665
180	0.00001664
1361	0.00001663
210	0.00001663
4524	0.00001663
296	0.00001662
318	0.00001662
655	0.00001662
684	0.00001662
2450	0.00001661
497	0.00001660
9801	0.00001660
544	0.00001659
2799	0.00001658
3106	0.00001658
337	0.00001658
3430	0.00001658
4798	0.00001658
1135	0.00001657
733	0.00001657
1772	0.00001656
88	0.00001656
191	0.00001655
2047	0.00001655
705	0.00001655
903	0.00001654
301	0.00001653
608	0.00001653
905	0.00001653
1055	0.00001652
4762	0.00001651
3324	0.00001650
573	0.00001650
646	0.00001650
1074	0.00001649
4364	0.00001649
7783	0.00001649
3218	0.00001648
371	0.00001648
8974	0.00001648
169	0.00001646
2836	0.00001646
435	0.00001646
524	0.00001646
1087	0.00001645
3368	0.00001645
1767	0.00001644
2520	0.00001643
352	0.00001643
226	0.00001642
457	0.00001642
529	0.00001642
589	0.00001642
91	0.00001642
658	0.00001641
1131	0.00001640
649	0.00001640
790	0.00001640
1397	0.00001639
4226	0.00001639
716	0.00001639
2380	0.00001638
322	0.00001638
1310	0.00001637
1390	0.00001637
482	0.00001637
118	0.00001636
1431	0.00001636
1837	0.00001636
293	0.00001636
216	0.00001635
4312	0.00001635
4319	0.00001635
617	0.00001635
820	0.00001635
1263	0.00001634
1585	0.00001634
4101	0.00001634
1467	0.00001632
3540	0.00001632
4370	0.00001632
587	0.00001631
864	0.00001631
985	0.00001630
2241	0.00001629
2559	0.00001627
286	0.00001627
429	0.00001627
538	0.00001627
763	0.00001627
131	0.00001626
221	0.00001626
2971	0.00001626
3372	0.00001626
437	0.00001626
5071	0.00001626
978	0.00001626
1681	0.00001625
3018	0.00001625
124	0.00001624
7677	0.00001624
1156	0.00001623
871	0.00001623
168	0.00001622
1859	0.00001622
242	0.00001622
1267	0.00001621
512	0.00001621
9754	0.00001621
1287	0.00001620
330	0.00001620
350	0.00001620
313	0.00001619
407	0.00001619
4212	0.00001619
628	0.00001619
76	0.00001619
140	0.00001618
1639	0.00001618
302	0.00001618
358	0.00001618
834	0.00001618
1408	0.00001616
2307	0.00001616
619	0.00001615
1005	0.00001614
383	0.00001614
909	0.00001614
306	0.00001613
460	0.00001612
9699	0.00001611
1220	0.00001610
1072	0.00001608
362	0.00001608
4	0.00001608
1937	0.00001607
1318	0.00001606
1255	0.00001605
277	0.00001605
455	0.00001605
522	0.00001605
3888	0.00001603
2928	0.00001602
426	0.00001602
511	0.00001602
94	0.00001602
204	0.00001601
205	0.00001601
2263	0.00001601
516	0.00001601
1595	0.00001600
213	0.00001600
1176	0.00001599
167	0.00001599
335	0.00001599
548	0.00001599
8544	0.00001599
2294	0.00001597
418	0.00001597
353	0.00001596
79	0.00001596
116	0.00001595
1379	0.00001594
3377	0.00001594
3573	0.00001594
638	0.00001593
801	0.00001592
492	0.00001591
1201	0.00001590
2835	0.00001590
835	0.00001590
4660	0.00001589
495	0.00001589
9057	0.00001589
968	0.00001589
129	0.00001588
403	0.00001588
7437	0.00001588
8733	0.00001588
679	0.00001587
165	0.00001586
227	0.00001586
2278	0.00001586
343	0.00001586
4245	0.00001586
665	0.00001585
1765	0.00001584
346	0.00001584
575	0.00001584
398	0.00001583
54	0.00001583
102	0.00001581
6662	0.00001581
551	0.00001580
8913	0.00001580
161	0.00001579
425	0.00001579
951	0.00001579
4338	0.00001578
223	0.00001577
41	0.00001577
463	0.00001577
1563	0.00001576
2359	0.00001576
5542	0.00001576
144	0.00001575
2493	0.00001575
2614	0.00001574
2257	0.00001573
155	0.00001572
159	0.00001572
4217	0.00001572
89	0.00001572
1556	0.00001571
219	0.00001571
614	0.00001571
250	0.00001570
456	0.00001570
642	0.00001570
290	0.00001569
135	0.00001568
77	0.00001568
1273	0.00001567
8924	0.00001567
915	0.00001567
2012	0.00001565
139	0.00001564
99	0.00001564
61	0.00001563
75	0.00001563
112	0.00001562
315	0.00001562
170	0.00001561
178	0.00001561
193	0.00001561
351	0.00001561
6633	0.00001561
830	0.00001561
113	0.00001560
87	0.00001560
542	0.00001559
6277	0.00001559
119	0.00001558
1250	0.00001558
6579	0.00001558
78	0.00001558
2083	0.00001557
5357	0.00001557
234	0.00001556
1621	0.00001555
3381	0.00001555
364	0.00001555
1304	0.00001554
284	0.00001554
4698	0.00001554
206	0.00001553
553	0.00001553
259	0.00001552
95	0.00001552
103	0.00001550
28	0.00001550
114	0.00001549
1362	0.00001549
32	0.00001549
377	0.00001549
148	0.00001548
69	0.00001548
232	0.00001546
246	0.00001546
264	0.00001545
281	0.00001545
4036	0.00001545
6827	0.00001545
48	0.00001544
67	0.00001543
122	0.00001542
136	0.00001542
143	0.00001542
50	0.00001542
98	0.00001542
66	0.00001540
150	0.00001539
489	0.00001539
52	0.00001537
1881	0.00001535
51	0.00001535
33	0.00001534
22	0.00001533
24	0.00001532
8	0.00001532
13	0.00001531
12	0.00001530
192	0.00001530
55	0.00001530
64	0.00001530
83	0.00001530
93	0.00001529
16	0.00001528
30	0.00001528
31	0.00001528
68	0.00001528
7	0.00001528
71	0.00001527
19	0.00001526
883	0.00001525
14	0.00001524
5	0.00001524
34	0.00001523
15	0.00001520
267	0.00001520
393	0.00001520
7125	0.00001520
44	0.00001519
10	0.00001517
21	0.00001517
74	0.00001517
1	0.00001508
2	0.00001508
3	0.00001508
0	0.00001500
