0	1
0	2
0	3
0	4
0	5
0	6
0	7
0	10
0	13
0	18
0	21
0	25
0	41
0	43
0	49
0	53
0	54
0	62
0	67
0	68
0	74
0	94
0	95
0	103
0	120
0	137
0	155
0	165
0	170
0	180
0	187
0	200
0	213
0	229
0	384
0	457
0	470
0	482
0	619
0	668
0	680
0	684
0	687
0	822
0	830
0	855
0	871
0	903
0	909
0	932
0	951
0	994
0	1000
0	1047
0	1235
0	1261
0	1603
0	1693
0	1738
0	1763
0	1858
0	1876
0	1930
0	1955
0	1959
0	1968
0	2014
0	2020
0	2036
0	2151
0	2170
0	2249
0	2332
0	2597
0	2661
0	2684
0	3012
0	3078
0	3087
0	3212
0	3252
0	3294
0	3296
0	3332
0	3377
0	3448
0	3486
0	3625
0	3682
0	3744
0	3747
0	4054
0	4101
0	4180
0	4202
0	4308
0	4445
0	4496
0	4501
0	4614
0	4687
0	4700
0	4724
0	4760
0	4850
0	4911
0	4995
0	5027
0	5082
0	5142
0	5369
0	5558
0	5584
0	5730
0	5735
0	5800
0	5963
0	6039
0	6044
0	6074
0	6093
0	6112
0	6213
0	6263
0	6408
0	6418
0	6537
0	6581
0	6584
0	6809
0	6821
0	6898
0	6912
0	6935
0	7021
0	7165
0	7389
0	7602
0	7657
0	8233
0	8296
0	8439
0	8642
0	8718
0	8719
0	8762
0	9354
0	9373
0	9402
0	9602
0	9655
0	9665
0	9680
0	9778
1	5
1	8
1	12
1	31
1	32
1	43
1	47
1	51
1	69
1	70
1	94
1	123
1	129
1	174
1	213
1	255
1	279
1	305
1	391
1	413
1	455
1	536
1	572
1	732
1	789
1	842
1	861
1	931
1	952
1	971
1	1031
1	1171
1	1188
1	1365
1	1386
1	1416
1	1492
1	1585
1	1621
1	1765
1	1853
1	1986
1	1998
1	2083
1	2134
1	2436
1	2449
1	2545
1	2603
1	2835
1	2869
1	2965
1	3392
1	3519
1	3650
1	3739
1	3831
1	3865
1	3918
1	3968
1	4129
1	4274
1	4334
1	4710
1	5039
1	5068
1	5075
1	5118
1	5193
1	5273
1	5308
1	5390
1	5433
1	5488
1	5502
1	5524
1	5631
1	5738
1	5793
1	5931
1	5979
1	6010
1	6123
1	6367
1	6519
1	6700
1	6856
1	7037
1	7091
1	7422
1	7541
1	7573
1	7607
1	7683
1	7900
1	8156
1	8192
1	8405
1	8728
1	8898
1	9055
1	9186
1	9187
1	9240
1	9389
1	9777
2	4
2	6
2	355
2	1534
2	1797
2	1840
2	3414
2	4106
2	4122
2	5784
2	6670
2	7652
2	8371
2	9890
3	4
3	13
3	14
3	18
3	19
3	27
3	29
3	34
3	36
3	44
3	46
3	50
3	65
3	75
3	78
3	81
3	86
3	96
3	112
3	119
3	138
3	159
3	234
3	241
3	264
3	274
3	294
3	318
3	348
3	364
3	369
3	397
3	411
3	422
3	424
3	426
3	432
3	456
3	485
3	522
3	592
3	637
3	649
3	665
3	705
3	714
3	794
3	883
3	927
3	953
3	1049
3	1075
3	1175
3	1186
3	1240
3	1250
3	1349
3	1353
3	1408
3	1427
3	1490
3	1533
3	1635
3	1672
3	1697
3	1766
3	1870
3	1874
3	2007
3	2263
3	2312
3	2359
3	2466
3	2523
3	2582
3	2644
3	2684
3	2855
3	2856
3	2951
3	2980
3	3017
3	3117
3	3173
3	3236
3	3287
3	3506
3	3577
3	3592
3	3814
3	4225
3	4291
3	4296
3	4312
3	4313
3	4358
3	4419
3	4551
3	4639
3	4720
3	4777
3	4821
3	4911
3	4997
3	5012
3	5028
3	5114
3	5146
3	5292
3	5311
3	5361
3	5377
3	5445
3	5532
3	5542
3	5772
3	5822
3	5969
3	6066
3	6090
3	6124
3	6134
3	6161
3	6162
3	6300
3	6528
3	6579
3	6649
3	6895
3	6967
3	6971
3	7178
3	7198
3	7332
3	7336
3	7350
3	7437
3	7592
3	7598
3	7776
3	7779
3	7827
3	7948
3	8187
3	8489
3	8588
3	8688
3	8773
3	8842
3	8857
3	9062
3	9788
3	9823
3	9957
4	5
4	9
4	10
4	11
4	12
4	16
4	20
4	21
4	25
4	29
4	30
4	34
4	37
4	38
4	52
4	55
4	56
4	58
4	62
4	67
4	69
4	72
4	74
4	78
4	84
4	85
4	93
4	111
4	113
4	122
4	125
4	128
4	130
4	133
4	135
4	192
4	194
4	197
4	216
4	221
4	222
4	224
4	253
4	258
4	270
4	289
4	300
4	303
4	317
4	341
4	342
4	350
4	358
4	371
4	393
4	414
4	430
4	454
4	456
4	492
4	511
4	534
4	540
4	542
4	548
4	553
4	608
4	625
4	627
4	642
4	644
4	693
4	757
4	758
4	764
4	765
4	766
4	768
4	773
4	781
4	809
4	844
4	861
4	919
4	933
4	935
4	944
4	964
4	982
4	984
4	1006
4	1022
4	1083
4	1087
4	1109
4	1111
4	1137
4	1139
4	1156
4	1164
4	1173
4	1234
4	1290
4	1303
4	1304
4	1309
4	1310
4	1315
4	1316
4	1342
4	1352
4	1362
4	1364
4	1378
4	1388
4	1390
4	1395
4	1430
4	1453
4	1465
4	1467
4	1485
4	1508
4	1516
4	1517
4	1542
4	1550
4	1554
4	1556
4	1563
4	1570
4	1581
4	1610
4	1638
4	1639
4	1657
4	1658
4	1712
4	1737
4	1761
4	1782
4	1791
4	1807
4	1812
4	1848
4	1866
4	1870
4	1875
4	1881
4	1937
4	1948
4	1962
4	1983
4	1994
4	2030
4	2034
4	2063
4	2083
4	2087
4	2106
4	2118
4	2138
4	2204
4	2227
4	2241
4	2258
4	2278
4	2303
4	2319
4	2338
4	2368
4	2380
4	2445
4	2485
4	2490
4	2496
4	2501
4	2592
4	2593
4	2602
4	2614
4	2695
4	2718
4	2759
4	2761
4	2782
4	2794
4	2824
4	2847
4	2869
4	2885
4	2966
4	2971
4	3000
4	3030
4	3112
4	3139
4	3142
4	3174
4	3210
4	3231
4	3244
4	3250
4	3254
4	3257
4	3258
4	3283
4	3288
4	3308
4	3423
4	3430
4	3549
4	3552
4	3566
4	3573
4	3644
4	3676
4	3719
4	3723
4	3740
4	3751
4	3760
4	3792
4	3828
4	3861
4	3888
4	3923
4	4034
4	4050
4	4132
4	4241
4	4255
4	4299
4	4323
4	4333
4	4370
4	4394
4	4443
4	4481
4	4493
4	4514
4	4535
4	4543
4	4567
4	4610
4	4620
4	4685
4	4723
4	4762
4	4774
4	4824
4	4859
4	4911
4	4915
4	4925
4	4937
4	4951
4	4976
4	5173
4	5184
4	5189
4	5217
4	5223
4	5272
4	5345
4	5346
4	5484
4	5499
4	5548
4	5561
4	5626
4	5638
4	5720
4	5737
4	5816
4	5914
4	5985
4	6012
4	6128
4	6133
4	6147
4	6166
4	6195
4	6211
4	6221
4	6254
4	6290
4	6298
4	6377
4	6386
4	6396
4	6401
4	6461
4	6508
4	6548
4	6588
4	6590
4	6611
4	6725
4	6737
4	6747
4	6782
4	6854
4	6858
4	6887
4	6919
4	6924
4	6928
4	6977
4	6997
4	7026
4	7063
4	7069
4	7080
4	7088
4	7188
4	7262
4	7331
4	7414
4	7425
4	7450
4	7482
4	7487
4	7543
4	7569
4	7582
4	7725
4	7801
4	7802
4	7808
4	7895
4	7935
4	7958
4	7969
4	8050
4	8051
4	8069
4	8088
4	8101
4	8111
4	8246
4	8307
4	8429
4	8530
4	8624
4	8721
4	8740
4	8764
4	8798
4	8836
4	8838
4	8868
4	8889
4	9021
4	9040
4	9042
4	9055
4	9117
4	9157
4	9200
4	9205
4	9212
4	9364
4	9409
4	9552
4	9696
4	9719
4	9779
4	9809
4	9841
4	9874
5	6
5	7
5	8
5	9
5	11
5	15
5	16
5	17
5	18
5	20
5	23
5	24
5	31
5	33
5	38
5	44
5	56
5	71
5	72
5	79
5	80
5	83
5	85
5	86
5	91
5	104
5	105
5	144
5	145
5	151
5	159
5	186
5	190
5	191
5	210
5	246
5	250
5	259
5	264
5	267
5	268
5	281
5	296
5	310
5	331
5	343
5	364
5	373
5	377
5	410
5	437
5	442
5	452
5	467
5	504
5	524
5	527
5	529
5	538
5	609
5	660
5	664
5	684
5	715
5	716
5	745
5	751
5	752
5	759
5	804
5	817
5	818
5	831
5	883
5	900
5	943
5	944
5	978
5	981
5	1017
5	1046
5	1080
5	1084
5	1092
5	1102
5	1159
5	1253
5	1254
5	1280
5	1281
5	1282
5	1305
5	1317
5	1374
5	1409
5	1410
5	1419
5	1448
5	1460
5	1474
5	1534
5	1572
5	1576
5	1606
5	1641
5	1644
5	1650
5	1658
5	1659
5	1688
5	1725
5	1744
5	1820
5	1845
5	2018
5	2055
5	2062
5	2099
5	2277
5	2306
5	2341
5	2437
5	2621
5	2668
5	2690
5	2740
5	2815
5	2816
5	2862
5	2878
5	2879
5	2905
5	2911
5	2938
5	2957
5	3168
5	3177
5	3192
5	3219
5	3273
5	3295
5	3317
5	3319
5	3381
5	3472
5	3545
5	3742
5	3824
5	3875
5	3885
5	3894
5	3915
5	4064
5	4068
5	4077
5	4152
5	4418
5	4497
5	4509
5	4601
5	4702
5	5078
5	5087
5	5182
5	5264
5	5266
5	5291
5	5339
5	5466
5	5569
5	5604
5	5605
5	5748
5	5760
5	5918
5	6012
5	6018
5	6037
5	6060
5	6083
5	6277
5	6326
5	6396
5	6437
5	6467
5	6492
5	6535
5	6550
5	6597
5	6659
5	6684
5	6712
5	6737
5	6910
5	7031
5	7033
5	7086
5	7125
5	7366
5	7518
5	7521
5	7588
5	7594
5	7646
5	7745
5	7747
5	7772
5	7784
5	7839
5	7894
5	8045
5	8089
5	8127
5	8135
5	8214
5	8335
5	8558
5	8915
5	8945
5	9075
5	9111
5	9174
5	9206
5	9281
5	9354
5	9425
5	9668
5	9690
5	9726
5	9760
5	9812
5	9841
5	9930
5	9988
6	7
6	8
6	11
6	12
6	13
6	24
6	26
6	28
6	39
6	40
6	43
6	45
6	46
6	51
6	57
6	64
6	66
6	76
6	77
6	83
6	91
6	93
6	99
6	107
6	114
6	118
6	119
6	134
6	139
6	143
6	169
6	178
6	188
6	191
6	192
6	199
6	200
6	249
6	263
6	281
6	290
6	305
6	314
6	315
6	317
6	324
6	334
6	344
6	346
6	362
6	367
6	383
6	387
6	402
6	407
6	418
6	424
6	434
6	446
6	460
6	461
6	489
6	491
6	524
6	553
6	575
6	599
6	643
6	654
6	665
6	672
6	734
6	790
6	795
6	797
6	810
6	832
6	888
6	889
6	951
6	954
6	978
6	985
6	989
6	990
6	1010
6	1108
6	1203
6	1245
6	1261
6	1272
6	1304
6	1335
6	1336
6	1402
6	1406
6	1428
6	1477
6	1505
6	1551
6	1561
6	1609
6	1629
6	1681
6	1719
6	1753
6	1773
6	1845
6	1867
6	1877
6	1891
6	1911
6	1934
6	1981
6	1983
6	1985
6	2020
6	2032
6	2100
6	2116
6	2175
6	2199
6	2202
6	2242
6	2244
6	2250
6	2256
6	2261
6	2272
6	2307
6	2370
6	2414
6	2424
6	2450
6	2499
6	2521
6	2525
6	2558
6	2585
6	2641
6	2652
6	2662
6	2716
6	2788
6	2876
6	2965
6	2980
6	2993
6	3088
6	3166
6	3249
6	3272
6	3290
6	3300
6	3326
6	3333
6	3336
6	3366
6	3502
6	3504
6	3511
6	3537
6	3539
6	3567
6	3594
6	3621
6	3639
6	3659
6	3691
6	3707
6	3722
6	3740
6	3833
6	3874
6	3895
6	3922
6	3931
6	4031
6	4036
6	4112
6	4146
6	4165
6	4168
6	4209
6	4230
6	4263
6	4298
6	4396
6	4411
6	4428
6	4442
6	4524
6	4555
6	4614
6	4621
6	4678
6	4698
6	4822
6	4927
6	4957
6	4968
6	5094
6	5164
6	5183
6	5200
6	5210
6	5263
6	5278
6	5357
6	5413
6	5435
6	5477
6	5632
6	5635
6	5692
6	5744
6	5771
6	5798
6	5818
6	5820
6	5821
6	5830
6	5843
6	5846
6	5851
6	5854
6	5883
6	5975
6	6097
6	6100
6	6107
6	6163
6	6245
6	6276
6	6289
6	6304
6	6393
6	6410
6	6438
6	6458
6	6569
6	6631
6	6633
6	6635
6	6661
6	6670
6	6673
6	6725
6	6742
6	6755
6	6791
6	6814
6	6827
6	6986
6	7013
6	7079
6	7097
6	7239
6	7245
6	7305
6	7344
6	7406
6	7424
6	7442
6	7453
6	7476
6	7556
6	7576
6	7593
6	7719
6	7742
6	7763
6	7816
6	7835
6	7891
6	7893
6	7949
6	7956
6	7961
6	8041
6	8083
6	8097
6	8118
6	8193
6	8217
6	8240
6	8264
6	8273
6	8290
6	8302
6	8334
6	8347
6	8434
6	8455
6	8475
6	8563
6	8569
6	8581
6	8675
6	8747
6	8902
6	8935
6	8951
6	9014
6	9056
6	9187
6	9202
6	9216
6	9304
6	9319
6	9342
6	9367
6	9396
6	9397
6	9470
6	9606
6	9646
6	9695
6	9801
7	9
7	10
7	14
7	15
7	19
7	20
7	21
7	25
7	30
7	33
7	41
7	44
7	49
7	56
7	58
7	64
7	74
7	82
7	86
7	87
7	110
7	111
7	123
7	126
7	132
7	150
7	161
7	162
7	179
7	195
7	201
7	225
7	227
7	231
7	232
7	261
7	267
7	291
7	318
7	324
7	339
7	340
7	345
7	350
7	356
7	365
7	393
7	401
7	407
7	419
7	426
7	431
7	441
7	445
7	446
7	452
7	489
7	510
7	513
7	582
7	583
7	586
7	603
7	614
7	627
7	695
7	746
7	757
7	801
7	871
7	882
7	884
7	947
7	995
7	1008
7	1046
7	1065
7	1074
7	1114
7	1119
7	1127
7	1225
7	1249
7	1328
7	1334
7	1355
7	1362
7	1385
7	1402
7	1433
7	1457
7	1477
7	1481
7	1523
7	1524
7	1527
7	1549
7	1555
7	1562
7	1602
7	1619
7	1690
7	1701
7	1704
7	1767
7	1810
7	1851
7	1861
7	1915
7	1984
7	2012
7	2031
7	2043
7	2047
7	2058
7	2109
7	2155
7	2188
7	2247
7	2250
7	2356
7	2365
7	2399
7	2474
7	2576
7	2614
7	2667
7	2681
7	2701
7	2720
7	2725
7	2749
7	2775
7	2781
7	2822
7	2833
7	2890
7	2909
7	2974
7	2994
7	3011
7	3012
7	3026
7	3053
7	3129
7	3172
7	3195
7	3221
7	3352
7	3372
7	3459
7	3499
7	3551
7	3648
7	3751
7	3776
7	4036
7	4075
7	4125
7	4127
7	4238
7	4243
7	4336
7	4425
7	4488
7	4651
7	4726
7	4742
7	4764
7	4765
7	4856
7	4896
7	4908
7	4915
7	4963
7	4971
7	5080
7	5176
7	5329
7	5364
7	5469
7	5533
7	5566
7	5627
7	5773
7	5809
7	6053
7	6094
7	6108
7	6129
7	6266
7	6273
7	6277
7	6395
7	6513
7	6633
7	6672
7	6736
7	6743
7	6786
7	7107
7	7125
7	7234
7	7244
7	7300
7	7320
7	7344
7	7512
7	7551
7	7569
7	7705
7	7722
7	7769
7	7776
7	7977
7	8013
7	8066
7	8241
7	8322
7	8402
7	8440
7	8482
7	8539
7	8771
7	8892
7	8895
7	8924
7	8970
7	8979
7	9009
7	9153
7	9163
7	9164
7	9283
7	9290
7	9293
7	9357
7	9358
7	9372
7	9385
7	9448
7	9557
7	9790
7	9882
8	14
8	22
8	35
8	39
8	58
8	61
8	71
8	80
8	83
8	88
8	133
8	156
8	195
8	204
8	233
8	251
8	272
8	304
8	308
8	320
8	343
8	368
8	382
8	410
8	470
8	485
8	495
8	512
8	544
8	635
8	679
8	756
8	768
8	798
8	826
8	883
8	894
8	1088
8	1116
8	1145
8	1179
8	1182
8	1189
8	1211
8	1284
8	1318
8	1337
8	1341
8	1354
8	1361
8	1379
8	1385
8	1453
8	1503
8	1532
8	1600
8	1610
8	1691
8	1990
8	2021
8	2165
8	2175
8	2231
8	2241
8	2336
8	2350
8	2389
8	2452
8	2542
8	2627
8	2724
8	2790
8	2817
8	2829
8	2863
8	3013
8	3165
8	3234
8	3277
8	3286
8	3407
8	3715
8	3785
8	4032
8	4067
8	4270
8	4271
8	4437
8	4463
8	4873
8	4892
8	5005
8	5014
8	5054
8	5071
8	5094
8	5216
8	5643
8	5665
8	6035
8	6338
8	6339
8	6457
8	6666
8	6875
8	7062
8	7124
8	7132
8	7302
8	7583
8	7783
8	8012
8	8178
8	8438
8	8623
8	9155
8	9255
8	9444
8	9513
8	9583
8	9741
8	9963
9	26
9	42
9	57
9	105
9	138
9	151
9	163
9	212
9	229
9	231
9	233
9	235
9	238
9	297
9	299
9	370
9	389
9	390
9	395
9	436
9	654
9	656
9	680
9	743
9	800
9	851
9	854
9	919
9	922
9	955
9	1013
9	1015
9	1124
9	1132
9	1167
9	1186
9	1285
9	1493
9	1545
9	1611
9	1915
9	1942
9	2000
9	2101
9	2348
9	2375
9	2657
9	2794
9	2830
9	2888
9	3066
9	3272
9	3288
9	3369
9	3371
9	3373
9	3424
9	3541
9	3699
9	3809
9	3978
9	4126
9	4274
9	4661
9	4782
9	4871
9	5048
9	5148
9	5266
9	5397
9	5445
9	6032
9	6088
9	6231
9	6269
9	6303
9	6469
9	6680
9	6714
9	6745
9	6765
9	7151
9	7514
9	7522
9	7990
9	8087
9	8175
9	8252
9	8448
9	8899
9	9150
9	9218
9	9284
9	9293
10	17
10	19
10	23
10	24
10	40
10	48
10	53
10	60
10	63
10	66
10	95
10	98
10	109
10	112
10	114
10	129
10	163
10	169
10	172
10	192
10	237
10	246
10	255
10	284
10	302
10	320
10	345
10	351
10	356
10	403
10	452
10	501
10	542
10	575
10	636
10	688
10	690
10	701
10	798
10	847
10	853
10	915
10	1231
10	1269
10	1294
10	1496
10	1683
10	1694
10	1717
10	1790
10	2060
10	2140
10	2173
10	2378
10	2408
10	2447
10	2662
10	2695
10	2703
10	2999
10	3151
10	3310
10	3335
10	3354
10	3462
10	3517
10	3567
10	3654
10	3660
10	3691
10	3933
10	3976
10	4156
10	4295
10	4520
10	4584
10	4945
10	5024
10	5223
10	5241
10	5591
10	5623
10	5753
10	6185
10	6811
10	6826
10	7032
10	7106
10	7173
10	7460
10	7544
10	7548
10	7564
10	7879
10	7903
10	8173
10	8184
10	8530
10	8709
10	8850
10	9043
10	9143
10	9440
10	9638
11	90
11	100
11	104
11	127
11	174
11	240
11	342
11	471
11	732
11	873
11	945
11	1300
11	1417
11	1641
11	1696
11	1752
11	2075
11	2195
11	2311
11	2962
11	3003
11	3611
11	3623
11	3718
11	3998
11	5203
11	5310
11	5574
11	5688
11	5692
11	6430
11	6745
11	6794
11	7469
11	7829
11	8104
11	8361
11	8677
11	8878
11	9429
11	9823
12	15
12	22
12	29
12	46
12	47
12	50
12	51
12	55
12	68
12	97
12	98
12	99
12	101
12	128
12	136
12	143
12	148
12	150
12	154
12	174
12	203
12	206
12	218
12	259
12	262
12	266
12	267
12	277
12	292
12	326
12	344
12	425
12	451
12	464
12	493
12	494
12	516
12	545
12	568
12	590
12	655
12	664
12	677
12	693
12	700
12	711
12	724
12	726
12	761
12	834
12	835
12	874
12	875
12	958
12	965
12	985
12	1001
12	1100
12	1122
12	1192
12	1250
12	1266
12	1277
12	1336
12	1440
12	1566
12	1571
12	1613
12	1694
12	1745
12	1769
12	1807
12	1839
12	2034
12	2075
12	2090
12	2098
12	2108
12	2257
12	2262
12	2323
12	2524
12	2588
12	2598
12	2856
12	2959
12	2981
12	3007
12	3125
12	3154
12	3210
12	3226
12	3298
12	3701
12	3780
12	3851
12	4090
12	4212
12	4277
12	4518
12	4671
12	4698
12	4762
12	4776
12	4984
12	5049
12	5077
12	5221
12	5326
12	5421
12	5452
12	5613
12	5806
12	6043
12	6106
12	6183
12	6205
12	6421
12	6523
12	6532
12	6771
12	6827
12	7125
12	7131
12	7354
12	7562
12	7992
12	8211
12	8353
12	8365
12	8378
12	8484
12	8512
12	8813
12	8913
12	9100
12	9239
12	9264
12	9313
12	9407
12	9507
12	9754
12	9795
12	9811
12	9821
13	35
13	59
13	79
13	97
13	122
13	168
13	232
13	256
13	286
13	437
13	459
13	631
13	666
13	744
13	1002
13	1038
13	1292
13	1324
13	1332
13	1448
13	1516
13	1679
13	1765
13	1894
13	2415
13	2537
13	2791
13	3150
13	3191
13	3312
13	3864
13	4166
13	4974
13	5560
13	5565
13	5597
13	5612
13	5893
13	5977
13	6145
13	6801
13	6821
13	7497
13	8653
13	8723
13	9423
13	9618
14	16
14	17
14	27
14	30
14	32
14	48
14	59
14	87
14	103
14	115
14	149
14	157
14	219
14	223
14	247
14	268
14	331
14	497
14	604
14	860
14	1055
14	1201
14	1276
14	1349
14	1413
14	1423
14	1447
14	1471
14	1621
14	1685
14	1826
14	1835
14	1863
14	2009
14	2012
14	2108
14	2275
14	2295
14	2704
14	2823
14	3023
14	3029
14	3436
14	3805
14	3984
14	3997
14	4043
14	4337
14	4905
14	5277
14	5702
14	5752
14	6114
14	6398
14	6579
14	6840
14	7017
14	7158
14	7217
14	7743
14	8167
14	8196
14	8459
14	8544
14	8679
14	8954
14	8974
14	9176
14	9360
14	9535
15	89
15	113
15	114
15	134
15	177
15	183
15	526
15	534
15	655
15	830
15	968
15	1015
15	1163
15	1189
15	1192
15	1411
15	1524
15	1529
15	1749
15	1850
15	1954
15	2121
15	2342
15	2416
15	2841
15	2877
15	2930
15	3202
15	3245
15	3335
15	3339
15	3701
15	3986
15	4338
15	4465
15	4798
15	4894
15	4938
15	5187
15	6137
15	6185
15	6246
15	6293
15	6610
15	6827
15	7409
15	7783
15	8056
15	8258
15	8427
15	8481
15	8594
15	8804
15	8897
15	8910
15	8953
15	9644
15	9774
16	22
16	28
16	48
16	53
16	61
16	66
16	102
16	106
16	116
16	121
16	126
16	135
16	163
16	232
16	339
16	352
16	502
16	561
16	604
16	616
16	646
16	675
16	758
16	838
16	972
16	991
16	1024
16	1043
16	1154
16	1219
16	1229
16	1291
16	1314
16	1325
16	1472
16	1530
16	1578
16	1639
16	1682
16	1706
16	1729
16	1830
16	1847
16	1869
16	1902
16	1904
16	1934
16	2091
16	2146
16	2208
16	2684
16	2803
16	3068
16	3139
16	3215
16	3475
16	3513
16	3735
16	3881
16	3900
16	3963
16	3975
16	4162
16	4213
16	4430
16	4527
16	4542
16	4586
16	4654
16	4713
16	4807
16	4928
16	4998
16	5345
16	5348
16	5651
16	5703
16	5780
16	5927
16	5933
16	6094
16	6322
16	6353
16	6511
16	6576
16	6699
16	6702
16	7140
16	7157
16	7242
16	7328
16	7450
16	7617
16	7742
16	8742
16	9174
16	9203
16	9576
16	9674
16	9830
17	409
17	449
17	749
17	1095
17	1242
17	1806
17	1909
17	2268
17	3760
17	4386
17	4835
17	4840
17	5018
17	5024
17	7937
17	7992
17	9938
18	88
18	91
18	127
18	188
18	209
18	292
18	405
18	432
18	595
18	720
18	847
18	865
18	921
18	947
18	1165
18	1356
18	1589
18	1736
18	1862
18	1906
18	2026
18	2191
18	2211
18	2265
18	2315
18	2382
18	2476
18	2539
18	2562
18	2813
18	2846
18	2998
18	3205
18	3295
18	3494
18	3498
18	4016
18	4056
18	4112
18	4341
18	4404
18	4564
18	4589
18	4677
18	4713
18	4716
18	5023
18	5219
18	5360
18	5503
18	5545
18	5679
18	5986
18	6254
18	6330
18	6510
18	6554
18	6744
18	6773
18	6879
18	7207
18	7363
18	7463
18	7687
18	7701
18	7797
18	7838
18	7945
18	8549
18	8569
18	8609
18	8858
18	9018
18	9082
18	9185
18	9441
18	9775
18	9843
19	33
19	52
19	76
19	90
19	167
19	207
19	404
19	532
19	598
19	700
19	1008
19	1056
19	1260
19	1263
19	1274
19	1277
19	1576
19	1777
19	2091
19	2154
19	2318
19	2546
19	2579
19	2998
19	3351
19	3412
19	3638
19	3920
19	4077
19	4139
19	4217
19	4245
19	4383
19	4535
19	4601
19	4800
19	4941
19	4948
19	5134
19	5319
19	5472
19	5609
19	5716
19	5886
19	5914
19	6444
19	6662
19	7022
19	7517
19	7726
19	8177
19	8486
19	8600
19	9100
19	9351
20	23
20	73
20	121
20	140
20	145
20	230
20	298
20	418
20	456
20	471
20	500
20	552
20	737
20	841
20	916
20	1051
20	1081
20	1206
20	1583
20	2004
20	2086
20	2270
20	2314
20	2416
20	2475
20	2799
20	2842
20	2872
20	2958
20	3023
20	3368
20	3555
20	4027
20	4131
20	5097
20	5328
20	5401
20	5799
20	5948
20	6483
20	6834
20	7010
20	7149
20	7498
20	7799
20	8435
20	9197
20	9548
20	9665
21	69
21	164
21	190
21	293
21	435
21	766
21	849
21	892
21	959
21	998
21	1196
21	1231
21	1912
21	2586
21	2707
21	2832
21	3051
21	3083
21	3093
21	3206
21	3479
21	3725
21	4245
21	4379
21	4844
21	5317
21	5526
21	5736
21	5943
21	6495
21	6541
21	6870
21	8355
21	8521
21	8695
21	9017
21	9598
21	9783
21	9863
21	9940
22	27
22	31
22	34
22	45
22	68
22	71
22	92
22	93
22	122
22	148
22	161
22	167
22	178
22	230
22	284
22	323
22	333
22	335
22	359
22	361
22	392
22	393
22	398
22	502
22	573
22	613
22	626
22	704
22	747
22	770
22	816
22	857
22	889
22	999
22	1041
22	1087
22	1089
22	1163
22	1175
22	1273
22	1320
22	1343
22	1489
22	1495
22	1543
22	1549
22	1574
22	1628
22	1757
22	1808
22	1817
22	1880
22	1881
22	1928
22	1940
22	1965
22	2100
22	2188
22	2217
22	2221
22	2307
22	2519
22	2640
22	2667
22	3161
22	3190
22	3351
22	3440
22	3456
22	3525
22	3540
22	3585
22	3810
22	3896
22	3911
22	3920
22	3931
22	3954
22	4033
22	4147
22	4260
22	4262
22	4278
22	4485
22	4524
22	4575
22	4853
22	4881
22	5002
22	5007
22	5400
22	5541
22	5573
22	5634
22	5830
22	5857
22	5876
22	5902
22	5973
22	5998
22	6090
22	6133
22	6431
22	7009
22	7064
22	7202
22	7329
22	7728
22	7811
22	8052
22	8138
22	8248
22	8314
22	8680
22	8733
22	8909
22	9071
22	9288
22	9466
22	9530
22	9753
22	9996
23	57
23	76
23	137
23	149
23	221
23	311
23	312
23	507
23	571
23	600
23	707
23	921
23	963
23	1232
23	1281
23	1298
23	1389
23	1390
23	1550
23	1583
23	1770
23	1772
23	1859
23	2005
23	2021
23	2027
23	2055
23	2199
23	2688
23	2691
23	2914
23	3107
23	3213
23	3248
23	3610
23	3912
23	4113
23	4397
23	4593
23	4610
23	4633
23	4695
23	4735
23	5340
23	5780
23	5956
23	6114
23	6140
23	6543
23	6991
23	7128
23	7682
23	7836
23	8343
23	8463
23	8665
23	9168
23	9431
23	9718
23	9787
23	9797
23	9820
24	39
24	137
24	208
24	2052
24	8496
24	8858
24	9616
25	26
25	36
25	45
25	47
25	60
25	65
25	82
25	84
25	104
25	115
25	121
25	224
25	263
25	289
25	321
25	354
25	379
25	415
25	720
25	745
25	788
25	812
25	898
25	953
25	996
25	1037
25	1115
25	1129
25	1139
25	1177
25	1230
25	1247
25	1301
25	1475
25	1490
25	1579
25	1888
25	1962
25	1973
25	2032
25	2103
25	2129
25	2145
25	2157
25	2189
25	2248
25	2469
25	2535
25	2540
25	2554
25	2627
25	2698
25	3019
25	3054
25	3069
25	3073
25	3357
25	3486
25	3510
25	3529
25	3557
25	3577
25	3582
25	3696
25	3930
25	4003
25	4050
25	4110
25	4195
25	4507
25	4699
25	4784
25	4894
25	5267
25	5362
25	5761
25	5976
25	6027
25	6080
25	6258
25	6361
25	6533
25	6568
25	6778
25	6907
25	6951
25	6977
25	7099
25	7221
25	7353
25	7491
25	7545
25	7605
25	7627
25	8260
25	8339
25	8411
25	8552
25	8594
25	8712
25	8788
25	9050
25	9193
25	9316
25	9376
25	9749
25	9771
26	28
26	36
26	73
26	88
26	136
26	147
26	175
26	248
26	301
26	341
26	351
26	380
26	408
26	463
26	514
26	541
26	547
26	551
26	589
26	621
26	779
26	1069
26	1086
26	1184
26	1211
26	1317
26	1431
26	1476
26	1480
26	1587
26	1629
26	1892
26	2046
26	2155
26	2297
26	2493
26	2623
26	2631
26	2674
26	2745
26	2746
26	2870
26	2873
26	3045
26	3052
26	3146
26	3218
26	3318
26	3822
26	3941
26	4065
26	4552
26	4553
26	5338
26	5429
26	5553
26	5991
26	6047
26	6255
26	6435
26	7351
26	7367
26	7528
26	7658
26	7677
26	7698
26	7794
26	8055
26	8127
26	8733
26	8861
26	9662
26	9914
27	37
27	38
27	80
27	189
27	288
27	295
27	388
27	420
27	491
27	537
27	815
27	1614
27	1737
27	1817
27	1963
27	2053
27	2410
27	2698
27	2848
27	3338
27	3610
27	3870
27	4389
27	4521
27	4776
27	4843
27	4978
27	5029
27	5784
27	6251
27	6420
27	6528
27	6799
27	6893
27	7250
27	7841
27	8087
27	8341
27	9110
27	9125
27	9503
27	9847
28	242
28	317
28	495
28	566
28	611
28	686
28	795
28	827
28	866
28	901
28	945
28	999
28	1062
28	1251
28	1297
28	1522
28	1616
28	1700
28	1762
28	1772
28	2085
28	2527
28	3324
28	3491
28	3672
28	3676
28	4722
28	5181
28	9122
28	9126
29	42
29	63
29	70
29	101
29	117
29	123
29	141
29	147
29	414
29	579
29	590
29	607
29	667
29	892
29	1052
29	1677
29	1831
29	1857
29	1863
29	1903
29	1982
29	1985
29	2078
29	2219
29	2234
29	2360
29	2434
29	2615
29	2937
29	3020
29	3292
29	3515
29	3599
29	3628
29	3719
29	3781
29	4017
29	4317
29	4566
29	4694
29	5328
29	5331
29	5431
29	5747
29	6874
29	7227
29	8509
29	8899
29	9645
30	32
30	54
30	131
30	143
30	205
30	206
30	228
30	257
30	265
30	307
30	315
30	316
30	423
30	486
30	554
30	783
30	829
30	1079
30	1269
30	1283
30	1450
30	1515
30	1654
30	1795
30	1923
30	1951
30	2117
30	2243
30	2297
30	2345
30	2494
30	2504
30	2737
30	2773
30	2778
30	2916
30	2977
30	3010
30	3232
30	3583
30	3976
30	4300
30	4393
30	4402
30	4440
30	4472
30	4525
30	4865
30	4942
30	5041
30	5290
30	5601
30	5968
30	6213
30	6889
30	7077
30	7086
30	7315
30	8171
30	8244
30	8324
30	8716
30	9006
30	9213
30	9241
30	9282
30	9476
30	9523
30	9854
30	9859
31	67
31	84
31	100
31	184
31	222
31	223
31	234
31	271
31	480
31	533
31	574
31	1012
31	1101
31	1744
31	1959
31	2546
31	2553
31	2620
31	2666
31	2740
31	3888
31	3961
31	4043
31	4297
31	4364
31	4570
31	4631
31	4647
31	4659
31	5080
31	5405
31	5817
31	5867
31	6076
31	7575
31	7761
31	7994
31	8308
31	8826
31	8869
31	9007
31	9962
32	258
32	378
32	465
32	617
32	676
32	696
32	870
32	914
32	954
32	1130
32	1356
32	1520
32	1630
32	2132
32	2653
32	2963
32	3378
32	3468
32	3744
32	3862
32	3870
32	4219
32	4254
32	4988
32	5019
32	5437
32	5920
32	6111
32	6403
32	6566
32	7175
32	7289
32	7373
32	7467
32	7947
32	8537
33	55
33	145
33	153
33	207
33	234
33	297
33	306
33	339
33	385
33	434
33	435
33	546
33	562
33	685
33	940
33	1056
33	1072
33	1164
33	1223
33	1225
33	1256
33	1267
33	1310
33	1368
33	1503
33	1544
33	1617
33	1825
33	2013
33	2160
33	2165
33	2274
33	2313
33	2405
33	2554
33	2620
33	2637
33	2678
33	2928
33	3677
33	3731
33	3746
33	3879
33	4952
33	4953
33	4997
33	5044
33	5056
33	5259
33	5357
33	5421
33	5514
33	6078
33	6424
33	6518
33	6534
33	6651
33	6663
33	6675
33	6728
33	6988
33	7397
33	7477
33	7879
33	7983
33	8069
33	8347
33	8544
33	8607
33	8699
33	8818
33	9072
33	9426
33	9591
33	9699
33	9806
34	35
34	37
34	40
34	52
34	63
34	64
34	102
34	136
34	139
34	141
34	152
34	186
34	193
34	195
34	214
34	219
34	253
34	273
34	274
34	320
34	325
34	353
34	387
34	395
34	497
34	532
34	541
34	589
34	623
34	679
34	763
34	767
34	824
34	911
34	918
34	1049
34	1071
34	1073
34	1083
34	1121
34	1210
34	1220
34	1273
34	1404
34	1478
34	1591
34	1676
34	1859
34	1882
34	1888
34	1891
34	1970
34	2060
34	2308
34	2327
34	2463
34	2547
34	2589
34	2762
34	2791
34	2869
34	3062
34	3100
34	3119
34	3186
34	3188
34	3550
34	3611
34	3617
34	3619
34	3646
34	3698
34	3772
34	3829
34	3844
34	3891
34	4102
34	4117
34	4187
34	4217
34	4497
34	4630
34	4875
34	4996
34	5047
34	5060
34	5070
34	5213
34	5231
34	5297
34	5427
34	5542
34	5674
34	5723
34	5746
34	5775
34	5820
34	5900
34	5972
34	6210
34	6369
34	6390
34	6685
34	6875
34	6896
34	6995
34	7212
34	7220
34	7241
34	7477
34	7571
34	7795
34	7912
34	8210
34	8387
34	8491
34	8597
34	8661
34	8720
34	8774
34	8804
34	9057
34	9337
34	9406
34	9601
34	9839
34	9973
35	156
35	363
35	660
35	1301
35	1389
35	1472
35	2079
35	2555
35	3275
35	3898
35	3911
35	4478
35	4684
35	4854
35	5204
35	5817
35	5861
35	5958
35	6226
35	7679
35	8522
35	8828
35	9709
36	42
36	313
36	328
36	514
36	877
36	1063
36	1079
36	1308
36	1390
36	1454
36	1585
36	1707
36	1821
36	2408
36	2640
36	3375
36	5081
36	5302
36	5724
36	5929
36	5980
36	6727
36	6802
36	7638
36	8455
36	8694
36	9048
36	9057
36	9072
36	9837
37	78
37	108
37	125
37	131
37	244
37	321
37	449
37	614
37	1005
37	1265
37	1562
37	1638
37	1647
37	2048
37	2840
37	2969
37	3038
37	3106
37	3267
37	3428
37	3544
37	4136
37	4460
37	5108
37	5801
37	6038
37	6223
37	6661
37	6718
37	7498
37	8130
37	8247
37	8298
37	8542
37	8896
38	124
38	139
38	460
38	512
38	585
38	630
38	632
38	727
38	961
38	1005
38	1200
38	1236
38	1288
38	1362
38	1408
38	1437
38	2033
38	2054
38	2093
38	2381
38	2730
38	2792
38	2930
38	3157
38	3556
38	4079
38	4212
38	4416
38	4982
38	5371
38	5425
38	5535
38	6196
38	7164
38	7733
38	7914
38	8054
38	8677
38	9329
38	9945
39	41
39	79
39	239
39	564
39	802
39	1036
39	1215
39	1531
39	1685
39	2861
39	2868
39	3082
39	3372
39	3509
39	3546
39	4603
39	4955
39	5405
39	5503
39	5547
39	6552
39	7662
39	8864
40	152
40	817
40	1590
40	2143
40	3319
40	3837
40	5236
40	5380
40	7514
40	9059
41	49
41	65
41	155
41	199
41	223
41	300
41	389
41	396
41	410
41	535
41	567
41	672
41	744
41	925
41	931
41	943
41	1176
41	1483
41	1563
41	1898
41	2294
41	2374
41	2421
41	2444
41	2512
41	2550
41	3184
41	3302
41	3325
41	4068
41	4158
41	4458
41	4572
41	4606
41	4738
41	4819
41	5076
41	5658
41	5886
41	6750
41	7685
41	7725
41	8113
41	8243
41	8399
41	8572
41	8698
41	8767
41	9743
42	81
42	110
42	175
42	342
42	411
42	477
42	585
42	709
42	984
42	1077
42	1081
42	1342
42	1624
42	1684
42	1776
42	1946
42	2169
42	2204
42	2312
42	2411
42	2617
42	2648
42	2669
42	3586
42	3630
42	3681
42	3711
42	3811
42	4410
42	6015
42	6102
42	6624
42	6931
42	6955
42	7133
42	7510
42	9835
42	9889
43	59
43	109
43	156
43	239
43	282
43	487
43	513
43	583
43	645
43	678
43	860
43	1153
43	1631
43	1698
43	2212
43	2677
43	2862
43	3051
43	3471
43	3816
43	4058
43	4733
43	4918
43	4982
43	5129
43	5307
43	5343
43	6065
43	6299
43	6309
43	6400
43	6459
43	6485
43	6604
43	7641
43	7675
43	7696
43	8609
43	8721
43	8829
43	8852
43	9173
43	9595
43	9828
44	54
44	110
44	116
44	467
44	1508
44	1844
44	2228
44	2372
44	2591
44	2887
44	3114
44	3714
44	3813
44	3967
44	4191
44	5869
44	5903
44	7067
44	7478
44	7643
44	8667
44	8681
44	9879
45	50
45	89
45	126
45	127
45	140
45	165
45	176
45	177
45	189
45	290
45	299
45	336
45	380
45	400
45	483
45	530
45	637
45	659
45	663
45	686
45	707
45	776
45	1287
45	1451
45	1501
45	1595
45	1621
45	1666
45	1674
45	1790
45	1809
45	2293
45	2464
45	2559
45	2621
45	2656
45	2665
45	2678
45	2736
45	2899
45	2986
45	3213
45	3268
45	3627
45	3653
45	4048
45	4546
45	4789
45	4795
45	4869
45	5122
45	5201
45	5582
45	5737
45	6050
45	6160
45	6796
45	7369
45	7707
45	8077
45	8715
45	8872
45	8883
45	9007
45	9714
46	72
46	92
46	142
46	152
46	177
46	220
46	318
46	338
46	401
46	566
46	626
46	888
46	1320
46	1498
46	1902
46	1938
46	2137
46	2416
46	2553
46	2996
46	3330
46	3704
46	3859
46	3879
46	4564
46	4602
46	4674
46	4733
46	4820
46	4846
46	4973
46	5047
46	5048
46	5097
46	5541
46	5875
46	6491
46	6580
46	6832
46	7885
46	8330
46	8673
46	8701
46	8730
46	9163
46	9658
46	9756
47	108
47	130
47	162
47	377
47	384
47	439
47	471
47	473
47	531
47	587
47	717
47	722
47	903
47	977
47	1066
47	1073
47	1117
47	1161
47	1399
47	1460
47	1584
47	1653
47	1684
47	1720
47	1947
47	2084
47	2257
47	2470
47	2493
47	2626
47	3110
47	3381
47	3489
47	3611
47	3637
47	3664
47	4056
47	4063
47	4070
47	4168
47	4226
47	4722
47	4806
47	4932
47	4943
47	5101
47	5309
47	5380
47	5713
47	5833
47	5898
47	6104
47	6170
47	6411
47	6785
47	7117
47	7327
47	7364
47	7405
47	7668
47	7865
47	8229
47	8300
47	8464
47	9101
47	9341
47	9868
48	87
48	149
48	196
48	372
48	484
48	583
48	891
48	957
48	1021
48	1100
48	1669
48	1700
48	1947
48	2427
48	2773
48	2836
48	2901
48	3385
48	4431
48	4435
48	4454
48	4544
48	4547
48	4605
48	5140
48	5964
48	6487
48	6498
48	7016
48	7252
48	7865
48	8131
48	8354
48	8788
48	9025
48	9360
49	60
49	73
49	389
49	451
49	561
49	634
49	791
49	869
49	876
49	897
49	1152
49	1398
49	1565
49	1647
49	1705
49	2161
49	2749
49	3352
49	3429
49	3583
49	4623
49	4903
49	5107
49	5598
49	5922
49	6418
49	6968
49	7567
49	7751
49	8497
49	8724
49	9662
49	9714
49	9891
50	157
50	158
50	226
50	369
50	390
50	417
50	423
50	440
50	506
50	511
50	708
50	887
50	929
50	2017
50	2206
50	2560
50	2569
50	2579
50	2627
50	2768
50	2994
50	3134
50	3357
50	4775
50	5031
50	5282
50	5551
50	5803
50	6429
50	6864
50	7003
50	7116
50	7238
50	7513
50	7736
50	7850
50	9629
50	9835
51	75
51	96
51	116
51	120
51	128
51	226
51	277
51	330
51	413
51	541
51	608
51	900
51	1026
51	1200
51	1532
51	1601
51	1612
51	1767
51	1812
51	1984
51	2450
51	2457
51	2639
51	2755
51	2950
51	3007
51	3313
51	3381
51	3817
51	3884
51	4098
51	4319
51	4331
51	4412
51	4645
51	5331
51	5377
51	5715
51	6099
51	6194
51	6805
51	7194
51	7270
51	7411
51	7496
51	8075
51	8147
51	8839
51	9057
51	9419
51	9541
52	692
52	828
52	923
52	956
52	1491
52	3707
52	3989
52	4526
52	5533
52	6622
52	8031
52	8943
53	97
53	132
53	303
53	329
53	561
53	565
53	827
53	1288
53	1346
53	1396
53	1735
53	1780
53	1979
53	2989
53	4304
53	4941
53	4981
53	5737
53	6118
53	6680
53	7162
53	7480
53	7746
53	9064
53	9212
53	9536
53	9558
53	9927
54	61
54	118
54	227
54	303
54	386
54	453
54	488
54	598
54	671
54	1090
54	1151
54	1541
54	2001
54	2270
54	3377
54	3627
54	3790
54	3806
54	4014
54	4235
54	4327
54	4898
54	5330
54	5576
54	5777
54	6132
54	6551
54	6866
54	6867
54	7150
54	7606
54	8724
54	8983
54	9926
55	138
55	242
55	266
55	607
55	1487
55	1980
55	2028
55	2278
55	2296
55	2799
55	3063
55	3233
55	3442
55	3557
55	3845
55	4279
55	5384
55	5416
55	6139
55	6277
55	7392
55	7823
55	8785
55	8864
55	9136
55	9149
55	9817
56	70
56	99
56	107
56	108
56	111
56	112
56	166
56	205
56	221
56	243
56	299
56	316
56	362
56	364
56	376
56	382
56	398
56	402
56	423
56	428
56	461
56	492
56	543
56	648
56	653
56	673
56	694
56	760
56	770
56	772
56	790
56	828
56	850
56	917
56	980
56	1017
56	1022
56	1068
56	1143
56	1163
56	1252
56	1263
56	1284
56	1379
56	1494
56	1547
56	1661
56	1789
56	1961
56	1976
56	1988
56	2012
56	2224
56	2263
56	2496
56	2501
56	2576
56	2584
56	2616
56	2747
56	2764
56	2816
56	2961
56	3008
56	3119
56	3197
56	3273
56	3284
56	3297
56	3345
56	3358
56	3417
56	3778
56	3957
56	4081
56	4101
56	4102
56	4228
56	4300
56	4302
56	4388
56	4699
56	4783
56	4953
56	4958
56	4995
56	5060
56	5355
56	5540
56	5610
56	5953
56	6087
56	6244
56	6596
56	6811
56	6828
56	6961
56	7076
56	7109
56	7123
56	7252
56	7413
56	7489
56	7511
56	7626
56	7660
56	7822
56	7853
56	7878
56	8053
56	8296
56	8437
56	8797
56	8913
56	8993
56	9017
56	9076
56	9292
56	9409
56	9469
56	9520
56	9581
56	9685
57	386
57	780
57	1417
57	1489
57	1919
57	4627
58	82
58	239
58	274
58	386
58	430
58	435
58	473
58	507
58	514
58	547
58	591
58	610
58	645
58	753
58	930
58	1000
58	1506
58	1746
58	1824
58	1879
58	2360
58	2381
58	2731
58	2735
58	2814
58	2927
58	3098
58	3803
58	4482
58	4934
58	5412
58	5566
58	5599
58	6072
58	7268
58	7709
58	7929
58	8232
58	8670
58	8689
58	9289
58	9692
58	9763
59	129
59	146
59	161
59	248
59	331
59	632
59	939
59	1125
59	1628
59	2340
59	2520
59	2699
59	2880
59	2883
59	3454
59	3939
59	4226
59	4312
59	4353
59	4646
59	6723
59	6938
59	6975
59	7342
59	7849
59	8544
59	8753
60	184
60	197
60	277
60	333
60	468
60	512
60	578
60	596
60	704
60	1027
60	1148
60	1187
60	1248
60	1341
60	1936
60	2026
60	3159
60	3340
60	3452
60	3454
60	3797
60	4031
60	4112
60	4212
60	5372
60	6500
60	7386
60	7685
60	9226
61	62
61	124
61	165
61	179
61	458
61	522
61	735
61	1242
61	1577
61	2167
61	2352
61	3433
61	3484
61	3494
61	4041
61	4303
61	4436
61	4596
61	5310
61	5396
61	6542
61	7633
61	7819
61	8335
61	8736
62	115
62	153
62	158
62	420
62	689
62	1311
62	1393
62	1502
62	1543
62	1953
62	2696
62	3783
62	4061
62	4280
62	4758
62	5969
62	6176
62	6519
62	6637
62	7202
62	8124
63	7015
63	9627
64	75
64	315
64	390
64	416
64	425
64	568
64	574
64	662
64	748
64	771
64	780
64	872
64	931
64	992
64	1046
64	1068
64	1101
64	1431
64	2534
64	2538
64	2822
64	2962
64	3235
64	3807
64	4038
64	4545
64	4581
64	4750
64	5052
64	5501
64	5736
64	6587
64	6602
64	7012
64	7383
64	7399
64	8083
64	8722
64	8756
64	8814
64	8907
64	9013
64	9359
64	9931
65	298
65	447
65	507
65	639
65	733
65	1171
65	1274
65	1287
65	1410
65	1415
65	1472
65	2723
65	3112
65	3600
65	3608
65	3847
65	4193
65	4833
65	5750
65	6124
65	6593
65	6605
65	6999
65	8414
65	8886
65	9038
65	9699
66	363
66	485
66	601
66	658
66	808
66	974
66	1149
66	1378
66	1904
66	2091
66	2613
66	2659
66	2970
66	3144
66	3355
66	3418
66	3538
66	3685
66	3775
66	4829
66	6420
66	6650
66	7401
66	7550
66	8998
66	9043
67	94
67	481
67	587
67	1686
67	1722
67	1776
67	2161
67	2479
67	2559
67	2981
67	3431
67	6372
67	7457
67	8203
67	9937
67	9943
68	167
68	282
68	486
68	669
68	923
68	1006
68	1158
68	1270
68	1367
68	1982
68	2625
68	3815
68	3860
68	4626
68	5428
68	7526
68	7713
68	8818
68	8982
68	9194
69	77
69	95
69	164
69	280
69	443
69	444
69	551
69	578
69	601
69	930
69	1144
69	1241
69	1260
69	1341
69	1772
69	1787
69	2567
69	2572
69	2809
69	2993
69	3964
69	4407
69	4545
69	5220
69	5449
69	5719
69	5863
69	6440
69	6648
69	6840
69	7008
69	7120
69	7402
69	7501
69	7745
69	7762
69	7882
69	8160
69	8491
69	8563
69	9195
69	9348
70	109
70	187
70	240
70	242
70	327
70	338
70	439
70	443
70	476
70	501
70	647
70	661
70	1033
70	1187
70	1255
70	1283
70	1343
70	1429
70	1880
70	2359
70	2495
70	2692
70	2723
70	2742
70	2900
70	2918
70	3056
70	3211
70	3316
70	3469
70	3539
70	3802
70	3869
70	3904
70	4272
70	4360
70	4598
70	4768
70	4843
70	5286
70	5530
70	6135
70	6189
70	6209
70	6243
70	6536
70	6602
70	7035
70	7437
70	7919
70	9073
70	9573
70	9818
71	77
71	103
71	166
71	170
71	236
71	273
71	297
71	361
71	381
71	391
71	451
71	463
71	571
71	720
71	774
71	801
71	838
71	858
71	905
71	962
71	995
71	1606
71	1945
71	2185
71	2235
71	2409
71	2552
71	2765
71	3178
71	3873
71	4098
71	4499
71	4910
71	4973
71	5065
71	5303
71	5355
71	5801
71	5910
71	6415
71	6604
71	6761
71	7187
71	7377
71	7565
71	7642
71	7986
71	8232
71	8241
71	8377
71	8584
71	8792
71	8996
71	9757
71	9828
71	9966
71	9987
72	772
72	1200
72	1503
72	2314
72	2375
72	2885
72	3860
72	4304
72	4390
72	5035
72	5843
72	6921
72	7026
72	8809
72	9243
73	210
73	238
73	314
73	335
73	492
73	576
73	682
73	763
73	901
73	963
73	1181
73	1273
73	1331
73	1555
73	1747
73	1798
73	2292
73	2366
73	2383
73	3443
73	3548
73	3914
73	4455
73	4457
73	4714
73	4752
73	4884
73	5006
73	5059
73	5584
73	6581
73	6832
73	7029
73	7209
73	7728
73	8230
73	8385
73	8543
73	9950
74	106
74	124
74	181
74	264
74	290
74	309
74	398
74	653
74	820
74	830
74	1285
74	1319
74	1351
74	1859
74	1939
74	2200
74	2403
74	2594
74	2976
74	3626
74	3693
74	4195
74	4338
74	4405
74	4457
74	4753
74	4781
74	5036
74	5171
74	5202
74	5525
74	6337
74	6367
74	6527
74	6579
74	7202
74	7768
74	8034
74	9299
74	9537
74	9728
74	9729
75	132
75	183
75	406
75	994
75	1183
75	1226
75	1901
75	2142
75	2150
75	3101
75	3540
75	3951
75	4239
75	4312
75	4586
75	5923
75	6590
75	6653
75	6722
75	6726
75	7449
76	81
76	85
76	285
76	429
76	469
76	472
76	479
76	495
76	496
76	617
76	711
76	799
76	874
76	1017
76	1048
76	1057
76	1067
76	1170
76	1223
76	1225
76	1969
76	2092
76	2455
76	2578
76	3666
76	3801
76	3967
76	4070
76	4093
76	4164
76	5286
76	5559
76	5614
76	6775
76	7184
76	7709
76	8081
76	8109
76	8874
76	9061
77	117
77	193
77	216
77	306
77	325
77	481
77	482
77	619
77	709
77	1202
77	1220
77	1239
77	1255
77	1387
77	1484
77	1485
77	1510
77	1595
77	1634
77	1691
77	1706
77	1833
77	1858
77	2148
77	2374
77	2387
77	2474
77	2506
77	3064
77	3065
77	3476
77	3857
77	3891
77	3929
77	4062
77	4315
77	5252
77	5710
77	5806
77	5919
77	6217
77	6417
77	6570
77	6615
77	7010
77	7191
77	7196
77	7321
77	7515
77	7867
77	8638
77	8808
77	8959
77	9152
77	9305
77	9327
77	9801
78	90
78	237
78	273
78	409
78	519
78	544
78	577
78	658
78	663
78	736
78	806
78	866
78	1129
78	1152
78	1266
78	1439
78	1464
78	1552
78	1806
78	1909
78	2549
78	2592
78	2839
78	3090
78	3105
78	3723
78	3810
78	4252
78	4961
78	5100
78	5853
78	6046
78	7264
78	7549
78	7820
78	8234
78	8448
78	9529
78	9845
79	187
79	205
79	230
79	328
79	545
79	968
79	1556
79	1860
79	1868
79	1869
79	2534
79	2918
79	3080
79	3248
79	4019
79	4269
79	4660
79	4677
79	4681
79	4767
79	4917
79	6451
79	6539
79	6678
79	6753
79	7726
79	7971
79	8209
79	8477
79	8490
79	8826
79	9772
79	9912
80	96
80	135
80	217
80	243
80	289
80	438
80	461
80	518
80	547
80	564
80	776
80	878
80	1551
80	1921
80	2042
80	2989
80	3268
80	3275
80	3661
80	4311
80	4868
80	5151
80	5440
80	7525
80	7629
80	7720
80	8649
80	9168
80	9422
80	9503
80	9894
81	89
81	153
81	203
81	206
81	228
81	281
81	332
81	351
81	394
81	422
81	472
81	488
81	538
81	548
81	587
81	621
81	638
81	687
81	794
81	869
81	908
81	909
81	912
81	958
81	1176
81	1190
81	1222
81	1234
81	1243
81	1288
81	1324
81	1367
81	1401
81	1483
81	1521
81	1581
81	1642
81	1827
81	1904
81	2080
81	2104
81	2116
81	2121
81	2439
81	2475
81	2590
81	2818
81	3116
81	3198
81	3201
81	3537
81	3818
81	3941
81	3949
81	4000
81	4035
81	4036
81	4338
81	4357
81	4660
81	4721
81	4763
81	5297
81	5357
81	5373
81	5462
81	5989
81	6271
81	6790
81	6919
81	7007
81	7119
81	7185
81	7305
81	7374
81	7412
81	8026
81	8239
81	8284
81	8959
81	9432
81	9514
82	324
82	433
82	2261
82	2321
82	3515
82	4216
82	5775
82	6720
82	8484
82	8731
83	825
83	1146
83	1443
83	1662
83	2194
83	2680
83	4320
83	4926
83	5023
83	5112
83	7472
83	8028
83	9084
83	9695
83	9817
84	202
84	316
84	365
84	508
84	527
84	749
84	932
84	941
84	1014
84	1110
84	1209
84	1252
84	1279
84	1298
84	1309
84	1521
84	1673
84	1779
84	1843
84	1927
84	2217
84	2384
84	2725
84	3228
84	3524
84	3581
84	3799
84	4092
84	4159
84	4301
84	4315
84	4440
84	5043
84	5268
84	5788
84	6058
84	8058
84	8333
84	8540
84	8899
84	9368
84	9967
85	92
85	107
85	244
85	252
85	311
85	361
85	479
85	483
85	490
85	693
85	808
85	948
85	949
85	1233
85	1619
85	1703
85	1867
85	1899
85	2403
85	2404
85	2700
85	2923
85	4153
85	4685
85	4891
85	5177
85	6340
85	6888
85	7163
85	7442
85	7991
85	8286
86	188
86	258
86	1107
86	1145
86	1173
86	1360
86	1409
86	1692
86	1873
86	2014
86	2344
86	2874
86	2990
86	4425
86	4731
86	5442
86	5704
86	6404
86	6669
86	6851
86	7340
86	7365
86	7643
86	9112
87	305
87	515
87	849
87	1421
87	4196
87	4772
87	5201
87	6230
87	8004
88	100
88	280
88	296
88	450
88	535
88	668
88	760
88	1367
88	2324
88	2577
88	3821
88	5079
88	8480
88	9232
88	9556
89	102
89	159
89	460
89	1024
89	1682
89	1989
89	2007
89	2048
89	2745
89	3106
89	3286
89	3448
89	4128
89	4166
89	4356
89	4788
89	6601
89	6808
89	7121
89	7871
89	8049
89	8073
89	8478
90	2720
90	3417
90	3514
90	6237
90	7707
90	9712
90	9947
91	170
91	225
91	250
91	286
91	370
91	439
91	455
91	487
91	642
91	723
91	756
91	835
91	952
91	1027
91	1361
91	1579
91	1708
91	1743
91	1751
91	1884
91	1905
91	2080
91	2173
91	2276
91	2433
91	2812
91	3092
91	3094
91	3257
91	3313
91	3875
91	4245
91	4247
91	4302
91	4450
91	4637
91	5296
91	5552
91	5718
91	5831
91	7036
91	7531
91	7632
91	8853
91	8913
91	9056
91	9722
92	416
92	457
92	490
92	729
92	741
92	1040
92	1412
92	1778
92	2229
92	2356
92	2545
92	2583
92	3888
92	4087
92	4097
92	4179
92	4598
92	4652
92	5754
92	5789
92	6531
92	8373
92	9416
92	9754
93	101
93	168
93	202
93	211
93	261
93	321
93	330
93	383
93	1839
93	1874
93	2138
93	3186
93	3645
93	4355
93	4960
93	5016
93	5580
93	6885
93	7771
93	7843
93	8096
93	8242
93	8901
94	113
94	160
94	171
94	257
94	412
94	530
94	709
94	716
94	733
94	890
94	906
94	1071
94	1072
94	1177
94	1201
94	1501
94	1837
94	1929
94	1996
94	2516
94	2776
94	2852
94	2862
94	3020
94	3061
94	3310
94	4480
94	4618
94	5550
94	5814
94	6690
94	6718
94	7060
94	7533
94	7581
94	8093
94	8595
94	8924
94	9191
94	9414
95	98
95	117
95	173
95	185
95	204
95	265
95	337
95	371
95	417
95	421
95	433
95	436
95	516
95	570
95	609
95	651
95	748
95	750
95	788
95	853
95	946
95	1032
95	1058
95	1113
95	1647
95	1881
95	1975
95	2111
95	2115
95	2161
95	2448
95	2559
95	2571
95	2577
95	2835
95	3034
95	3420
95	3495
95	4067
95	4369
95	4936
95	5071
95	5128
95	5180
95	5705
95	5947
95	6068
95	6140
95	6358
95	6503
95	6855
95	7009
95	7105
95	7135
95	7190
95	7353
95	7737
95	8147
95	8291
95	8337
95	8573
95	8891
95	8942
95	9139
96	202
96	292
96	525
96	602
96	606
96	649
96	1383
96	1664
96	1783
96	2557
96	2589
96	3186
96	3331
96	3572
96	4017
96	4955
96	5521
96	5735
96	6285
96	6362
96	6447
96	7924
96	9509
96	9518
96	9527
97	120
97	125
97	172
97	201
97	227
97	539
97	579
97	652
97	826
97	917
97	1064
97	1151
97	1202
97	1369
97	1395
97	1445
97	2049
97	2083
97	2578
97	2774
97	2849
97	3030
97	3291
97	3512
97	3562
97	3614
97	3899
97	4191
97	4398
97	4459
97	4929
97	5211
97	5330
97	5455
97	5853
97	6333
97	7704
97	7774
97	7909
97	8289
97	9125
97	9509
97	9848
98	133
98	141
98	144
98	148
98	193
98	327
98	842
98	852
98	971
98	1005
98	1040
98	1137
98	1908
98	1946
98	2360
98	2428
98	2449
98	2479
98	2533
98	2642
98	2831
98	2920
98	2982
98	3341
98	3791
98	3904
98	4071
98	4857
98	5123
98	5251
98	5388
98	5707
98	6113
98	6115
98	6267
98	6645
98	6714
98	6882
98	7201
98	7856
98	7925
98	8603
98	8629
98	8924
98	9291
98	9498
98	9580
99	185
99	220
99	288
99	291
99	322
99	359
99	506
99	592
99	844
99	920
99	932
99	1178
99	1193
99	1205
99	1224
99	1226
99	1238
99	1316
99	2068
99	2122
99	2123
99	2205
99	2428
99	2907
99	3527
99	4115
99	4183
99	4276
99	4345
99	4692
99	4820
99	5283
99	5565
99	6149
99	6150
99	6454
99	6735
99	6961
99	7296
99	7515
99	7947
99	8600
99	9244
99	9572
99	9764
100	181
100	203
100	399
100	505
100	570
100	758
100	1168
100	1536
100	1560
100	1602
100	1688
100	1895
100	2285
100	2442
100	2940
100	3100
100	3301
100	4184
100	4253
100	5460
100	6917
100	7974
100	8956
100	9689
101	105
101	334
101	368
101	454
101	706
101	836
101	922
101	1295
101	1356
101	1539
101	2736
101	3500
101	4618
101	5296
101	5986
101	8214
101	8401
102	106
102	166
102	293
102	551
102	622
102	649
102	691
102	749
102	774
102	834
102	872
102	968
102	1230
102	1556
102	1612
102	1620
102	1687
102	2016
102	2357
102	2477
102	2480
102	2638
102	2732
102	3578
102	3695
102	3940
102	3987
102	4171
102	4208
102	4214
102	4362
102	4372
102	4939
102	5159
102	5247
102	5257
102	5259
102	5337
102	5379
102	5587
102	5932
102	6318
102	6443
102	6555
102	6720
102	7108
102	7471
102	7492
102	7504
102	8323
102	8570
102	8980
103	178
103	421
103	453
103	550
103	638
103	642
103	702
103	731
103	742
103	935
103	1043
103	1228
103	1287
103	1301
103	1304
103	1389
103	2206
103	2635
103	3960
103	4015
103	4040
103	4393
103	4633
103	4877
103	4977
103	5779
103	6402
103	6558
103	6984
103	7011
103	7636
103	7718
103	8152
103	8592
103	9031
103	9643
104	164
104	214
104	308
104	975
104	1325
104	2947
104	3238
104	3264
104	3973
104	4023
104	4061
104	4147
104	4249
104	5116
104	5684
104	6041
104	6188
104	7493
104	8166
104	8219
104	8705
104	8977
104	9242
105	176
105	180
105	245
105	575
105	591
105	678
105	728
105	819
105	891
105	1166
105	1630
105	2289
105	2677
105	2857
105	2949
105	2966
105	3518
105	4173
105	4664
105	4773
105	5506
105	5571
105	6122
105	6630
105	6798
105	9052
106	181
106	254
106	304
106	336
106	379
106	478
106	625
106	651
106	887
106	907
106	986
106	1388
106	1405
106	1668
106	2082
106	2290
106	2560
106	2926
106	3083
106	3092
106	3122
106	3211
106	3216
106	3239
106	4739
106	5714
106	6549
107	275
107	280
107	332
107	366
107	480
107	713
107	824
107	1886
107	2804
107	3200
107	4346
107	5236
107	5475
107	5578
107	6154
107	6505
107	7724
107	8470
107	9334
107	9490
108	142
108	176
108	186
108	494
108	606
108	610
108	619
108	834
108	864
108	1147
108	1258
108	1403
108	1462
108	1878
108	1898
108	2304
108	2418
108	2552
108	2705
108	2876
108	3045
108	3609
108	4597
108	5147
108	5249
108	5341
108	5593
108	6184
108	6317
108	6365
108	6512
108	6833
108	6979
108	7142
108	8359
108	8830
108	8843
108	9508
108	9515
108	9554
108	9597
108	9777
109	859
109	1794
109	4046
110	282
110	402
110	699
110	740
110	813
110	914
110	961
110	1240
110	1495
110	1559
110	1568
110	1748
110	2024
110	2311
110	2698
110	2854
110	2927
110	3393
110	3504
110	3571
110	3733
110	3777
110	4103
110	4310
110	4602
110	4904
110	5039
110	5428
110	5756
110	6210
110	7162
110	8368
110	8426
110	8456
110	8940
110	9753
111	130
111	1178
111	1674
111	1754
111	1964
111	2167
111	2223
111	2252
111	2965
111	3756
111	4045
111	4898
111	6449
111	8169
111	8253
111	8770
111	9583
112	182
112	287
112	350
112	602
112	879
112	893
112	939
112	2705
112	2859
112	3854
112	5106
112	5938
113	263
113	283
113	377
113	428
113	474
113	489
113	614
113	618
113	629
113	650
113	662
113	745
113	811
113	864
113	915
113	1178
113	1318
113	1491
113	1535
113	1588
113	1656
113	1689
113	1783
113	1943
113	1955
113	1958
113	2163
113	2251
113	2398
113	2663
113	2770
113	2915
113	3145
113	3388
113	3427
113	3495
113	3714
113	3842
113	4330
113	4429
113	4644
113	4798
113	4906
113	5150
113	5517
113	5527
113	5706
113	5940
113	6031
113	6077
113	6469
113	6507
113	7219
113	7230
113	7256
113	7531
113	7579
113	7993
113	8114
113	8504
113	8591
113	8644
113	8649
113	9388
113	9423
113	9768
113	9824
113	9897
114	118
114	225
114	226
114	254
114	858
114	942
114	1212
114	1855
114	1960
114	2982
114	3130
114	5783
114	5894
114	6988
114	9111
114	9287
115	155
115	175
115	198
115	209
115	278
115	354
115	355
115	635
115	689
115	698
115	837
115	840
115	851
115	969
115	1115
115	1180
115	1237
115	1491
115	1730
115	2301
115	2418
115	2542
115	2648
115	2902
115	3018
115	3215
115	3307
115	3319
115	3525
115	3919
115	5413
115	5497
115	5746
115	5808
115	5935
115	6776
115	7586
115	7831
115	8142
115	8248
115	8452
115	8464
115	8588
115	8974
115	9136
115	9165
115	9451
115	9513
116	119
116	140
116	265
116	298
116	392
116	821
116	959
116	1207
116	1214
116	1497
116	1547
116	1681
116	1963
116	2255
116	2380
116	2955
116	3127
116	3554
116	3587
116	3895
116	4044
116	4319
116	4392
116	4659
116	5376
116	5752
116	5786
116	5870
116	5887
116	6337
116	6854
116	7412
116	8294
116	8602
116	8627
116	8628
116	8920
116	9592
117	204
117	218
117	262
117	286
117	287
117	288
117	326
117	343
117	358
117	365
117	387
117	475
117	546
117	548
117	718
117	739
117	799
117	807
117	865
117	898
117	921
117	1263
117	1279
117	1334
117	1354
117	1404
117	1416
117	1498
117	1557
117	1570
117	1597
117	1633
117	1708
117	1917
117	1964
117	2010
117	2071
117	2085
117	3182
117	3383
117	3434
117	3598
117	3858
117	3955
117	4461
117	4592
117	4668
117	4684
117	4792
117	4811
117	5098
117	5143
117	5384
117	5831
117	7499
117	7644
117	7662
117	8050
117	8099
117	8255
117	8626
117	8927
117	9165
117	9348
117	9369
117	9731
117	9769
117	9927
117	9993
118	160
118	1009
118	1096
118	1271
118	1315
118	1322
118	1476
118	2226
118	3372
118	3540
118	3855
118	3975
118	4194
118	4711
118	4800
118	4835
118	5072
118	5588
118	5690
118	7066
118	7294
118	7660
118	8292
118	9976
119	1449
119	1752
119	2629
119	5884
119	6719
119	8175
119	8619
119	8706
120	134
120	190
120	199
120	579
120	605
120	729
120	752
120	781
120	1248
120	1291
120	1380
120	1774
120	2245
120	2468
120	2648
120	2693
120	3255
120	3660
120	3695
120	3979
120	4138
120	5089
120	5642
120	5922
120	6460
120	7182
120	7404
120	7742
120	8055
120	8654
120	8760
120	9246
120	9480
120	9493
120	9899
121	247
121	459
121	531
121	1131
121	1336
121	1536
121	1799
121	2153
121	3324
121	3754
121	4280
121	4718
121	5152
121	5261
121	5336
121	6129
121	6946
121	8398
121	9218
121	9902
122	150
122	346
122	397
122	418
122	518
122	529
122	628
122	722
122	773
122	860
122	1118
122	1131
122	1679
122	1756
122	1816
122	1864
122	1867
122	1876
122	2032
122	2045
122	2253
122	2903
122	3018
122	3097
122	3158
122	3324
122	3328
122	3757
122	4187
122	4233
122	4554
122	4616
122	4694
122	4914
122	5515
122	5788
122	6327
122	6429
122	6456
122	6638
122	6887
122	7021
122	7350
122	7677
122	7680
122	7963
122	8102
122	8503
122	8612
122	9195
122	9612
122	9681
122	9949
123	169
123	450
123	555
123	616
123	2210
123	2719
123	5065
123	5162
123	5268
123	6306
123	7124
123	7709
123	9302
124	1194
124	1437
124	3706
124	9369
125	172
125	397
125	764
125	1106
125	1642
125	1849
125	2137
125	2798
125	2961
125	3521
125	4596
125	4927
125	5160
125	6262
125	6432
125	6888
125	7785
125	7864
125	8185
126	251
126	347
126	504
126	578
126	1603
126	1771
126	1889
126	2771
126	3913
126	4332
126	5606
126	6095
126	6353
126	6475
126	6613
126	6846
126	7451
126	7690
126	9855
127	999
127	1185
127	1289
127	1339
127	1394
127	1537
127	1692
127	5356
127	5461
127	5742
127	6284
127	7553
128	146
128	173
128	214
128	237
128	276
128	596
128	1359
128	1441
128	1584
128	1781
128	1986
128	2362
128	3022
128	3486
128	3726
128	4246
128	4731
128	6375
128	6632
128	7266
128	7461
128	8948
128	8998
128	9621
129	131
129	173
129	241
129	294
129	357
129	468
129	1618
129	1754
129	1811
129	3171
129	3446
129	5775
129	5827
129	7178
129	7299
129	8423
129	8661
129	9317
129	9437
129	9541
129	9866
129	9925
130	142
130	208
130	670
130	742
130	966
130	1114
130	1347
130	2897
130	3183
130	3268
130	4933
130	4993
130	5321
130	5607
130	6573
130	6890
130	7645
130	9355
130	9523
130	9805
131	376
131	573
131	609
131	624
131	656
131	703
131	712
131	854
131	934
131	989
131	1114
131	1188
131	1442
131	1840
131	2553
131	2675
131	2754
131	2868
131	3033
131	3055
131	3384
131	3573
131	4057
131	4217
131	4470
131	4648
131	5248
131	5434
131	7982
131	8655
131	8741
131	8811
131	9346
131	9475
131	9534
131	9882
132	212
132	309
132	413
132	446
132	558
132	621
132	654
132	1185
132	2347
132	2622
132	3820
132	4293
132	4337
132	5389
132	6085
132	6819
132	7673
132	7984
132	8622
133	207
133	392
133	1547
133	1593
133	1723
133	4554
133	4777
133	4980
133	8143
134	158
134	189
134	215
134	220
134	378
134	517
134	801
134	957
134	1033
134	1110
134	1327
134	1368
134	1405
134	1500
134	1548
134	1656
134	1792
134	2351
134	2518
134	2827
134	2902
134	3018
134	3140
134	3426
134	3621
134	3926
134	4357
134	4458
134	4521
134	5064
134	5176
134	5474
134	5536
134	5579
134	6500
134	7687
134	7789
134	8013
134	9676
134	9988
135	211
135	218
135	1239
135	1546
135	1622
135	1978
135	4016
135	4634
135	4691
135	4852
135	5627
135	6148
135	6970
135	7425
135	9271
136	146
136	211
136	250
136	313
136	329
136	462
136	540
136	602
136	934
136	1131
136	1519
136	2273
136	2278
136	2332
136	2529
136	3304
136	3820
136	3988
136	4196
136	4359
136	4726
136	4786
136	4952
136	4990
136	5126
136	5150
136	5256
136	5635
136	6253
136	6319
136	6398
136	6777
136	7183
136	8095
136	8157
136	9288
136	9699
136	9816
137	552
137	893
137	929
137	1055
137	1237
137	1463
137	2119
137	2230
137	2337
137	2345
137	2760
137	3418
137	3574
137	3669
137	3767
137	3984
137	4499
137	4727
137	5006
137	5118
137	5887
137	6329
137	7062
137	7413
137	8236
137	8775
137	9744
137	9789
138	154
138	198
138	310
138	405
138	431
138	560
138	796
138	1172
138	1199
138	1426
138	1455
138	1486
138	1981
138	2023
138	2130
138	2306
138	2320
138	2707
138	2975
138	3162
138	4138
138	4469
138	4796
138	4945
138	5696
138	5894
138	6204
138	6322
138	6713
138	6762
138	8669
138	8702
138	8735
138	9459
138	9873
139	144
139	147
139	301
139	525
139	820
139	877
139	1127
139	1328
139	1567
139	2024
139	2286
139	2294
139	2504
139	3553
139	4262
139	4470
139	4473
139	4889
139	4891
139	5491
139	5656
139	5868
139	6105
139	6387
139	6633
139	6983
139	7033
139	7516
139	8769
139	9036
139	9153
139	9232
140	171
140	890
140	1440
140	2112
140	2382
140	6825
140	7440
140	8798
140	9857
141	180
141	269
141	359
141	1086
141	1110
141	1391
141	1662
141	1743
141	2380
141	2629
141	3321
141	5795
141	8167
141	8448
141	9415
141	9648
142	524
142	1001
142	1127
142	1195
142	1814
142	1966
142	2731
142	3530
142	4641
142	5327
142	6009
142	6106
142	8498
142	8781
143	1195
143	2504
143	4823
143	5260
144	208
144	210
144	1307
144	3057
144	3337
144	3343
144	3547
144	3771
144	4670
144	5415
144	5949
144	7039
145	1063
145	1505
145	2076
145	5683
145	5852
145	5864
145	6139
145	6334
145	7535
145	7604
145	7693
145	8869
146	160
146	179
146	228
146	2507
146	4025
146	4614
146	8859
147	447
147	755
147	1055
147	1640
147	1837
147	2064
147	2131
147	2156
147	2688
147	2886
147	3246
147	3558
147	4201
147	5873
147	6056
147	6083
147	6261
147	9530
147	9855
147	9932
148	198
148	411
148	1792
148	1903
148	2110
148	2293
148	3491
148	4515
148	4590
148	5890
148	6067
149	151
149	182
149	478
149	508
149	769
149	832
149	1516
149	1649
149	1732
149	1939
149	2383
149	2527
149	2713
149	2722
149	2823
149	2905
149	2910
149	2920
149	3067
149	3253
149	3352
149	3457
149	3833
149	4616
149	5199
149	5453
149	5880
149	5898
149	6394
149	6565
149	6909
149	7207
149	7237
149	8523
149	9352
149	9420
150	157
150	251
150	582
150	734
150	915
150	944
150	1519
150	1882
150	1901
150	2107
150	2694
150	3059
150	3277
150	3340
150	3391
150	3593
150	3595
150	3856
150	3868
150	4876
150	5354
150	5383
150	6224
150	6546
150	6589
150	6662
150	6711
150	6897
150	6986
150	7155
150	7671
150	7878
150	8461
150	8591
150	8909
150	8997
150	9482
151	154
151	217
151	253
151	254
151	256
151	633
151	1327
151	1428
151	1611
151	1714
151	1801
151	2141
151	2234
151	2391
151	2972
151	3421
151	3675
151	4022
151	4343
151	6021
151	7408
151	8356
151	9014
151	9931
152	162
152	209
152	334
152	341
152	380
152	412
152	453
152	523
152	789
152	818
152	846
152	904
152	1007
152	1091
152	1323
152	1497
152	1532
152	1617
152	1820
152	1915
152	2187
152	2795
152	2963
152	2992
152	3011
152	3027
152	3260
152	3420
152	3863
152	4234
152	4253
152	4840
152	5119
152	5536
152	5541
152	6639
152	6869
152	7155
152	7339
152	7436
152	7557
152	8446
152	8454
152	9099
152	9146
153	183
153	523
153	867
153	1030
153	1177
153	1206
153	2580
153	2608
153	2664
153	3755
153	4113
153	4258
153	4629
153	4643
153	5358
153	5398
153	5733
153	5966
153	6891
153	7218
153	7688
153	7834
153	8194
153	8582
153	8704
153	8971
153	9546
154	640
154	3101
154	4215
154	4398
154	8373
154	9236
155	272
155	425
155	729
155	884
155	1082
155	1250
155	1382
155	1480
155	1777
155	2103
155	2124
155	2257
155	2329
155	3218
155	3500
155	3514
155	3826
155	3853
155	3930
155	4513
155	4518
155	4742
155	5426
155	6336
155	7195
155	7380
155	7741
155	7813
155	8077
155	8752
155	9062
155	9428
155	9501
156	168
156	200
156	259
156	260
156	285
156	309
156	319
156	330
156	356
156	462
156	613
156	725
156	785
156	836
156	1056
156	1135
156	1138
156	1201
156	1222
156	1360
156	1517
156	1548
156	2144
156	2359
156	2588
156	2806
156	2919
156	3065
156	3368
156	3543
156	3667
156	3880
156	4806
156	5077
156	5135
156	5511
156	5583
156	5878
156	5947
156	6019
156	6632
156	6772
156	7532
156	7574
156	7738
156	7780
156	7814
156	8148
156	8227
156	8270
156	8908
156	9094
156	9241
156	9371
156	9468
156	9626
156	9907
157	279
157	323
157	606
157	624
157	653
157	715
157	1122
157	1265
157	1640
157	2062
157	3408
157	3927
157	5810
157	6929
157	7114
157	7611
157	7957
157	8338
157	8673
157	9858
158	196
158	479
158	520
158	1065
158	1089
158	1093
158	1123
158	2064
158	2620
158	2702
158	2788
158	2940
158	3532
158	3827
158	3897
158	4025
158	4231
158	4288
158	5166
158	5805
158	5955
158	6509
158	6681
158	7504
158	7596
158	7652
158	8692
158	8723
158	8839
159	252
159	1833
159	4066
159	6048
159	6265
159	7103
159	7375
160	171
160	224
160	249
160	329
160	458
160	738
160	1208
160	1983
160	2850
160	2899
160	3060
160	3263
160	4662
160	4791
160	5196
160	6026
160	6313
160	7433
160	7559
160	8002
160	9198
160	9269
160	9963
161	182
161	194
161	196
161	236
161	246
161	256
161	260
161	399
161	597
161	864
161	941
161	946
161	983
161	1207
161	1473
161	1562
161	1918
161	2294
161	2338
161	2493
161	2520
161	2606
161	2836
161	2870
161	2928
161	3227
161	3876
161	4109
161	4308
161	5093
161	5099
161	5170
161	5339
161	5352
161	6073
161	6482
161	6667
161	6801
161	7116
161	7415
161	8397
161	8845
161	8856
161	8937
161	8941
161	9550
161	9782
161	9930
162	219
162	335
162	429
162	521
162	622
162	652
162	867
162	974
162	1099
162	1249
162	1379
162	1927
162	2105
162	2299
162	2387
162	2574
162	2864
162	3660
162	4311
162	4337
162	4625
162	5066
162	5180
162	5185
162	6042
162	6225
162	6504
162	7019
162	7634
162	8236
162	8288
162	8372
162	8538
162	8605
162	9361
162	9556
163	229
163	644
163	717
163	1098
163	1871
163	3388
163	3908
163	4557
163	4994
163	7601
163	9080
163	9451
163	9952
164	184
164	235
164	276
164	407
164	459
164	671
164	719
164	880
164	1719
164	2120
164	2858
164	2956
164	3180
164	3221
164	4920
164	5079
164	7485
164	9442
164	9587
164	9647
165	213
165	271
165	661
165	1042
165	1393
165	1467
165	2355
165	2721
165	3165
165	4417
165	4963
165	6479
165	7490
165	8015
165	9333
165	9528
165	9850
166	1334
166	1910
166	1921
166	2015
166	2070
166	2403
166	2436
166	2923
166	3374
166	4273
166	4596
166	5281
166	5457
166	7402
167	680
167	697
167	1191
167	1265
167	1330
167	1365
167	1614
167	1685
167	1910
167	2126
167	2320
167	2456
167	3411
167	3864
167	4030
167	5082
167	5403
167	5896
167	5959
167	6754
167	7446
167	7866
167	8952
168	217
168	725
168	881
168	904
168	1348
168	1875
168	2056
168	2102
168	2776
168	3042
168	3281
168	4560
168	6413
168	8786
169	216
169	269
169	395
169	408
169	1371
169	1442
169	2291
169	2398
169	3865
169	5044
169	5596
169	8461
169	8987
170	272
170	295
170	301
170	857
170	1182
170	2047
170	2115
170	2433
170	2487
170	2502
170	3294
170	3360
170	6878
170	8985
170	9817
171	191
171	262
171	338
171	2031
171	3506
171	4415
171	4723
171	5370
171	6892
171	7100
171	9114
172	694
172	736
172	1174
172	3548
172	4251
172	6051
172	9091
172	9667
173	337
173	372
173	404
173	631
173	741
173	1377
173	2188
173	3260
173	4669
173	6350
173	6965
173	7095
173	8944
173	9179
173	9192
173	9323
173	9463
174	1750
174	4240
174	5138
174	8256
174	9044
174	9632
175	249
175	699
175	1388
175	1584
175	1659
175	1695
175	1731
175	2038
175	2271
175	2657
175	2907
175	2919
175	2978
175	3848
175	5084
175	6051
175	6324
175	9197
175	9546
176	882
176	5683
177	552
177	655
177	1828
177	2037
177	2645
177	3141
177	4066
177	6935
177	8255
177	8375
177	9510
178	185
178	776
178	1358
178	2045
178	3333
178	3446
178	4268
178	4449
178	4663
178	5230
178	6922
179	194
179	895
179	3744
179	4063
179	5381
179	5530
179	6909
180	201
180	1696
180	7491
180	9705
180	9975
181	427
181	754
181	822
181	1213
181	1260
181	1683
181	1907
181	1941
181	2750
181	6293
181	6423
181	6671
181	8189
181	8749
181	9219
182	9934
183	385
183	426
183	690
183	1002
183	1245
183	2215
183	2335
183	2715
183	3102
183	3291
183	3772
183	3880
183	4053
183	4858
183	5480
183	5497
183	6178
183	7273
183	8408
184	247
184	879
184	1198
184	1675
184	1699
184	1925
184	2157
184	2202
184	2804
184	3223
184	3788
184	4358
184	4569
184	4755
184	5882
184	8389
184	8575
185	283
185	501
185	769
185	1097
185	1452
185	1601
185	1976
185	2237
185	3361
185	3398
185	4511
185	5623
185	6962
185	7201
185	7318
185	7681
185	9669
186	215
186	255
186	285
186	345
186	740
186	1328
186	1716
186	1900
186	2739
186	3115
186	3748
186	6312
186	6498
186	6638
186	6836
186	8088
186	8090
186	8694
186	8867
187	876
187	1021
187	2287
187	3795
187	5144
187	5350
187	6201
187	6330
187	6581
187	7510
187	7530
187	8006
187	8320
187	9851
188	328
188	462
188	515
188	1025
188	1326
188	1615
188	2554
188	3047
188	3097
188	3498
188	3715
188	5490
188	6665
188	6972
188	7646
188	8803
188	9561
189	366
189	502
189	778
189	839
189	1318
189	1498
189	1975
189	3484
189	3716
189	4042
189	4656
189	5078
189	5402
189	6490
189	7138
189	7143
189	7690
189	7691
189	8316
189	9126
189	9149
189	9815
190	278
190	472
190	563
190	713
190	822
190	863
190	945
190	1788
190	3001
190	3147
190	3687
190	4294
190	4298
190	5939
190	6261
190	7127
190	8094
190	8997
190	9099
190	9952
191	276
191	293
191	352
191	370
191	543
191	597
191	799
191	1381
191	1774
191	2290
191	2646
191	2941
191	3533
191	4761
191	4856
191	5244
191	8222
191	8454
192	266
192	269
192	347
192	726
192	1013
192	1609
192	2581
192	2660
192	2748
192	2836
192	3412
192	3887
192	4234
192	5312
192	7105
192	7147
193	197
193	312
193	441
193	448
193	783
193	1088
193	1152
193	1210
193	1348
193	1720
193	1815
193	1876
193	1899
193	2238
193	2481
193	3265
193	4658
193	4768
193	4993
193	5095
193	5415
193	5815
193	7000
193	7157
193	8207
193	9290
193	9646
194	843
194	1107
194	8262
195	222
195	236
195	604
195	1990
195	5160
195	6588
196	589
196	1209
196	1262
196	1470
196	2053
196	2411
196	4516
196	4584
196	7607
196	8038
196	8683
196	8819
196	8906
196	9235
197	260
197	620
197	636
197	708
197	887
197	1295
197	1345
197	1926
197	1938
197	1991
197	2090
197	2376
197	2378
197	2391
197	2503
197	2866
197	3481
197	4373
197	4381
197	4781
197	4845
197	5069
197	5252
197	5960
197	6885
197	7593
197	9706
198	296
198	322
198	519
198	567
198	650
198	820
198	898
198	2128
198	2330
198	2463
198	2709
198	3046
198	3253
198	3346
198	3526
198	3575
198	4656
198	4812
198	5008
198	5362
198	5532
198	6022
198	6411
198	6679
198	6882
198	8269
198	8932
198	9012
198	9209
198	9253
199	212
199	241
199	302
199	352
199	360
199	659
199	671
199	711
199	717
199	739
199	778
199	831
199	979
199	1255
199	1504
199	1510
199	1686
199	2181
199	2196
199	2263
199	2472
199	2635
199	2719
199	2753
199	2799
199	2910
199	3262
199	3472
199	3483
199	3506
199	3573
199	4637
199	4639
199	4697
199	4841
199	4907
199	5194
199	5670
199	6523
199	6758
199	6761
199	7083
199	7309
199	7374
199	7667
199	8528
199	8980
199	9160
199	9459
199	9584
200	240
200	526
200	537
200	605
200	612
200	795
200	1060
200	1193
200	1442
200	1841
200	1852
200	2343
200	2731
200	3617
200	3890
200	4277
200	5764
200	6910
200	7082
200	7905
200	8796
200	8887
200	9286
200	9909
201	275
201	667
201	4244
201	5387
201	7187
201	8859
202	812
202	1149
202	1302
202	1507
202	1715
202	1791
202	1942
202	2267
202	3111
202	3303
202	3405
202	3434
202	4195
202	4518
202	5254
202	6483
202	9015
202	9857
203	311
203	819
203	897
203	1044
203	1801
203	2712
203	3300
203	3427
203	3755
203	5127
203	6631
203	6716
203	8203
203	9860
204	408
204	409
204	595
204	607
204	793
204	1205
204	1669
204	2266
204	3178
204	3683
204	5502
205	319
205	1339
205	1418
205	1570
205	3169
205	3993
205	4626
205	6208
205	6260
205	8433
205	9686
206	287
206	372
206	388
206	450
206	554
206	558
206	670
206	685
206	865
206	906
206	1289
206	1718
206	2093
206	2240
206	3765
206	8502
207	245
207	862
207	1276
207	1420
207	1564
207	1587
207	1660
207	2832
207	4077
207	4706
207	5605
207	6075
207	6403
207	6992
207	7068
207	7549
207	9295
207	9431
207	9793
208	215
208	233
208	362
208	466
208	525
208	588
208	600
208	610
208	625
208	660
208	1062
208	1241
208	1299
208	1734
208	2520
208	3143
208	3167
208	3359
208	3367
208	3588
208	3988
208	4226
208	4366
208	5037
208	5193
208	5240
208	5375
208	5671
208	5741
208	6006
208	7192
208	8519
208	8574
208	9236
208	9246
209	238
209	307
209	319
209	563
209	796
209	1204
209	1311
209	1371
209	1764
209	1771
209	2571
209	3977
209	4059
209	4150
209	4319
209	4692
209	5275
209	6354
209	6466
209	6569
209	7182
209	9326
210	434
210	1866
211	737
211	1118
211	1238
211	1734
211	1974
211	3450
211	3560
211	3825
211	4084
211	5071
211	5507
211	7075
211	7649
211	8387
211	9186
212	2508
212	3872
212	4344
212	4539
212	5175
212	5570
212	5884
212	6499
212	7694
212	7996
212	8735
213	414
213	503
213	522
213	603
213	681
213	743
213	750
213	793
213	996
213	998
213	1013
213	1168
213	1724
213	1765
213	2097
213	2371
213	2825
213	3006
213	3025
213	3661
213	3730
213	3952
213	4690
213	4713
213	4831
213	5198
213	5756
213	8064
213	8898
213	9609
213	9824
214	312
214	544
214	565
214	593
214	886
214	1204
214	2078
214	2241
214	2868
214	4285
214	4859
214	5467
214	5962
214	7596
214	8030
214	8071
214	9536
214	9553
215	510
215	1759
215	2061
215	2422
215	5209
215	5504
215	6842
215	7735
215	9102
216	314
216	535
216	1450
216	2486
216	3741
216	4301
216	5583
216	6118
216	6552
216	6792
216	7072
216	8646
217	302
217	353
217	360
217	814
217	848
217	927
217	1268
217	1718
217	1824
217	2015
217	3251
217	3387
217	3582
217	3641
217	3981
217	4007
217	4104
217	4703
217	5085
217	6362
217	6388
217	6691
217	6764
217	7048
217	7217
217	8119
217	8733
217	9428
217	9803
218	560
218	750
218	823
218	1004
218	1174
218	1445
218	1545
218	1627
218	1643
218	2086
218	2094
218	2988
218	3338
218	4069
218	6501
218	6979
218	8791
218	9479
219	252
219	416
219	476
219	2247
219	2269
219	3928
219	5868
220	294
220	482
220	646
220	761
220	1186
220	5242
220	5393
220	5867
220	6126
220	6567
220	6578
220	6738
220	7403
220	9091
221	1076
221	1830
221	1936
221	2483
221	2738
221	2797
221	3155
221	3181
221	4087
221	6293
221	6610
221	6636
221	6813
221	7358
221	7740
221	9701
221	9883
222	376
222	470
222	803
222	809
222	1354
222	2610
222	2724
222	3214
222	3846
222	4460
222	5423
222	6480
222	6867
222	7518
222	9001
222	9833
223	354
223	560
223	905
223	938
223	993
223	1522
223	2401
223	3079
223	3156
223	3159
223	3991
223	4352
223	5791
223	6646
223	7576
223	7624
223	7702
223	8420
223	8915
223	9871
224	231
224	261
224	474
224	539
224	784
224	836
224	980
224	2879
224	5265
224	6002
224	6483
224	6547
224	6565
224	7280
224	8290
224	8488
224	8777
224	8832
224	9034
225	3048
225	5734
226	431
226	527
226	983
226	1254
226	1432
226	1732
226	2682
226	2726
226	2914
226	4291
226	4438
226	4817
226	6242
226	6250
226	7379
226	7382
226	7727
226	8014
227	737
227	863
227	907
227	1319
227	1681
227	2786
227	2912
227	3032
227	3232
227	3413
227	4812
227	6197
227	6545
227	8468
227	8885
227	9147
227	9300
227	9745
228	248
228	326
228	726
228	1181
228	1308
228	1320
228	1331
228	2192
228	4544
228	6326
228	6431
228	7215
228	7244
228	7880
228	8404
228	8620
228	8755
228	9234
228	9884
229	275
229	374
229	381
229	675
229	683
229	689
229	742
229	761
229	1136
229	1650
229	2127
229	3466
229	3639
229	4135
229	4370
229	4589
229	5697
229	6322
229	6344
229	7213
230	349
230	449
230	493
230	565
230	591
230	674
230	703
230	769
230	1003
230	1106
230	1113
230	1241
230	1257
230	1268
230	1910
230	3045
230	3307
230	3545
230	3903
230	3933
230	4016
230	4364
230	4546
230	4609
230	5013
230	6144
230	6479
230	7426
230	7805
230	7966
230	8690
230	8862
230	9166
230	9376
231	235
231	648
231	1708
231	1804
231	3629
231	5828
231	6634
231	6787
231	8332
231	8704
231	8928
232	611
232	940
232	1119
232	1141
232	1352
232	1469
232	1506
232	1548
232	1595
232	1748
232	2288
232	2774
232	2794
232	3040
232	3465
232	3562
232	3721
232	3736
232	5687
232	6706
232	8256
232	8922
232	9492
232	9772
232	9872
233	584
233	635
233	909
233	1060
233	1670
233	2145
233	2174
233	2543
233	2821
233	2964
233	4914
233	4986
233	5620
233	5708
233	6008
233	6108
233	7475
233	8719
234	503
234	545
234	829
234	1011
234	2618
234	3043
234	5179
234	6561
234	6983
234	7399
235	509
235	712
235	782
235	792
235	1891
235	2249
235	2281
235	2299
235	2826
235	3608
235	4523
235	5556
235	6620
235	6748
235	7030
235	8091
236	245
236	743
236	942
236	969
236	1407
237	323
237	562
237	2845
237	3180
237	5540
237	6610
237	8771
237	9022
238	243
238	270
238	284
238	374
238	396
238	403
238	488
238	519
238	673
238	721
238	1030
238	1085
238	1094
238	1229
238	1262
238	1366
238	1527
238	1599
238	1703
238	1829
238	1937
238	2164
238	2405
238	2564
238	2679
238	2892
238	3000
238	3517
238	3561
238	3606
238	3728
238	3958
238	4288
238	4314
238	4654
238	4663
238	4698
238	4906
238	5257
238	5933
238	6382
238	7222
238	7398
238	7727
238	7868
238	8410
238	8533
238	8668
238	8822
239	1105
239	3988
239	5940
239	9116
240	244
240	349
240	569
240	724
240	859
240	972
240	1452
240	1928
240	2361
240	2762
240	2772
240	3118
240	4180
240	5669
240	5856
240	6697
240	6850
240	6916
240	7140
240	8825
240	9635
241	336
241	388
241	549
241	593
241	641
241	695
241	1075
241	1080
241	1688
241	1994
241	2303
241	2710
241	2798
241	2804
241	2897
241	2929
241	3118
241	3964
241	4402
241	4633
241	4635
241	5521
241	5904
241	6240
241	6573
241	6694
241	7093
241	7236
241	7374
241	7575
241	8220
241	8550
241	8583
241	9253
242	279
242	322
242	504
242	549
242	713
242	839
242	1176
242	1252
242	1267
242	1321
242	1372
242	1421
242	2178
242	2340
242	3377
242	3528
242	3560
242	4391
242	4513
242	4549
242	5062
242	5495
242	5682
242	6873
242	7324
242	8170
242	8487
242	8711
242	9222
242	9949
243	412
243	669
243	684
243	787
243	1016
243	1477
243	1828
243	2298
243	3058
243	3189
243	3351
243	3359
243	4056
243	4166
243	4322
243	6270
243	6327
243	7313
243	7348
243	8637
243	8678
243	8687
243	8688
243	8879
243	9083
243	9716
244	291
244	532
244	1009
244	2488
244	2738
244	5207
244	5710
244	7870
245	271
245	740
245	1028
245	1419
245	1553
245	1716
245	2227
245	2883
245	3173
245	3251
245	3620
245	4062
245	4073
245	4094
245	4665
245	5120
245	6336
245	8200
245	8363
245	9517
246	679
246	829
246	880
246	987
246	1469
246	1511
246	1668
246	2444
246	3491
246	3836
246	3926
246	4419
246	4565
246	4653
246	4706
246	4732
246	5903
246	6698
246	8187
246	9454
247	394
247	445
247	457
247	536
247	955
247	957
247	977
247	1242
247	1286
247	1927
247	1956
247	2130
247	5197
247	5765
247	5897
247	6044
247	6850
247	7128
247	7257
247	7314
247	8925
247	9417
248	268
248	876
248	1035
248	1451
248	1564
248	2115
248	2938
248	3178
248	3243
248	3805
248	4214
248	5241
248	5637
248	6239
248	6694
248	9919
249	357
249	1484
249	2045
249	2237
249	4310
249	4397
249	6689
249	8806
250	443
250	568
250	603
250	2609
250	4607
250	5662
250	7933
250	8610
251	618
251	687
251	1435
251	1826
251	3029
251	7013
251	8704
252	257
252	419
252	424
252	763
252	837
252	1003
252	1099
252	1297
252	1420
252	1723
252	2014
252	2285
252	2461
252	2908
252	3646
252	3970
252	5287
252	5524
252	5577
252	7027
252	7180
252	7504
252	7976
252	9389
252	9934
252	9947
253	340
253	444
253	496
253	556
253	2095
253	2363
253	2967
253	3467
253	4378
253	4688
253	5079
253	5999
253	6214
253	6793
253	8000
253	8040
253	8928
254	427
254	567
254	1079
254	1170
254	1290
254	2221
254	2326
254	4281
254	4967
254	6228
254	8061
254	8709
254	8884
254	9267
254	9711
255	313
255	353
255	427
255	441
255	447
255	463
255	477
255	498
255	510
255	638
255	646
255	722
255	849
255	1384
255	1439
255	1444
255	1475
255	1526
255	1713
255	1725
255	2019
255	2305
255	2349
255	2491
255	2682
255	3649
255	4052
255	4307
255	4728
255	4831
255	5324
255	5527
255	5531
255	5706
255	6013
255	6750
255	7210
255	7610
255	7868
255	7995
255	8104
255	8522
255	8869
255	9435
255	9621
255	9650
256	283
256	428
256	992
256	1103
256	1307
256	1573
256	1690
256	1810
256	1865
256	2393
256	4674
256	5666
256	5793
256	6366
256	7057
256	7150
256	9974
257	278
257	582
257	678
257	884
257	1890
257	2876
257	3127
257	3145
257	9955
258	333
258	394
258	483
258	645
258	755
258	1002
258	1368
258	1461
258	1906
258	2354
258	2452
258	2625
258	3322
258	3908
258	4292
258	4443
258	4808
258	4919
258	6097
258	6541
258	7591
258	7675
258	9280
258	9300
259	295
259	508
259	918
259	1997
259	2254
259	2800
259	3138
259	4474
259	4476
259	5166
259	6011
259	6092
259	8046
259	9119
259	9484
259	9667
260	375
260	1218
260	1960
260	2743
260	3421
260	4096
260	7757
260	9111
260	9505
261	270
261	5506
261	6130
262	529
262	615
262	878
262	1476
262	2751
262	2938
262	3884
262	4384
262	7653
262	7747
262	9374
262	9403
262	9724
263	306
263	628
263	692
263	1350
263	1937
263	2058
263	2266
263	2722
263	3087
263	3188
263	3507
263	3942
263	3999
263	4467
263	5110
263	5615
263	5895
263	5954
263	6288
263	6956
263	7178
263	8265
264	368
264	1143
264	1426
264	1997
264	3785
264	4089
264	4754
264	8510
265	406
265	804
265	934
265	1792
265	1911
265	2044
265	2151
265	3004
265	8938
265	9570
266	379
266	588
266	644
266	839
266	929
266	1486
266	1992
266	3831
266	4353
266	4802
266	5667
266	5699
266	5892
266	6309
266	8109
266	8672
266	9864
267	308
267	1430
267	2977
267	3596
267	5667
267	5767
267	6005
267	7040
267	7085
267	7443
267	8425
267	9606
267	9777
267	9924
268	772
268	976
268	979
268	1572
268	2394
268	2407
268	2540
268	2643
268	3064
268	3219
268	3243
268	3511
268	5042
268	5877
268	6627
269	675
269	1020
269	1297
269	1509
269	1726
269	1730
269	1802
269	1952
269	2364
269	2426
269	2555
269	2949
269	3042
269	3072
269	3143
269	3663
269	3798
269	4336
269	4506
269	4642
269	5117
269	5282
269	5622
269	6058
269	7177
269	9462
269	9638
270	594
270	935
270	2709
270	3315
270	3852
270	3887
270	4556
270	7020
271	325
271	367
271	2828
271	4903
271	6671
271	7917
271	8313
271	8761
272	307
272	523
272	882
272	1357
272	2048
272	2132
272	3216
272	5974
272	6308
272	6947
273	332
273	494
273	643
273	927
273	982
273	1351
273	1377
273	3473
273	4023
273	4709
273	4951
273	5754
273	6682
273	7196
273	7366
273	7843
273	7926
273	7962
273	8953
273	9752
274	445
274	779
274	1227
274	2163
274	2752
274	2846
274	3010
274	4183
274	5354
274	5679
274	5984
274	6281
275	1034
275	1567
275	1900
275	2663
275	3602
275	4442
275	8786
276	506
276	1292
276	1457
276	1822
276	2533
276	7065
277	8957
278	355
278	815
278	1396
278	1457
278	1552
278	8361
279	304
279	538
279	623
279	833
279	1326
279	1375
279	1414
279	1423
279	1565
279	1677
279	1902
279	1972
279	1977
279	2125
279	2163
279	2590
279	2946
279	3403
279	4154
279	4563
279	4670
279	4683
279	4745
279	6052
279	7175
279	7179
279	7906
279	7919
279	9802
279	9881
280	913
280	2319
280	2362
280	2874
280	2935
280	3281
280	3325
280	4388
280	5050
280	5496
280	5555
280	5616
280	6821
280	6963
280	9329
281	349
281	363
281	433
281	440
281	537
281	628
281	751
281	1020
281	1094
281	1321
281	1397
281	1464
281	1479
281	1481
281	1579
281	1837
281	2186
281	2371
281	2440
281	2507
281	2584
281	2926
281	3185
281	3590
281	3656
281	4079
281	4170
281	4364
281	4446
281	4646
281	4660
281	4710
281	5029
281	5190
281	5192
281	5270
281	5368
281	5536
281	5582
281	5628
281	5864
281	5992
281	6030
281	6390
281	6442
281	6603
281	6662
281	6941
281	7464
281	7669
281	7986
281	8249
281	8554
281	8686
281	8934
281	8954
281	9133
281	9407
281	9614
282	384
282	1645
282	2373
282	6901
282	7296
282	7883
282	8931
283	300
283	1084
283	1217
283	1731
283	2006
283	3329
283	4747
283	5534
283	7267
284	1755
284	2363
284	2753
284	2760
284	4202
284	5510
284	5531
284	5684
284	9087
284	9937
285	517
285	978
285	1138
285	1625
285	1718
285	2561
285	3130
285	3607
285	3727
285	4224
285	4667
285	4681
285	5613
285	8288
286	366
286	417
286	481
286	1684
286	1940
286	2176
286	2556
286	2811
286	2875
286	3415
286	3609
286	5526
286	6596
286	7388
286	8166
286	8775
286	9543
286	9594
286	9950
286	9981
287	2996
287	3027
287	3559
287	3885
287	4619
288	629
288	1418
288	1887
288	2235
288	2388
288	3247
288	4273
288	4394
288	5741
288	6476
288	9565
289	509
289	661
289	1133
289	2343
289	3542
289	3712
289	3920
289	4318
289	6650
289	7560
290	746
290	1978
290	5693
291	490
291	658
291	973
291	1072
291	1135
291	1402
291	1769
291	2171
291	2310
291	2835
291	2900
291	2928
291	3069
291	3236
291	3524
291	3793
291	3990
291	4863
291	5225
291	5542
291	6138
291	6148
291	7397
291	9286
291	9323
291	9351
292	404
292	1697
292	4487
293	1203
293	1638
293	1851
293	2231
293	2706
293	3044
293	3395
293	3414
293	3690
293	4250
293	4439
293	4571
293	5750
294	2199
294	2616
294	3525
294	6004
294	8863
295	498
295	718
295	943
295	2852
295	3237
295	4243
295	6049
295	7934
295	8878
295	9612
296	310
296	344
296	476
296	478
296	528
296	572
296	627
296	765
296	806
296	1093
296	1337
296	1346
296	1657
296	1900
296	2119
296	3284
296	4139
296	4847
296	5170
296	5172
296	6587
296	7417
296	8464
297	486
297	580
297	1232
297	2160
297	2817
297	3693
297	3816
297	4346
297	4491
297	4648
297	6617
297	7577
297	8046
297	8418
298	3702
298	6374
298	8281
298	9247
299	894
299	1206
299	2429
299	3925
299	4480
299	5195
299	8815
299	9108
299	9518
299	9717
299	9999
300	347
300	533
300	871
300	1302
300	1793
300	2118
300	5226
300	6064
300	6101
300	6323
300	6435
300	6753
300	7138
300	8964
301	580
301	617
301	639
301	733
301	928
301	947
301	1329
301	1470
301	2094
301	2225
301	2634
301	2982
301	3050
301	3287
301	4054
301	4481
301	5971
301	6071
301	6335
301	7395
301	9020
301	9744
302	580
302	634
302	1965
302	2451
302	3126
302	7250
302	9029
303	382
303	415
303	626
303	747
303	1764
303	2434
303	2544
303	2708
303	2755
303	2801
303	5919
303	7312
303	7644
303	7852
303	9123
304	346
304	358
304	403
304	517
304	562
304	731
304	853
304	899
304	1059
304	1197
304	1289
304	1386
304	1563
304	2043
304	2125
304	2589
304	2706
304	2712
304	3021
304	3059
304	3328
304	3334
304	3817
304	3948
304	5156
304	6692
304	6835
304	7094
304	7548
304	7715
304	9210
304	9256
304	9511
305	391
305	442
305	469
305	924
305	1394
305	1431
305	2406
305	2471
305	2551
305	2568
305	2889
305	3641
305	5928
305	6514
305	6894
305	7889
305	8963
306	340
306	442
306	467
306	597
306	2144
306	2433
306	2729
306	3969
306	4500
306	4740
306	4756
306	9641
307	373
307	816
307	1286
307	2512
307	3337
307	4532
307	6614
307	8509
307	9892
308	4049
308	5460
308	7855
309	637
309	751
309	1118
309	1280
309	2140
309	2203
309	2916
309	3674
309	3698
309	4200
309	4599
309	4887
309	6355
309	7085
310	576
310	641
310	738
310	815
310	908
310	1425
310	1728
310	2689
310	2787
310	2826
310	3710
310	3780
310	6244
310	6678
310	7396
310	8157
310	8664
310	8744
310	9029
310	9532
310	9616
311	464
311	566
311	910
311	1188
311	1544
311	1577
311	2069
311	2388
311	2879
311	4145
311	4662
311	5874
311	6600
311	7330
311	8077
311	8964
311	9449
312	437
312	475
312	480
312	509
312	930
312	1447
312	1473
312	1568
312	1675
312	2098
312	3802
312	4064
312	4750
312	5668
312	5807
312	7592
313	375
313	791
313	1574
313	2318
313	2825
313	4632
313	9048
314	367
314	383
314	405
314	500
314	542
314	698
314	779
314	1085
314	1271
314	1403
314	1803
314	2248
314	2646
314	2687
314	2884
314	3166
314	3339
314	4110
314	4290
314	4474
314	4678
314	4972
314	5152
314	5169
314	6128
314	6274
314	6409
314	6763
314	7051
314	7315
314	8473
314	8607
314	9754
315	466
315	520
315	1193
315	1713
315	2372
315	2714
315	2971
315	3099
315	3636
315	3938
315	4090
315	4546
315	5001
315	5064
315	5838
315	5976
315	6275
315	6695
315	7204
315	7741
315	8219
315	8249
315	9206
316	400
316	534
316	682
316	697
316	885
316	972
316	1220
316	1437
316	2000
316	2013
316	2065
316	2223
316	2556
316	2606
316	3207
316	3461
316	3804
316	4186
316	4392
316	4793
316	4962
316	5539
316	7677
316	7919
316	9191
316	9905
317	400
317	2193
317	3010
317	5979
317	6024
317	6458
317	7630
317	8791
317	9953
318	570
318	639
318	868
318	946
318	997
318	1236
318	2236
318	3170
318	4332
318	6188
318	7381
318	8079
319	432
319	556
319	966
319	977
319	986
319	1078
319	1210
319	2529
319	2649
319	2702
319	3614
319	3833
319	4329
319	4850
319	6567
319	6976
319	7072
319	7404
319	7827
319	8565
319	8883
319	9022
319	9140
319	9687
319	9920
320	401
320	819
320	1293
320	1444
320	2488
320	2513
320	2615
320	3689
320	4555
320	6030
320	6423
320	6911
321	327
321	1325
321	1340
321	1600
321	5378
321	7378
321	7807
321	8045
322	422
322	893
322	896
322	1184
322	1853
322	2832
322	2845
322	4248
322	4479
322	4702
322	5214
322	7057
323	348
323	385
323	475
323	676
323	985
323	1732
323	1795
323	2077
323	2683
323	2786
323	3027
323	3460
323	3516
323	3558
323	3591
323	5510
323	5676
323	5941
323	5964
323	6045
323	6267
323	6642
323	6658
323	7917
323	8257
323	8403
323	8901
323	8946
324	337
324	429
324	440
324	559
324	616
324	845
324	892
324	1515
324	1808
324	2797
324	2991
324	3149
324	3202
324	3250
324	3252
324	3788
324	4093
324	4957
324	5625
324	5901
324	6035
324	6644
324	6819
324	6889
324	7034
324	7050
324	9631
324	9755
325	378
325	651
325	848
325	1117
325	2258
325	2307
325	2629
325	2690
325	3111
325	3580
325	4491
325	4581
325	5837
325	5846
325	7892
325	9790
326	484
326	1133
326	1441
326	1933
326	1945
326	2328
326	2860
326	2916
326	4773
326	6671
326	8941
326	9611
327	574
327	663
327	5145
327	9582
328	1098
328	1247
328	1656
328	1930
328	2183
328	2395
328	3717
328	4597
328	6007
328	7146
328	7310
328	7494
328	7987
328	9630
328	9900
328	9984
329	468
329	818
329	924
329	987
329	1221
329	1256
329	1478
329	1482
329	2008
329	2060
329	2096
329	2154
329	2396
329	2549
329	2612
329	2628
329	3235
329	3368
329	3432
329	3594
329	4115
329	5213
329	5390
329	5476
329	6053
329	6087
329	6328
329	6404
329	6430
329	6937
329	7132
329	7437
329	7586
329	8136
329	8302
329	9177
329	9406
330	2564
330	4039
330	7383
330	7892
330	8772
330	9381
331	421
331	765
331	889
331	1551
331	1886
331	2007
331	2099
331	2814
331	2929
331	2937
331	3220
331	3274
331	5493
331	5988
331	6346
331	7484
331	7486
331	7628
331	7774
331	8253
331	8460
331	9201
331	9238
331	9314
331	9506
332	406
332	1064
332	1393
332	1615
332	2652
332	2657
332	2729
332	2948
332	3113
332	3409
332	3453
332	4866
332	5981
332	7143
332	8419
332	8565
332	9188
332	9603
332	9654
333	360
333	374
333	793
333	1031
333	1198
333	1324
333	2605
333	4002
333	7121
333	7672
333	8532
334	516
334	605
334	912
334	1251
334	1470
334	1970
334	2198
334	2700
334	2877
334	3122
334	3132
334	3424
334	3726
334	3852
334	4895
334	5624
334	6047
334	6668
334	6823
334	7612
334	8385
334	8614
335	2563
335	7186
335	9992
336	1248
336	1274
336	2002
336	5001
336	7239
336	7259
336	7776
336	8316
336	8802
337	469
337	1299
337	2644
337	6940
337	7007
337	7539
337	7881
338	348
338	936
338	1945
338	2176
338	3169
338	4913
338	5089
338	6641
338	6698
338	7203
338	7480
338	8164
338	9971
339	805
339	1018
339	1705
339	3174
339	3350
339	4275
339	5072
339	6488
339	8863
339	9922
340	857
340	885
340	1129
340	1150
340	1165
340	1862
340	3677
340	3742
340	5404
340	6168
340	6660
340	9422
341	759
341	844
341	1049
341	1212
341	1281
341	1340
341	3335
341	5703
341	7014
341	8268
341	9053
341	9320
342	399
342	528
342	723
342	2189
342	2535
342	3035
342	3200
342	3371
342	4568
342	6093
342	6249
342	7126
342	7458
342	9110
342	9644
342	9793
343	715
343	1148
343	1227
343	2942
343	4130
343	5352
343	6038
343	8770
344	531
344	1179
344	1226
344	6271
344	6273
345	381
345	420
345	643
345	1182
345	1211
345	2182
345	2462
345	3996
345	4240
345	4529
345	4640
345	5594
345	5883
345	5901
345	6391
345	6933
345	7318
345	8430
345	8551
345	8779
346	464
346	1018
346	1167
346	2018
346	2775
346	6594
346	7474
346	9080
346	9425
347	960
347	1041
347	1409
347	1449
347	1801
347	2702
347	3323
347	3426
347	3520
347	3667
347	4005
347	4756
347	5256
347	6224
347	7329
347	7412
347	7729
347	8007
347	8191
347	8555
347	9574
348	691
348	2509
348	4934
348	6056
348	7168
348	8779
348	9470
349	369
349	371
349	419
349	581
349	608
349	674
349	1001
349	1014
349	1236
349	1272
349	1358
349	1560
349	1709
349	1799
349	2123
349	2225
349	2302
349	2672
349	3124
349	3149
349	3349
349	3476
349	3522
349	3523
349	3600
349	3640
349	3729
349	3732
349	4088
349	4321
349	4390
349	4504
349	4902
349	4965
349	5025
349	5215
349	5526
349	5842
349	5908
349	6442
349	7035
349	7907
349	7955
349	7984
349	8274
349	8493
349	8898
349	9281
349	9687
350	1401
350	2408
350	3141
350	3451
350	4704
350	5462
350	7921
350	7945
351	7122
351	7719
352	518
352	556
352	1078
352	1885
352	3057
352	3342
352	4704
352	5847
352	6374
352	7002
352	8517
352	8547
353	1625
353	3624
353	4268
354	666
354	2954
354	4310
354	4553
354	6667
354	7095
355	3557
355	4436
355	5464
355	6101
355	7084
356	357
356	1257
356	2301
356	3398
356	5369
356	5441
356	7110
356	7164
356	9035
356	9229
357	2565
357	5090
357	6467
358	466
358	584
358	590
358	1796
358	4060
358	4265
358	4900
358	6016
358	6396
358	8907
358	8938
358	9294
359	581
359	873
359	1582
359	3307
359	4060
359	8148
360	543
360	581
360	1080
360	1232
360	2630
360	2925
361	1130
361	7482
361	7599
361	8487
362	521
362	554
362	2027
362	2184
362	2392
362	3136
362	4176
362	4374
362	4583
362	5037
362	6630
362	7441
362	8432
362	9222
363	804
363	817
363	1101
363	1286
363	1537
363	1645
363	2117
363	3527
363	4503
363	4619
363	5522
363	5662
363	7831
363	8060
364	1333
364	1578
364	2510
364	2861
364	3551
364	4283
364	4814
364	5157
364	5718
364	6632
364	7445
364	9746
365	396
365	791
365	1086
365	2464
365	3207
365	6013
365	7444
365	8510
365	9704
366	530
366	774
366	2064
366	3333
366	3511
366	7260
366	7988
366	8366
366	9413
366	9762
367	622
367	846
367	960
367	3485
367	5003
367	5422
367	5813
367	8875
367	9307
367	9916
368	665
368	996
368	1123
368	1742
368	1803
368	1977
368	2197
368	2756
368	3316
368	3487
368	4240
368	4600
368	4746
368	5108
368	5162
368	5666
368	5682
368	6822
368	6897
368	7691
368	7936
368	8139
368	8821
368	9989
369	436
369	916
369	1153
369	1166
369	1259
369	1467
369	1728
369	1811
369	2103
369	2223
369	2462
369	3285
369	3364
369	3692
369	3801
369	4495
369	4579
369	4620
369	4810
369	4916
369	4991
369	5456
369	5494
369	5508
369	6640
369	6692
369	9296
369	9533
369	9661
370	373
370	974
370	1620
370	1775
370	2023
370	2425
370	3529
370	4000
370	4643
370	5254
370	5326
370	5944
370	6790
370	8656
370	8740
370	8916
370	9084
370	9231
371	438
371	455
371	594
371	905
371	1578
371	1667
371	1917
371	1950
371	2085
371	2733
371	3222
371	3346
371	3536
371	4757
371	5415
371	5420
371	8054
371	8059
371	8797
371	8991
371	9403
371	9761
372	3909
372	6388
373	375
373	816
373	988
373	1428
373	1670
373	1702
373	2325
373	2466
373	2717
373	3954
373	3991
373	4386
373	4941
373	6036
373	6438
373	7565
373	7992
373	8224
373	9609
373	9785
373	9801
374	444
374	7641
374	7943
375	685
375	835
375	970
375	1397
375	1968
375	2135
375	2601
375	2621
375	2722
375	2900
375	3113
375	3497
375	3654
375	4536
375	5013
375	5605
375	5651
375	5985
375	6602
375	6869
375	7345
375	7630
375	8329
375	8431
375	8533
375	8834
375	9026
375	9030
375	9309
375	9743
375	9830
375	9833
375	9885
376	3362
376	5585
376	5603
377	656
377	686
377	705
377	741
377	982
377	1373
377	1553
377	1644
377	1855
377	2177
377	2467
377	2477
377	2496
377	3105
377	3458
377	4268
377	4350
377	4876
377	5423
377	6794
377	8153
377	8801
377	9162
377	9271
377	9452
377	9636
377	9807
377	9952
378	900
378	2210
378	3465
379	1016
380	1571
380	2092
380	4365
380	6182
380	7669
380	9296
380	9442
381	633
381	1036
381	1125
381	1147
381	1239
381	1400
381	1896
381	1969
381	2773
381	4755
381	7197
381	8013
381	9297
382	487
382	496
382	536
382	1157
382	1654
382	1793
382	2207
382	2260
382	2283
382	2458
382	2565
382	3196
382	3458
382	3934
382	4854
382	5873
382	5982
382	6714
382	7292
382	7520
382	7950
383	588
383	714
383	805
383	1011
383	1067
383	2448
383	5055
383	5814
383	6360
383	7509
383	7806
383	8729
384	596
384	775
384	1015
384	1632
384	3279
384	3533
384	4572
384	6831
384	8672
384	8971
384	9534
384	9893
385	498
385	975
385	1032
385	1873
385	3068
385	4122
385	5047
386	1140
386	1613
386	1741
386	3069
386	6598
386	7806
386	8708
386	8764
386	8852
387	557
388	2150
388	2658
388	2777
388	5851
388	8768
389	505
389	694
389	1394
389	1711
389	2208
389	2376
389	2636
389	3274
389	3430
389	4627
389	5010
389	5511
389	6710
389	7051
389	7056
389	7308
389	8079
389	8149
389	8275
389	8369
389	8891
389	8953
390	739
390	879
390	942
390	1376
390	1468
390	2367
390	2483
390	2633
390	3036
390	5799
390	6974
390	7616
390	9145
391	832
391	1710
391	5685
392	669
392	719
392	825
392	904
392	951
392	1784
392	1885
392	1888
392	2022
392	2125
392	2577
392	2603
392	2927
392	3424
392	3524
392	3534
392	3787
392	4145
392	4222
392	4725
392	5486
392	5796
392	5946
392	6352
392	7732
392	8416
392	8986
392	9332
392	9627
392	9661
393	692
393	2673
393	4826
393	7449
394	497
394	710
394	736
394	875
394	1048
394	1087
394	1939
394	4071
394	5533
394	6115
394	6219
394	7298
394	9011
395	666
395	809
395	813
395	1461
395	2584
395	2781
395	3580
395	3709
395	3950
395	4485
395	4819
395	5867
395	6620
395	7118
395	7763
396	8223
397	493
397	807
397	895
397	1109
397	1128
397	1401
397	1429
397	2110
397	2256
397	4100
397	5012
397	5555
397	5677
397	6306
397	6315
397	7788
397	8613
397	9298
398	415
398	557
398	748
398	846
398	962
398	1923
398	2714
398	3265
398	3412
398	6619
398	7237
399	812
399	1639
399	1680
399	1827
399	2275
399	2301
399	3365
399	3445
399	4276
399	4351
399	4391
399	4707
399	4744
399	5220
399	5346
399	5636
399	5802
399	6248
399	6462
399	6580
399	8024
399	8348
399	8641
400	592
400	1029
400	1038
400	2035
400	3855
400	5163
400	6284
400	7475
400	9408
401	1117
401	1990
401	2600
401	3026
401	4114
401	4778
401	6202
401	8982
401	9142
401	9544
402	473
402	734
402	873
402	1142
402	1316
402	1642
402	2460
402	2641
402	2824
402	3439
402	3492
402	5184
402	5966
402	6136
402	6471
402	6484
402	6572
402	7161
402	7965
402	8017
402	8895
403	438
403	688
403	896
403	1070
403	1284
403	1592
403	2437
403	2711
403	2924
403	2985
403	3047
403	3671
403	5663
403	9151
403	9870
404	458
404	4233
404	6380
405	838
405	852
405	1446
405	3373
405	3856
405	4028
405	4787
405	7550
405	9486
405	9881
406	564
406	701
406	1219
406	1424
406	1451
406	1546
406	2536
406	3038
406	3289
406	4503
406	4766
406	4923
406	5813
406	6472
406	6791
406	8474
407	521
407	811
407	1456
407	1566
407	2039
407	2230
407	2274
407	2368
407	4120
407	4839
407	5200
407	5342
407	5406
407	5414
407	6113
407	7751
407	8817
407	9582
407	9732
407	9840
408	569
408	1369
408	1590
408	1740
408	2309
408	2435
408	2883
408	3838
408	5588
408	6054
408	9805
408	9940
409	454
409	2633
409	3322
409	4252
409	6427
410	448
410	474
410	613
410	806
410	1628
410	1653
410	2114
410	2335
410	2371
410	2447
410	2796
410	2856
410	2895
410	3768
410	3770
410	4368
410	5993
410	6373
410	6810
410	7217
410	7883
410	8450
410	9278
411	785
411	980
411	1196
411	1456
411	1558
411	1922
411	2069
411	2099
411	3276
411	3628
411	3901
411	4287
411	5245
411	5689
411	5941
411	6559
411	6562
411	6620
411	8538
412	491
412	723
412	964
412	1071
412	1142
412	2255
412	3916
412	4090
412	4320
412	4685
412	5519
413	908
413	1463
413	1694
413	2497
413	2560
413	3224
413	6357
413	6676
413	7650
414	1217
414	1519
414	2853
414	6974
415	630
415	1173
415	1440
415	1821
415	2484
415	2514
415	3197
415	3367
415	3392
415	4043
415	4109
415	5500
415	6910
415	7461
415	7795
416	920
416	2595
416	2815
416	3643
416	4779
416	5239
416	6489
416	7225
417	1294
417	1998
417	2198
417	3542
417	5992
417	6126
417	9764
418	500
418	657
418	814
418	1021
418	1027
418	1145
418	1809
418	1971
418	3247
418	4367
418	6209
418	6307
418	6325
418	6397
418	7276
418	9086
418	9234
418	9265
418	9549
419	620
419	624
419	1098
419	1154
419	1332
419	2180
419	2465
419	2538
419	3341
419	3658
419	3986
419	4234
419	4888
419	5008
419	5288
419	6849
419	8027
419	8316
419	9051
420	2903
420	3087
420	3487
420	4923
420	5265
421	499
421	850
421	2353
421	2943
421	3802
421	6940
421	8335
422	465
422	569
422	650
422	668
422	672
422	1307
422	1661
422	1686
422	1773
422	2415
422	2837
422	3014
422	3056
422	3137
422	4480
422	4645
422	5816
422	5908
422	6401
422	6592
422	7251
422	7268
422	7470
422	8289
422	9424
422	9716
423	870
423	1000
423	1332
423	1762
423	2041
423	2132
423	2205
423	2351
423	2521
423	2604
423	4032
423	4199
423	5010
423	5905
423	9031
424	513
424	539
424	612
424	855
424	1032
424	1653
424	1733
424	1756
424	2366
424	2847
424	4051
424	4695
424	4933
424	5205
424	5424
424	7235
424	7955
424	8213
424	8474
424	9117
425	430
425	1660
425	1811
425	4230
425	4722
425	5038
425	6416
425	7551
425	9366
426	3503
426	5745
426	6965
426	9450
427	851
427	2857
427	4057
427	4148
427	5028
427	6037
427	7438
428	1066
428	1874
428	2139
428	2340
428	2690
428	3283
428	3834
428	5575
428	5842
428	8680
429	752
429	760
429	1004
429	1701
429	2291
429	3422
429	3563
429	3910
429	4254
429	4581
429	4845
429	6525
429	6920
429	7113
429	8432
429	8847
429	9677
429	9946
430	1091
430	1097
430	1195
430	1575
430	2413
430	4363
430	5177
430	6597
430	8444
430	9184
431	555
431	681
431	1028
431	1329
431	1422
431	1591
431	2170
431	2186
431	2309
431	2711
431	3367
431	4086
431	5950
431	6351
431	6438
431	6441
431	6807
431	6848
431	7214
431	7821
431	7956
431	8693
431	9808
431	9854
432	1107
432	1768
432	1841
432	3633
432	4885
432	9001
432	9026
432	9245
432	9400
432	9430
433	586
433	690
433	1935
433	2013
433	2665
433	2913
433	5548
433	6408
433	6905
433	7022
434	2074
434	2190
434	2288
434	2700
434	4834
434	6366
434	8726
434	9164
435	732
435	808
435	1416
435	1526
435	5275
435	6257
435	6951
435	9267
435	9491
435	9573
436	559
436	677
436	1815
436	3543
436	3688
436	5459
436	9047
436	9426
437	784
437	1747
437	2366
437	3002
437	4024
437	4726
437	5334
437	6121
438	753
438	755
438	1029
438	1381
438	1815
438	2114
438	2489
438	3155
438	3622
438	4306
438	4323
438	4340
438	4622
438	4842
438	5870
438	7951
438	8315
438	9385
438	9867
439	448
439	1282
439	1323
439	2029
439	2252
439	3108
439	3482
439	3569
439	4692
439	4958
439	4969
439	5236
439	5691
439	5824
439	6109
439	6684
439	6977
439	8701
439	8751
440	632
440	897
440	1026
440	1559
440	2030
440	2213
440	2431
440	2767
440	3071
440	3374
440	4372
440	4389
440	5289
440	6803
440	8471
440	9255
441	499
441	559
441	700
441	706
441	754
441	825
441	1035
441	1346
441	1552
441	1713
441	1825
441	1962
441	2631
441	3337
441	3380
441	3531
441	3602
441	3642
441	3866
441	5130
441	5179
441	5221
441	6312
441	6817
441	7074
441	7693
441	7922
441	8053
441	8739
441	9665
441	9775
441	9948
442	1149
442	1711
442	1775
442	2180
442	2324
442	2855
442	3753
442	3790
442	5354
442	6526
442	6958
443	550
443	738
443	842
443	1045
443	1166
443	1243
443	1569
443	2279
443	2478
443	3106
443	3447
443	3798
443	3836
443	4448
443	4628
443	4807
443	5149
443	5412
443	5550
443	5610
443	6317
443	6340
443	6425
443	6763
443	7127
443	7287
443	9041
444	586
444	843
444	902
444	1041
444	1142
444	1244
444	1298
444	1822
444	2183
444	2624
444	3325
444	4592
444	5762
444	5881
444	6364
444	6771
444	7096
444	7566
444	7598
444	8285
444	8662
444	9391
445	1007
445	2256
445	3060
445	6303
445	6419
445	6932
445	7433
446	648
446	800
446	933
446	1392
446	1678
446	2417
446	2796
446	5054
446	5109
446	7789
446	8633
446	8883
446	9788
447	573
447	1031
447	1486
447	2152
447	3397
447	4675
447	4970
447	5725
447	6487
447	8174
447	8516
447	8765
447	8792
447	9301
448	988
448	1968
448	7555
449	477
449	1159
449	1290
449	1449
449	1484
449	1893
449	3091
449	3320
449	4483
449	5865
449	8181
449	9768
450	593
450	701
450	784
450	841
450	863
450	987
450	1018
450	1240
450	1338
450	1458
450	2004
450	2077
450	2246
450	2346
450	2714
450	2756
450	3199
450	3905
450	4181
450	4448
450	5127
450	5647
450	6785
450	7111
450	7232
450	7500
450	7664
450	7680
450	8469
450	9538
450	9610
451	505
451	681
451	1268
451	1665
451	1933
451	3502
451	4047
451	4816
451	5537
451	7308
451	9444
452	465
452	1023
452	1966
452	2135
452	3241
452	6687
452	9483
453	821
453	913
453	950
453	1422
453	1808
453	2660
453	3497
453	8698
453	8782
454	515
454	611
454	1076
454	1154
454	1592
454	2240
454	5470
454	9852
455	983
455	1054
455	1360
455	1745
455	2727
455	3641
455	3849
455	5214
455	6040
455	7039
455	7791
455	9378
455	9498
456	670
456	938
456	1022
456	2742
456	5313
456	6912
456	9941
457	781
457	920
457	2233
457	2720
457	3094
457	3574
457	3763
457	3935
457	3937
457	4008
457	4091
457	5765
457	6594
457	7147
457	7744
458	1936
458	2072
458	2214
458	4107
458	4250
458	7442
459	1933
459	2298
459	2525
459	2803
459	3965
459	4012
459	4134
459	4950
459	5786
459	7335
460	601
460	612
460	708
460	718
460	1069
460	1258
460	1778
460	1786
460	1924
460	2530
460	3464
460	3645
460	4794
460	5040
460	5167
460	5356
460	5562
460	5751
460	5860
460	6321
460	6792
460	6877
460	7771
460	8398
460	9221
460	9853
461	2659
461	3082
461	3411
461	4986
461	5092
461	5952
461	6079
461	6853
461	7322
461	8073
462	5660
462	6617
462	6628
462	6738
462	7033
462	7090
462	7463
463	499
463	657
463	744
463	938
463	976
463	2343
463	3005
463	3664
463	4140
463	6007
464	618
464	990
464	2503
464	3796
464	3804
464	5365
464	6276
464	7171
464	7223
464	8633
464	8977
465	520
465	696
465	777
465	1839
465	3410
465	3528
465	3835
465	7600
465	8334
465	8831
466	2925
466	4922
466	6647
466	7189
466	8653
466	9831
467	558
467	598
467	1330
467	1419
467	3098
467	5829
467	6205
467	7400
467	8903
467	9643
467	9888
467	9890
468	1571
468	1783
468	1946
468	3488
468	5685
468	6800
468	7101
468	7183
468	9903
469	2254
469	8278
469	8636
470	600
470	1246
470	2378
470	2710
470	2768
471	484
471	704
471	2692
471	3437
471	4119
471	5102
471	5751
471	6162
471	6792
471	8114
471	8391
472	4446
472	4566
472	6868
472	9965
473	540
473	1062
473	3134
473	6865
473	7235
474	753
474	5104
475	615
475	813
475	886
475	1053
475	1302
475	1490
475	2129
475	2238
475	2421
475	2575
475	2785
475	4595
475	4769
475	6096
475	6625
475	6701
475	7821
475	8025
475	8181
475	8470
476	2457
476	2656
476	4269
476	7434
476	8107
477	880
477	1655
477	1758
477	3800
477	5032
477	8374
477	9004
478	1066
478	1068
478	1130
478	1399
478	3652
478	3654
478	3700
478	4327
478	5443
478	9902
479	594
479	1363
479	1781
479	1919
479	2513
479	2676
479	2766
479	2910
479	3794
479	4015
479	4944
479	9838
480	1850
480	2347
480	5803
480	9017
481	1135
481	1140
481	1400
481	1564
481	1833
481	2251
481	2516
481	2776
481	3104
481	3475
481	3536
481	3672
481	4178
481	4198
481	7074
481	7420
481	7599
481	7668
481	7698
481	7789
481	8031
481	9604
481	9970
482	503
482	599
482	676
482	703
482	710
482	928
482	1014
482	1074
482	1209
482	1293
482	1731
482	2321
482	2872
482	2919
482	3743
482	4154
482	4370
482	4608
482	4720
482	6177
482	6532
482	7218
482	8116
482	8205
482	8597
482	9740
483	940
483	1093
483	1205
483	1384
483	2143
483	3311
483	3874
483	4315
483	4377
483	6056
483	6321
483	6625
483	7089
483	7133
483	7284
483	8762
483	9943
484	652
484	766
484	823
484	2101
484	2860
484	4075
484	4170
484	4433
484	5890
484	6043
484	6060
484	6621
484	7079
484	7176
484	7698
484	8315
484	9392
484	9720
485	1523
485	4125
485	4471
485	7288
486	595
486	803
486	960
486	970
486	1624
486	2215
486	2222
486	2579
486	2756
486	3198
486	4136
486	4141
486	4155
486	4537
486	4926
486	5120
486	5341
486	5562
486	7067
486	7081
486	7234
486	7432
486	8070
486	8553
486	8990
486	9112
486	9622
486	9807
487	1050
487	1235
487	1357
487	1392
487	1415
487	1482
487	1535
487	2126
487	2382
487	3321
487	4314
487	4790
487	5634
487	6208
487	6516
487	6705
487	7136
487	7246
487	8866
488	634
488	991
488	1340
488	1634
488	2580
488	3008
488	3776
488	4111
488	6383
488	6668
488	7089
488	7355
488	7761
488	8033
488	9205
488	9322
489	2279
489	3672
490	577
490	647
490	1275
490	2046
490	3229
490	3409
490	4313
490	4418
490	4494
490	4583
490	5913
490	6692
490	6791
490	9412
491	2066
491	2384
491	2936
491	5780
491	8524
491	8878
491	9402
492	2667
492	3035
492	3279
492	4179
492	5475
493	667
493	848
493	926
493	1047
493	1103
493	1194
493	1461
493	2238
493	2471
493	2765
493	3163
493	3207
493	5123
493	5293
493	6047
493	6775
493	8215
493	8934
494	1266
494	1778
494	2677
494	7999
494	9474
495	511
495	727
495	1425
495	2002
495	2072
495	2971
495	2987
495	3077
495	3383
495	3973
495	4899
495	5369
495	5589
495	6347
495	6436
495	6774
495	6876
495	6881
495	7953
495	8223
495	8252
496	724
496	859
496	1224
496	1459
496	1566
496	1682
496	2440
496	2518
496	2929
496	3665
496	4002
496	5172
496	6590
496	7780
496	8313
496	8521
497	773
497	1509
497	1580
497	2365
497	3416
497	4817
497	5103
497	6521
497	7494
498	1992
498	2140
498	2744
498	2865
498	5135
498	5169
498	5572
498	5917
498	6157
498	6280
498	6794
498	6817
498	7570
498	7617
498	8846
499	550
499	1275
499	1785
499	2801
499	3637
499	3875
499	4932
499	5359
499	6368
499	7075
499	7214
499	8317
499	8460
499	8966
500	3476
500	7953
500	9042
501	1228
501	5025
501	8044
502	771
502	1511
503	1124
503	2400
504	683
504	697
504	852
504	1196
504	1466
504	7740
504	8449
504	8731
505	788
505	1295
505	2193
505	4225
505	4550
505	4949
505	7536
505	8462
505	8942
505	9827
506	728
506	1158
506	1292
506	1739
506	1952
506	2968
506	3199
506	3226
506	4132
506	5238
506	6697
506	6769
507	1435
507	2273
507	2568
507	2930
507	4140
507	4246
507	5122
507	7785
507	9839
508	754
508	3544
508	3704
508	4352
508	5437
508	8129
508	9024
509	533
509	912
509	914
509	2035
509	2718
509	3181
509	4230
509	5699
509	5907
509	7721
509	8340
509	8366
509	9640
510	712
510	1180
510	1257
510	1912
510	1958
510	1982
510	2358
510	2858
510	3079
510	3220
510	5171
510	5586
510	5661
510	5891
510	6088
510	6371
510	7266
510	8832
511	1314
511	6515
512	528
512	777
512	948
512	1099
512	1781
512	2027
512	4135
512	4495
512	6810
512	6995
512	8186
512	8291
512	9563
513	1059
513	1655
513	3031
513	4116
513	6195
513	9012
513	9441
514	2339
514	3951
514	5681
514	9115
514	9196
515	878
515	991
515	1980
515	4401
515	4999
515	6890
515	7370
515	8159
516	620
516	721
516	906
516	1305
516	2458
516	4094
516	5057
516	6005
516	7657
516	7674
516	7793
516	8216
516	9450
516	9902
517	916
517	967
517	1043
517	1541
517	1966
517	4269
517	4384
517	6752
517	7424
517	7529
517	8216
517	9526
518	5767
519	683
519	1374
519	6062
519	8986
520	885
520	966
521	553
521	557
521	936
521	993
521	997
521	1023
521	1156
521	1391
521	1424
521	1506
521	1596
521	1604
521	1623
521	1823
521	2036
521	2081
521	2685
521	2771
521	2921
521	3046
521	3763
521	3812
521	4210
521	4562
521	4789
521	4900
521	5785
521	5927
521	5963
521	6505
521	6613
521	6773
521	6813
521	7057
521	7625
521	7940
521	8411
521	8845
521	9208
521	9370
521	9415
522	925
522	1012
522	2628
522	4507
522	7188
522	8467
523	636
523	4950
523	5228
523	6844
523	8176
524	526
524	2047
524	2615
524	3482
524	3782
524	3839
524	3974
524	4451
524	4556
524	4928
524	5191
524	5732
524	5834
524	6421
524	6818
524	6866
524	7209
524	8080
524	8392
524	8930
524	9269
524	9657
524	9871
525	710
525	1197
525	1275
525	1365
525	1370
525	2588
525	4131
525	5023
525	6464
525	6576
525	6845
525	8735
526	845
526	1102
526	5767
526	6357
526	7346
527	1993
527	3074
527	3710
527	4464
527	4562
527	5529
527	8135
527	8601
527	8619
528	1008
528	1680
528	2367
528	2944
528	4502
528	7674
528	8527
528	9542
529	682
529	1222
529	1533
529	1913
529	2021
529	3887
529	4824
529	6477
529	8067
529	8566
529	9478
530	555
530	623
530	696
530	1344
530	1956
530	2210
530	2758
530	2958
530	2959
530	3516
530	6709
530	6825
530	6926
530	7653
531	584
531	2306
531	2689
531	3629
531	3942
531	4288
531	4679
531	5214
531	5216
531	5987
531	6302
531	7113
531	9939
532	549
532	659
532	2322
532	2933
532	4519
532	5326
532	6038
532	7280
532	7861
532	9064
533	1083
533	1091
533	1712
533	2120
533	2819
533	3378
533	4999
533	5295
533	7616
533	7702
533	7903
533	9582
534	546
534	714
534	998
534	1233
534	1836
534	2214
534	2436
534	2502
534	2784
534	2810
534	2921
534	3099
534	3917
534	4072
534	4091
534	4403
534	4483
534	5279
534	6778
534	7229
534	8021
534	8292
536	2932
536	6651
536	7766
536	9746
537	1219
537	1615
537	3778
537	7907
537	7952
538	1092
538	4453
538	8736
539	674
539	764
539	785
539	847
539	881
539	1322
539	1370
539	1376
539	1582
539	1832
539	3764
539	4020
539	4728
539	5095
539	5348
539	7366
539	7735
539	8640
540	777
540	3036
540	5556
541	585
541	811
541	2655
541	2870
541	3901
541	4325
541	5417
541	6585
541	7980
541	8038
542	5454
543	571
543	870
543	2124
543	2193
543	3753
543	5879
543	6955
543	7671
543	7895
543	9034
544	662
544	923
544	961
544	988
544	1063
544	3019
544	3143
544	4178
544	4538
544	9009
544	9127
545	2004
545	2705
545	2920
545	3125
545	3403
545	7712
545	8211
545	9755
546	563
546	691
546	730
546	797
546	979
546	1028
546	1380
546	1478
546	1493
546	1537
546	1702
546	1791
546	1996
546	2178
546	2357
546	2689
546	2899
546	3179
546	3347
546	4207
546	4273
546	5062
546	5249
546	6339
546	6972
546	7039
546	7574
546	7824
546	8053
546	8146
546	8169
546	8206
546	8571
546	9100
546	9517
547	1373
547	1530
547	1764
547	2123
547	2432
547	3962
547	4182
547	4456
548	1053
548	1640
548	2459
548	4566
548	4789
548	5185
548	5939
548	6133
549	630
549	771
549	1352
549	1520
549	1844
549	4350
549	6252
549	7927
549	8200
550	2367
550	2582
550	5188
550	7439
550	7833
551	1632
551	3501
551	3538
551	3650
551	3730
551	3830
551	4841
551	5638
551	8395
551	8759
552	4232
552	6824
552	7762
552	8839
553	770
553	1558
553	1835
553	2510
553	3627
553	4058
553	4227
553	5724
554	2046
554	2349
554	4074
554	4375
554	4775
554	5430
554	9093
554	9724
555	572
555	1790
555	3382
555	8995
556	576
556	840
556	850
556	1308
556	1819
556	1872
556	2214
556	2261
556	3370
556	5218
556	6005
556	6145
556	7169
556	7786
557	706
557	1650
557	2613
557	7661
557	8272
557	8991
557	9691
558	823
558	2889
558	3985
558	3992
558	4433
558	5842
558	6474
558	7306
558	9933
559	2147
559	3708
559	4477
559	6200
559	6319
559	7108
559	7246
559	9023
560	629
560	640
560	762
560	1345
560	4495
560	5471
560	5849
560	6207
560	8467
561	1039
561	1112
561	1889
561	2215
561	5016
561	6129
562	1300
562	4912
562	8310
562	8599
562	9520
563	731
563	1809
563	3117
563	3345
563	6297
563	6360
563	7982
563	8586
564	953
564	1146
564	2440
564	3976
564	4260
564	9266
565	2673
565	3289
565	3867
565	5688
565	6257
565	6259
565	6463
566	797
566	1313
566	8000
566	8756
566	8786
567	899
567	1009
567	1487
567	1605
567	1752
567	1858
567	1872
567	1924
567	2184
567	2286
567	2313
567	2481
567	2911
567	3389
567	3746
567	3749
567	4227
567	5350
567	5394
567	5534
567	6942
567	7038
567	7187
567	7368
567	7381
567	7562
567	8009
567	9622
567	9639
567	9683
568	599
568	1153
568	4498
568	5397
568	6184
568	6507
568	7254
568	7659
568	8459
568	9633
569	2273
569	3118
569	3518
569	4178
569	6937
569	7426
569	8817
570	615
570	855
570	1064
570	1534
570	1999
570	2158
570	2166
570	2793
570	3302
570	3585
570	3662
570	3994
570	4530
570	4531
570	5049
570	5648
570	5759
570	6045
570	7466
570	7584
570	9012
570	9188
571	746
571	789
571	910
571	1180
571	2333
571	2417
571	2997
571	3147
571	3507
571	3622
571	5040
571	6489
571	6758
572	2054
572	3455
572	6258
572	8266
573	759
573	828
573	1499
573	2146
573	2293
573	2415
573	3419
573	4341
573	6017
573	8784
574	577
574	796
574	1525
574	1568
574	1633
574	2164
574	2272
574	2886
574	3072
574	5327
574	6657
574	7787
574	9986
575	647
575	1280
575	1408
575	1632
575	1707
575	2006
575	2035
575	2925
575	3366
575	3767
575	3944
575	4118
575	4136
575	4405
575	4623
575	5769
575	5987
575	7591
575	7732
575	9826
576	877
576	1709
576	4970
576	6707
577	1016
577	1227
577	1436
577	1585
577	1896
577	2634
577	3195
577	3430
577	3488
577	4543
577	4649
577	5924
577	6733
577	7754
577	7787
577	7852
577	7883
577	8518
577	8767
577	9299
577	9415
577	9427
578	1683
578	2310
578	2526
578	3150
578	3697
578	4551
578	7331
579	1191
579	1543
579	2457
579	5335
580	1042
580	1103
580	1767
580	2236
580	2253
580	3199
580	3416
580	4003
580	5776
580	5811
580	6869
580	7184
580	8083
580	9053
581	1448
581	2147
581	4027
581	5719
581	9190
582	698
582	2313
582	4816
582	5467
582	7052
582	7635
583	1737
583	3099
583	3897
583	3968
583	5420
583	6985
583	8789
583	9208
584	702
584	7597
585	1366
585	1669
586	840
586	9886
587	1136
587	4228
587	4482
587	6041
587	6251
588	1823
588	8427
588	8988
588	9796
589	1165
589	2087
589	2470
589	3668
589	6086
589	7173
589	7389
589	7753
589	9219
589	9910
590	699
590	956
590	1024
590	1054
590	1345
590	1466
590	3088
590	3558
590	4355
590	4558
590	4781
590	6384
590	6577
590	6614
590	7151
590	7205
590	7847
590	8794
590	8894
590	9138
590	9877
591	1616
591	1951
591	2859
591	3327
591	4786
591	4853
591	4869
591	6881
591	7190
591	7727
591	7843
592	992
592	1364
592	1599
592	1768
592	2061
592	2764
592	3345
592	3728
592	4758
592	5971
592	6061
592	6386
592	6669
592	7088
592	7651
592	7772
592	8310
593	735
593	6095
594	4120
594	7386
594	7828
595	7087
596	705
596	1144
596	1319
596	1338
596	1763
596	2096
596	2604
596	3663
596	3842
596	4755
596	5224
596	6029
596	6982
596	6991
596	9588
596	9800
597	2005
597	2247
597	6233
598	631
598	1494
598	2478
598	2707
598	2996
598	4118
598	4977
598	6700
598	7948
598	9577
599	633
599	695
599	986
599	1282
599	1671
599	1868
599	3299
599	3362
599	3607
599	4863
599	5856
599	9123
600	1749
600	6020
600	8515
601	1037
601	1413
601	1761
601	2252
601	2686
601	3042
601	3362
601	3889
601	4330
601	4828
601	4985
601	5361
601	5836
601	6267
601	8026
601	9547
602	6470
602	7248
602	9097
602	9315
602	9447
603	1202
603	1665
603	3172
603	3773
603	3963
603	4372
603	5392
603	6241
603	7643
603	9394
603	9824
604	1861
604	3673
604	4018
604	4354
604	4430
604	6871
605	1126
605	1175
605	1711
605	2052
605	2111
605	2711
605	3213
605	3344
605	4380
605	5493
605	5690
605	7808
605	9737
606	641
606	728
606	814
606	2533
606	3037
606	3394
606	3714
606	5818
606	7101
606	7582
606	7667
606	9192
606	9363
606	9707
607	1726
607	3464
607	6751
607	8936
608	1609
608	1829
608	2086
608	2490
608	3148
608	3303
608	3574
608	4227
608	4594
608	6599
608	7079
608	8034
608	8790
609	1512
609	4371
610	721
610	1189
610	1557
610	1970
610	2213
610	4038
610	9027
610	9712
611	702
611	1059
611	1606
611	1761
611	3823
611	4376
611	6844
612	845
612	858
612	891
612	1399
612	1433
612	1512
612	1726
612	1741
612	2089
612	2426
612	2730
612	5233
612	5253
612	7163
612	7364
612	7888
612	7937
612	8621
612	9158
612	9915
614	1586
614	2769
614	4185
614	4587
614	5173
614	6828
614	8682
615	1003
615	1160
615	1492
615	1542
615	1645
615	2052
615	2962
615	4061
615	4236
615	5134
615	5514
615	5903
615	7633
615	8120
615	8213
615	8619
615	8763
616	757
616	1082
616	1329
616	1843
616	3983
616	4870
616	5206
616	5445
616	8741
617	775
617	1120
617	1487
617	1677
617	1739
617	1894
617	2041
617	2264
617	2492
617	4754
617	6687
617	8695
618	1108
618	1415
618	1651
618	1926
618	2176
618	2334
618	3752
618	4410
618	4622
618	6425
618	7869
618	8311
618	8496
618	8640
618	9217
618	9599
619	2602
619	2915
619	2978
619	3192
619	8065
620	664
620	1070
620	1439
620	1533
620	1848
620	2211
620	3361
620	4959
620	5158
620	7830
620	9161
621	5653
621	8179
623	1158
623	4976
623	6270
623	9063
623	9671
624	640
624	1067
624	1690
624	2708
624	3081
624	4490
624	6348
625	948
625	973
625	2473
625	7520
625	8331
625	9479
625	9499
626	782
626	868
626	1155
626	1291
626	1542
626	1780
626	3472
626	3792
626	3914
626	3985
626	4243
626	4658
626	4872
626	6095
626	6249
626	7563
626	8269
626	8313
627	688
627	1088
627	1433
627	1907
627	3222
627	7078
627	7983
627	9224
628	1161
628	1314
628	1872
628	2395
628	2887
628	7628
628	9074
628	9670
629	837
629	962
629	1413
629	1800
629	3576
629	4248
629	5136
629	9066
630	802
630	1788
630	1861
631	886
631	1051
631	1769
631	5711
631	6748
631	7210
632	5138
633	1077
633	1347
633	1387
633	2063
633	2202
633	2203
633	4367
633	9016
634	2880
634	3656
634	3671
634	3891
634	4783
634	6021
635	1333
635	1750
635	1838
635	1954
635	2397
635	2673
635	3542
635	3551
635	4874
635	5253
635	6729
635	9410
635	9484
636	3048
637	1804
637	3933
637	5103
637	9951
638	1380
638	1985
638	5277
638	6383
638	6839
639	756
639	925
639	1841
639	1920
639	2848
639	3723
639	5570
639	5731
639	6543
639	7054
639	8206
640	2138
640	3600
640	6997
641	2785
641	3125
641	8192
641	8268
641	8299
641	9020
641	9971
642	7354
642	8907
643	1934
643	3012
643	3712
643	3738
643	5033
643	7165
643	9577
644	657
644	1044
644	1597
644	6381
645	767
645	856
645	1019
645	2703
645	5099
645	8749
646	798
646	1901
646	3822
646	7589
647	821
647	875
647	1406
647	2172
647	2421
647	2442
647	2517
647	3151
647	3209
647	4020
647	5686
647	5968
647	5969
647	6259
647	6709
647	6779
647	8085
647	8761
648	1384
648	3603
648	3695
648	4224
648	7300
649	782
649	907
649	1423
649	1670
649	2277
649	2676
649	3055
649	4447
649	5385
649	5634
649	6475
649	7711
649	8748
649	8974
649	9679
650	790
650	1264
650	1893
650	2573
650	2721
650	2853
650	3423
650	3944
650	4021
650	4489
650	5174
650	5513
650	6567
650	7254
650	7692
650	9194
650	9727
651	1426
651	1463
651	1546
651	1646
651	2344
651	2987
651	3212
651	3716
651	3793
651	3850
651	4492
651	6028
651	6472
651	6690
651	7176
651	7245
651	7277
651	7408
651	9303
652	967
652	1405
652	1842
652	1862
652	2266
652	2524
652	3743
652	6114
652	6496
652	8182
652	8574
652	8739
652	9271
652	9715
653	673
653	2908
653	6530
653	7210
653	9352
654	824
654	843
654	2316
654	2827
654	6161
654	8952
655	854
655	4039
655	4386
655	5317
655	5674
655	5945
655	6852
656	730
656	922
656	1396
656	2128
656	3053
656	6829
656	8515
657	919
657	3570
657	3721
657	4324
657	8772
658	792
658	1168
659	3238
659	5045
659	6990
659	8312
660	1594
660	1636
660	3694
660	3871
660	3926
660	6066
660	7488
660	8012
660	9876
661	1382
661	1666
661	2969
661	3071
661	5157
661	7032
661	7155
662	950
662	3003
662	3522
662	4201
662	4773
662	5393
662	5921
662	6457
663	1481
663	1871
663	3256
663	5386
663	7624
663	8402
664	1109
664	2127
664	5452
664	5974
664	6338
664	8659
665	1169
665	2298
665	2639
665	6166
666	2009
666	2141
666	3722
666	4514
666	4724
666	5243
666	7441
666	8796
667	3314
667	5468
667	7096
667	9258
668	1674
668	2200
668	2946
668	3407
668	5745
668	8152
668	8858
668	9321
669	941
669	2984
669	3462
669	3724
669	5934
669	6215
669	6466
669	6784
669	7731
670	807
670	2570
670	2972
670	4216
670	4278
670	4353
670	7715
670	7962
670	9154
670	9501
671	787
671	1106
671	1502
671	1603
671	1843
671	1864
671	2377
671	2814
671	2975
671	5647
671	7761
671	8086
671	8106
671	8434
671	8585
671	9571
672	677
672	939
672	990
672	2488
672	3292
672	3532
672	3959
672	4428
672	4439
672	4672
672	4693
672	7267
672	7501
672	7875
672	7925
672	8949
673	719
673	2226
673	3131
673	3194
673	3204
673	6530
673	8085
674	1309
674	1883
674	2187
674	3155
674	3280
674	3704
674	3740
674	4257
674	4427
674	7156
674	7223
674	7587
674	9072
675	4506
675	5915
676	1296
676	2218
676	7391
676	8685
677	727
677	1996
677	2150
677	8732
677	9093
678	767
678	1077
678	1112
678	1221
678	1943
678	2167
678	3015
678	3194
678	3896
678	4186
678	4447
678	4824
678	4901
678	7358
678	7772
678	8091
678	8162
678	8416
678	9436
679	903
679	1019
679	1381
679	2073
679	3819
679	5187
679	5246
679	6015
679	6081
679	7913
679	8311
680	1254
680	1454
680	1627
680	1794
680	1864
680	3541
680	3737
680	4293
680	5397
680	7472
680	7743
680	7911
680	8349
680	8727
680	9908
681	928
681	1588
681	1717
681	4694
681	4767
681	5709
681	6000
681	7200
681	7968
682	747
682	1995
682	3588
682	4188
682	7511
683	762
683	2271
683	3624
683	3773
683	3809
683	4963
683	5229
683	7966
683	8519
684	937
684	975
684	1039
684	1873
684	2420
684	3332
684	3927
684	3989
684	4082
684	5409
684	7248
684	7717
684	8057
684	8856
684	9390
684	9629
685	780
685	1973
685	1993
685	2244
685	2642
685	2854
685	3402
685	6730
685	7073
685	8537
686	984
686	3731
686	4621
686	5804
686	6805
686	6823
686	7036
686	7841
686	8545
686	8634
687	1716
687	2023
687	2855
687	2999
687	6624
688	955
688	1162
688	3266
688	3560
688	5920
688	6412
688	9356
688	9991
689	735
689	1760
689	1766
689	2325
689	4157
689	4888
689	7916
689	9998
690	895
690	1689
690	2558
690	4477
690	6547
691	3855
692	3679
692	4207
692	4324
692	8052
692	8609
693	2786
693	3395
693	7997
693	8961
693	9502
694	1045
694	1234
694	1285
694	2002
694	2569
694	3443
694	4302
694	5016
694	5872
694	7054
694	7206
694	7595
694	7978
694	8342
694	9553
694	9846
695	786
695	1812
695	1819
695	2401
695	2422
695	4073
695	4484
695	6447
695	7313
695	9733
696	2081
696	9613
696	9643
696	9920
697	725
697	1272
697	1786
697	1929
697	2315
697	3032
697	3661
697	4582
697	4707
697	5578
697	5721
697	5975
697	7317
697	8929
698	786
698	1218
698	2506
698	3308
698	3675
698	3852
698	4760
698	4877
698	6290
698	8034
698	9089
698	9810
699	866
699	1600
699	3334
699	3789
699	4003
699	4603
699	5712
699	8711
700	2153
700	3085
700	5994
701	1565
701	2051
701	8317
702	1004
702	2094
702	2754
702	4462
702	5018
702	5133
702	7208
703	707
703	867
703	1410
703	1676
703	2597
703	3441
703	4104
703	6675
703	7406
703	9630
704	2511
704	3759
704	5191
704	8288
705	762
705	2575
705	2851
705	2853
705	9367
705	9786
706	783
706	841
706	1156
706	1806
706	1854
706	1914
706	2158
706	2174
706	2281
706	2625
706	2784
706	2807
706	3025
706	3124
706	3218
706	3504
706	3741
706	3770
706	4203
706	4689
706	4992
706	5907
706	6629
706	6742
706	6775
706	7247
706	7636
706	7683
706	8155
706	9006
706	9107
707	1075
707	2399
707	2858
707	3215
707	6667
707	7392
708	4897
709	716
709	1217
709	1417
709	1500
709	3208
709	3912
709	4270
709	4541
709	5387
709	6240
709	6407
709	6727
709	6931
709	7012
709	7073
709	7078
709	7468
709	7518
709	8586
709	9063
709	9134
711	5292
711	7169
712	1312
712	3466
712	3483
712	4176
712	5227
712	5893
712	5896
712	6153
714	899
714	1514
714	1738
714	2660
714	3892
714	6052
714	6136
714	7263
714	8395
714	9183
715	1850
715	3897
715	4218
715	9093
716	1813
716	5852
716	7332
716	7755
717	3701
717	5950
718	792
718	833
718	958
718	2500
718	4299
718	4422
718	4533
718	5125
718	5796
718	6676
718	9115
718	9339
718	9391
719	1941
719	2120
719	2342
719	2849
719	4085
719	6673
720	730
720	1892
720	3024
720	3854
720	7749
720	7921
720	9500
721	959
721	1438
721	1733
721	2491
721	4155
721	4394
721	5075
721	7548
721	7873
722	4852
722	5555
722	5924
722	7299
722	7589
723	1090
723	2778
723	2890
723	6439
723	7566
723	9368
724	1658
724	1751
724	1834
724	2528
724	3687
724	3965
724	4837
724	6328
724	6390
724	7899
724	8656
724	9266
724	9296
725	954
725	1070
725	2580
725	3871
725	4779
725	7042
726	911
726	1434
726	2092
726	2229
726	2578
726	4664
727	1871
727	2652
727	2743
727	2851
727	5114
727	6169
727	8346
727	8835
728	2059
728	3534
728	5768
729	786
729	952
729	1140
729	1961
729	2028
729	2104
729	2355
729	2912
729	2950
729	3982
729	6197
729	7689
729	9737
730	802
730	1382
730	1991
730	2595
730	3777
730	3906
730	4559
730	6830
730	7659
731	926
731	1151
731	1513
731	2201
731	3384
731	3960
731	6683
731	9141
732	1045
732	1164
732	1518
732	1818
732	3210
732	3937
732	4018
732	4123
732	5633
732	6143
732	6845
732	8248
732	9275
733	827
733	3170
733	3431
733	5946
733	6455
733	7809
734	1330
734	7243
735	768
735	862
735	1238
735	1573
735	2082
735	3756
735	4880
735	6276
735	6789
735	7853
735	8767
736	856
736	881
736	1104
736	1245
736	2364
736	2388
736	2492
736	2654
736	2783
736	3410
736	3615
736	4707
736	6301
736	6680
736	6848
736	7061
736	7765
736	8232
736	8270
736	8568
736	9024
736	9243
737	1488
737	1869
737	6316
737	7441
737	7572
737	8037
737	9864
738	1141
738	1469
738	1893
738	2327
738	3076
738	6262
738	9759
739	894
739	2212
739	2792
739	3584
739	4377
739	4501
739	6953
739	8640
740	3105
740	4630
740	7749
740	7932
741	874
741	2369
741	6811
741	8608
742	2674
742	2834
742	8172
743	1931
743	2156
743	2158
743	2248
743	7214
743	8727
744	810
744	833
744	1124
744	3998
744	5994
744	8279
745	5522
745	6157
745	7271
745	8499
746	1949
746	7921
746	8188
747	1034
747	2370
747	3953
747	4490
747	4609
747	7820
748	803
748	1126
748	1228
748	1312
748	1414
748	1446
748	2963
748	3467
748	3944
748	3979
748	4157
748	4220
748	4935
748	5026
748	5443
748	6062
748	7948
748	8566
749	1525
749	1756
750	861
750	2197
750	2658
750	2819
750	2842
750	4847
750	6855
750	8529
751	4651
751	7211
752	856
752	2182
752	3383
752	3961
752	7194
752	8535
752	8944
753	775
753	1121
753	1488
753	6490
753	7122
753	7615
753	7620
753	9763
754	937
754	1492
754	2029
754	2511
754	3350
754	5289
754	6143
755	3428
755	4023
755	4578
755	5827
755	8385
756	924
756	1076
756	1924
756	2008
756	2088
756	2526
756	2650
756	3162
756	4149
756	4624
756	9634
757	967
757	1278
757	1499
757	2572
757	2688
757	2991
757	3066
757	4007
757	6115
757	6246
757	6566
757	7252
757	8080
757	8211
757	9738
758	1212
758	1727
758	2757
758	6391
759	1006
759	1029
759	2997
759	3226
759	3644
759	4250
759	4349
759	4464
759	4766
759	5240
759	5353
759	5549
759	5996
759	6237
759	6241
759	6885
759	6904
760	1105
760	4313
760	5547
760	5739
760	5811
760	6616
760	8099
761	902
761	2509
761	3440
761	6366
761	6416
761	8151
761	8930
761	9476
762	1594
762	2445
762	3447
762	4838
762	5999
763	911
763	1523
763	4524
763	4534
763	4599
763	4762
763	4962
763	7656
763	8198
763	8534
764	778
764	805
764	918
764	1057
764	1509
764	1738
764	2805
764	3353
764	4030
764	4708
764	5338
764	5363
764	6383
764	7244
764	7633
764	7719
764	9007
764	9199
764	9585
764	9725
764	9799
765	869
765	3140
765	3280
765	4743
765	5491
765	8303
766	1010
766	1372
766	1897
766	3750
766	3843
766	4667
766	4979
766	5140
766	9184
767	4533
767	5414
767	8918
767	9741
768	800
768	1466
768	2332
768	2336
768	2949
768	3020
768	3499
768	4825
768	4882
768	5177
768	5639
768	6218
768	6497
768	7334
768	8764
769	1111
769	1766
769	2428
769	5116
770	910
770	2968
770	3112
770	4161
770	4472
770	4569
770	5358
770	6205
770	7338
770	9498
771	787
771	1052
771	1425
771	1699
771	3037
771	5646
771	5899
771	7356
772	868
772	981
772	1033
772	1293
772	1928
772	4206
772	6490
773	2406
773	2451
773	3205
773	4076
773	4847
774	1115
774	1497
774	1550
774	1555
774	3778
774	4031
774	4953
774	7691
774	9135
774	9497
775	971
775	1169
775	3559
775	4987
775	5174
775	9344
775	9452
776	973
776	981
776	1267
776	1512
776	1804
776	2022
776	2377
776	2425
776	2558
776	2901
776	3455
776	3755
776	4414
776	4508
776	5038
776	5126
776	5344
776	6355
776	7013
776	7181
776	7461
776	7475
776	8011
776	9511
776	9660
777	2670
777	2683
777	3978
777	4229
777	4390
777	6156
777	6297
777	6731
778	1944
778	2154
778	3091
778	5720
778	7800
778	9999
779	1846
779	2084
779	2280
779	4689
779	8015
779	9405
780	936
780	1418
780	3269
780	3375
781	1719
781	3966
781	4071
781	4092
781	5494
781	9832
782	8251
783	1011
783	1637
783	1836
783	2232
783	2752
783	3092
783	3539
783	3840
783	4072
783	4648
783	5069
783	5492
783	5500
783	7130
783	8587
783	9155
783	9773
784	794
784	862
784	1122
784	1143
784	2042
784	3652
784	7730
784	8683
785	810
785	1504
785	1641
785	2368
785	2888
785	5026
785	6370
785	6477
785	7186
785	9354
785	9524
786	826
786	1270
786	1363
786	2476
786	2530
786	3958
786	4697
786	7991
786	8092
786	8531
786	8738
787	1102
787	2842
787	3361
787	5026
788	2142
788	3116
788	7171
788	9430
789	896
789	3249
789	6195
789	6486
789	7683
789	8004
789	8072
789	9795
790	2461
790	2974
791	2260
791	2537
791	3388
791	4523
791	6089
791	6515
791	7141
792	872
792	2499
792	3358
792	4149
792	5258
792	6471
792	8452
792	9070
792	9220
792	9330
792	9573
793	933
793	1976
793	3705
793	7043
793	9923
794	2612
794	7587
794	8134
795	1058
795	1315
795	3108
795	6158
796	1715
796	2792
796	5527
796	6755
796	7539
796	9730
797	1044
797	1159
797	1229
797	1447
797	1675
797	1741
797	2179
797	2664
797	2823
797	2865
797	3001
797	3282
797	3317
797	3635
797	3985
797	4089
797	4127
797	5451
797	5454
797	5781
797	6039
797	6432
797	6902
797	7012
797	7439
797	7906
797	8198
798	1929
798	2438
798	2760
798	2867
798	4901
798	5711
798	6901
798	7551
799	1432
799	1953
799	2409
799	2505
799	3686
799	4868
799	5774
800	5471
800	5538
801	2160
801	3104
801	4506
801	7019
801	9642
801	9807
802	993
802	1964
802	2289
802	3420
802	4009
802	6363
802	6601
803	1243
803	3998
803	4401
803	8019
804	1231
804	1671
804	6285
805	1134
805	1514
805	1704
805	2372
805	2752
805	3564
805	3624
805	5130
805	5290
805	6452
805	6698
805	6739
805	7275
805	7524
805	8225
805	8326
805	8396
805	9230
805	9675
806	1061
806	1853
806	2234
806	2358
806	2838
806	4432
806	7338
806	8025
806	9170
806	9590
807	1208
807	2025
807	2498
807	2896
807	3597
807	3638
807	3980
807	7696
807	9720
807	9933
808	1096
808	1370
808	1643
808	2165
808	2237
808	2726
808	5091
809	1559
809	2952
809	5211
809	7314
810	901
810	1296
810	2789
810	2807
810	2859
810	3323
810	3596
810	3916
810	4348
810	4413
810	4550
810	5700
810	5792
810	8221
810	9094
811	1034
811	1082
811	1183
811	2884
811	3051
811	4328
811	4434
811	5239
811	5667
811	7323
811	7804
811	8094
811	8245
813	890
813	965
813	1019
813	1048
813	1084
813	1187
813	1223
813	1244
813	1527
813	1539
813	1754
813	1921
813	2067
813	2217
813	2319
813	3615
813	4045
813	4874
813	5436
813	6054
813	7612
813	8431
813	9680
813	9991
814	1025
814	3044
814	3084
814	3997
814	6863
814	7579
815	5509
815	5895
815	5975
815	6473
815	7295
815	9709
816	1703
816	2262
816	2737
816	2867
816	3228
816	4342
816	4527
816	6577
816	6970
816	8255
816	9907
817	1141
817	1518
817	2175
817	2277
817	5080
817	6903
817	9114
818	1500
818	2003
818	6151
818	9970
819	1007
819	1651
819	2726
819	8267
820	4033
820	4618
820	5632
820	9432
821	2958
821	3354
821	7149
822	1508
822	2316
822	4732
822	4740
822	5443
822	6168
822	6774
822	6825
822	7903
822	8379
822	8932
823	1213
823	1468
823	3403
823	4889
824	2770
824	2953
824	4152
824	9330
825	831
825	1698
825	2531
825	4360
825	4960
825	5056
825	7059
825	9624
826	1026
826	1337
826	5897
826	7069
826	7147
826	9863
827	2412
828	917
828	2172
828	2346
828	3146
828	3398
828	4203
828	7614
828	8264
829	2607
829	4530
830	1465
830	3161
830	4078
830	5912
830	8386
831	1218
831	1959
831	5305
832	1214
832	2061
832	4221
834	1604
834	2232
834	2443
834	4794
834	5581
834	6127
834	7255
834	7411
834	9596
835	2168
835	3863
835	6437
835	6730
836	3692
837	1092
837	1722
837	1865
837	3135
837	4121
837	7543
837	7885
837	9117
838	1249
838	1536
838	3162
838	4214
838	4496
839	1051
839	5073
839	6463
839	6645
839	7770
839	7805
839	8975
840	1400
840	4196
840	6722
840	7428
841	1096
841	1513
841	6582
841	7506
841	9477
842	888
842	3060
842	5051
843	1957
843	3298
843	3456
843	6265
843	8894
843	9209
844	950
844	1020
844	1406
844	1655
844	2341
844	2922
844	3071
844	3664
844	5182
844	6262
844	6741
844	7021
844	7451
845	1094
845	3154
846	949
846	1387
846	2187
846	3135
846	3972
846	4454
846	5519
846	9284
847	994
847	1943
847	6234
848	1108
848	1955
848	9239
849	1023
849	1395
849	3081
849	3767
849	4445
849	7542
849	7609
849	8061
849	9567
850	2395
850	7787
850	9488
852	1473
852	3837
852	3881
852	4177
852	4408
852	6105
852	6665
852	6964
852	8177
852	8178
852	8862
853	1987
853	2935
853	4097
853	4126
853	5739
853	8254
853	9745
854	6925
854	9069
856	1569
856	1649
856	1774
856	2915
856	3135
856	3158
856	4038
856	4940
856	5515
856	6924
856	9485
857	902
857	1172
857	2937
857	6358
857	7161
857	8181
858	1524
858	2893
858	4836
858	8078
858	9092
859	1264
859	3211
859	9838
860	1203
860	3152
860	3463
860	6275
861	2342
861	3409
861	3840
861	7357
861	9457
862	1078
862	2087
862	3323
862	4693
862	5980
863	1353
863	2076
864	1887
864	2331
864	3000
864	3812
864	3873
864	8128
864	8811
865	1810
865	3483
865	4585
866	1136
866	1522
866	1693
866	1724
866	2089
866	3737
866	3943
866	4029
866	4575
866	5563
866	7397
866	7868
866	8067
866	8137
867	1040
867	2019
867	2441
867	4526
867	5314
867	5419
867	6124
867	6853
867	8258
867	9702
867	9806
868	989
868	2947
868	4634
868	6252
868	7349
868	7520
869	1162
869	1306
869	2191
869	5147
869	7807
869	7971
870	1104
870	1664
870	1721
870	2079
870	2502
870	3675
870	6381
870	7414
870	7435
870	7943
871	1403
871	2454
871	4211
871	5329
871	5910
871	8183
871	8309
871	9413
872	2375
872	5378
872	6953
872	7339
873	949
873	1378
873	7192
873	7603
874	2109
874	2430
874	5128
874	5908
874	6894
874	8627
875	1090
875	1502
875	1820
875	8027
876	3183
876	3921
876	6807
877	1237
877	1525
877	1680
877	1914
877	5004
877	6034
877	6829
877	6919
877	7195
877	9468
877	9591
878	1199
878	1593
878	1980
878	2037
878	2133
878	2296
878	2993
878	3222
878	3848
878	4041
878	4235
878	4731
878	5309
878	5417
878	5462
878	6026
878	6630
878	7893
878	9034
878	9207
878	9880
879	2866
880	4144
881	1626
881	5221
882	1531
882	2373
882	3844
882	4082
882	4237
882	5937
882	8263
883	970
883	1037
883	1052
883	1105
883	1397
883	1661
883	2042
883	2614
883	2785
883	3237
883	3673
883	4435
883	5978
883	6015
883	6081
883	6194
883	7731
883	8210
883	8926
883	9004
884	1357
884	2286
884	2386
884	2522
884	3278
884	3599
884	3605
884	3883
884	4095
884	4175
884	4745
884	5461
884	8956
885	913
885	7646
886	1392
886	2028
886	2489
886	2746
886	3843
886	3868
886	6557
886	9715
887	1073
887	1172
887	1755
887	2049
887	2244
887	2317
887	2384
887	2500
887	2978
887	2979
887	3133
887	3440
887	4256
887	4729
887	5436
887	5797
887	7452
887	7775
887	9560
887	9617
888	926
888	1181
888	3690
889	2076
889	2097
889	2402
889	2874
889	3589
889	3838
889	3843
889	5614
889	6085
889	9971
890	1499
890	1920
890	2790
890	3882
890	4683
890	6756
890	7695
890	9557
891	1025
891	1890
891	4059
891	5151
891	5936
891	7102
891	8126
891	9226
892	2410
892	3070
892	3955
892	4282
892	9404
893	1453
893	2031
893	2708
893	3971
893	4358
893	4664
893	5732
893	6947
893	6981
893	7757
893	9064
893	9316
893	9931
894	1111
894	1132
894	2131
894	2834
894	3762
894	8280
895	965
895	6078
895	8958
896	937
896	1179
896	2354
896	2398
896	3703
896	4380
896	4634
896	6382
896	8492
897	1184
897	2813
897	8606
898	1147
898	3769
898	5166
898	6226
898	6496
898	7099
899	1722
899	3167
899	3564
899	4351
899	4754
899	4840
899	4993
899	5046
899	5503
899	6357
899	6606
899	7115
899	7337
899	8844
900	1050
900	5597
900	5690
900	5728
900	7739
900	8669
900	8881
901	976
901	1216
901	2291
901	4141
901	5724
901	8801
901	9020
901	9065
902	2769
902	5761
902	7724
902	8699
902	9522
903	2596
903	2979
903	8888
904	1770
904	1989
904	3803
904	4416
904	5868
904	7041
905	1561
905	1660
905	2322
905	3925
905	4613
905	5175
905	5232
905	5954
905	6153
905	6214
905	6635
905	7110
905	7517
905	7615
905	8107
905	9328
906	1594
906	1785
906	3917
906	7407
907	1513
907	4261
907	7083
907	8575
908	1391
908	1687
908	2334
908	2696
908	3603
908	4691
909	1162
909	1607
909	8601
910	1050
910	4974
910	5656
910	9646
911	2783
911	5167
911	5865
912	4894
912	5892
912	6444
912	8355
912	9040
913	2168
913	2606
913	4772
913	5318
913	5473
913	8681
913	8917
913	9458
913	9896
914	3911
914	4778
914	8838
915	2696
915	2839
915	4411
915	6622
915	6623
916	1912
916	4400
916	6634
916	7204
917	2544
917	6007
917	7483
918	1089
919	1407
919	1511
919	1678
919	3517
919	7770
919	8651
920	1097
920	1831
920	2117
920	3656
920	5790
920	6916
920	7212
920	7274
920	7429
920	8514
921	1039
921	1305
921	3270
921	3710
921	4420
921	7818
922	1095
922	3503
922	3513
922	3610
922	6831
924	2073
924	3009
924	9433
925	1420
925	1465
925	1539
925	1617
925	2302
925	2323
925	3277
925	4095
925	4769
925	4873
925	5401
925	6405
925	8615
926	1587
926	5438
927	1053
927	1074
927	1199
927	1342
927	1580
927	1626
927	1819
927	2379
927	2536
927	3959
927	4222
927	4616
927	4814
927	4829
927	5107
927	7840
927	8133
927	8835
929	4095
929	6170
929	6600
929	7432
929	9197
929	9481
930	1061
930	1123
930	1435
930	1648
930	1857
930	3033
930	3175
930	3305
930	5287
930	5586
930	7679
930	7777
931	2352
931	2610
931	4052
931	4073
931	5870
931	6642
931	7503
931	7649
931	7863
931	8322
931	9942
932	1244
932	4387
932	7272
932	9387
933	1035
933	1605
933	3131
933	3659
933	4199
933	4783
933	5432
933	6462
933	6868
933	7266
933	8458
934	1170
934	3181
934	3500
934	3614
934	7067
934	7269
934	8060
935	1366
935	3785
935	4509
935	6941
935	7157
935	7179
936	964
936	1866
936	1987
936	2964
936	7052
937	1112
937	4294
937	4380
937	5174
937	6465
937	8967
938	1012
938	1520
938	1540
938	1574
938	1787
938	2864
938	3386
938	6251
938	6760
938	7897
939	1335
939	1894
939	2124
939	2128
939	4146
939	5217
939	5852
939	5900
939	6950
939	8838
940	2779
940	3101
941	1058
941	1441
941	1458
941	1709
941	2192
941	2913
941	3919
941	7779
941	8215
941	8654
941	8724
942	1914
942	5178
943	1134
943	2133
943	5347
945	1061
945	1215
945	1633
945	2039
945	2196
945	2209
945	2304
945	2762
945	2808
945	5093
945	5230
945	5340
945	5795
945	7085
945	7096
946	6447
947	1673
947	4258
947	5096
947	5794
947	8002
948	1038
948	3520
948	3846
949	1100
949	1104
949	1303
949	1596
949	2170
949	2531
949	2643
949	3618
949	8940
950	1192
950	3288
950	4040
950	5332
951	1030
951	1157
951	1207
951	1312
951	1847
951	3064
951	3142
951	3561
951	4204
951	5098
951	6799
951	7247
951	7928
951	8280
951	8992
951	9439
951	9811
952	1190
952	2443
952	2469
952	2536
952	2681
952	2977
952	4327
952	8047
953	1847
953	4557
954	963
954	1386
954	2407
954	3379
954	4171
954	6499
954	6986
954	9531
955	956
955	2275
955	2321
955	4530
955	4708
955	6136
956	1246
957	1183
957	2135
957	2311
957	3816
957	4162
957	4204
957	4339
957	4342
957	4588
957	6681
957	6734
957	6846
957	7728
957	7812
957	8057
958	6364
959	1313
959	1322
959	2374
959	2975
959	5366
959	6513
959	6969
959	7955
960	1047
960	1148
960	1253
960	1374
960	1446
960	2107
960	2784
960	3535
960	5439
960	5906
960	8672
961	1916
961	3193
961	3306
961	3473
961	4326
962	969
962	2404
962	2557
962	2872
962	3576
962	3780
962	4172
962	4251
962	5074
962	5137
962	5470
962	6356
962	7332
962	8052
963	1085
963	1185
963	2171
963	5014
963	5025
963	9000
963	9330
964	1635
964	3382
964	3952
964	4134
966	1095
966	1762
966	2498
966	2863
966	3565
966	3910
966	5923
966	7362
967	4367
968	2335
968	2911
968	4011
968	4668
968	5374
968	5840
968	6063
968	6585
968	7061
968	7282
968	7674
969	1253
970	3294
970	3501
971	1383
971	6582
971	6653
971	7224
971	7777
971	8399
971	9128
972	1113
972	1610
972	1919
972	8494
972	9217
973	1339
973	2016
973	3461
973	3950
973	3956
973	5675
973	7385
974	997
974	1310
974	1771
974	2694
974	3505
974	6726
974	7355
974	7582
974	7783
974	7802
974	8752
974	8999
974	9394
974	9713
975	1235
975	1264
975	4206
975	4858
975	5201
975	5359
975	5648
975	7184
975	7882
976	995
976	1608
976	5015
976	7744
976	9450
977	1279
977	7118
977	8475
978	4238
978	5329
979	1042
979	1116
979	1696
979	2767
979	5233
979	8617
979	9097
979	9321
980	1664
980	3401
980	3693
980	5053
980	7842
981	1507
981	3471
981	4098
981	4996
981	7055
982	1385
982	1729
982	1749
982	2826
982	3032
982	3041
982	3266
982	3374
982	6206
982	8599
982	8641
983	1375
983	1540
983	2450
983	3093
983	3418
983	3480
983	5271
983	8018
983	8121
983	8629
983	8783
983	9704
984	1126
984	1583
984	1727
984	1757
984	3239
984	3326
984	4237
984	4704
984	5673
984	7559
984	9914
985	3739
985	4274
985	4771
985	5291
985	6250
985	7181
985	7754
985	8867
985	9765
986	1569
986	1913
986	2159
986	2284
986	2460
986	2566
986	2644
986	3096
986	3204
986	3227
986	3265
986	3438
986	3601
986	5474
986	5576
986	6010
986	6014
986	6706
986	7352
986	7471
986	7513
986	8322
987	1213
987	1944
987	3939
987	4119
987	5568
987	6308
987	6356
987	8768
988	1069
988	1350
988	1913
988	2056
988	2400
988	2594
988	3245
988	3796
988	5664
988	6526
988	7049
988	7391
988	8553
988	9319
988	9761
988	9953
988	9985
989	1271
989	3053
989	3738
989	3774
989	3786
989	4334
989	8132
989	8652
990	2873
990	5677
990	6847
990	7342
990	9279
990	9597
991	5686
991	9876
992	1010
992	1134
992	1150
992	3521
992	3869
992	3896
992	4737
992	5288
992	5311
992	7602
993	9124
994	1931
994	5479
994	5563
994	8417
995	1036
995	1306
995	2758
995	3884
995	4345
995	4387
995	4923
995	5553
995	5616
995	5621
995	6706
995	7199
995	7770
995	7860
995	8189
996	1744
996	1780
996	2525
996	3616
996	6177
996	7563
996	8467
997	3841
998	6218
999	1065
999	1208
999	1246
999	1897
999	1977
999	2283
999	4130
999	5104
999	5198
999	5633
999	6041
1000	1161
1000	1194
1000	1759
1000	2472
1000	2609
1000	3249
1000	3619
1000	4282
1000	4360
1000	5463
1000	5467
1000	5959
1000	6500
1000	6728
1000	8007
1000	9145
1000	9590
1000	9757
1001	1740
1001	1957
1001	6710
1001	7370
1002	3220
1002	3796
1002	9225
1003	1259
1003	1276
1003	1300
1003	2838
1003	3340
1003	4809
1003	5482
1003	6577
1003	7951
1003	8911
1003	9089
1003	9128
1004	3481
1004	4792
1004	5902
1004	7999
1004	8038
1006	7560
1006	9897
1007	1128
1007	5273
1008	1479
1008	1948
1008	2379
1008	2624
1008	6842
1009	1081
1009	1445
1009	3936
1009	7800
1010	1306
1010	2058
1010	2788
1010	5188
1010	6258
1010	6876
1010	7716
1010	7871
1010	9055
1010	9216
1010	9905
1011	1436
1011	1751
1011	4290
1011	8870
1011	9332
1012	1294
1012	2515
1012	3732
1012	6351
1012	8890
1013	1817
1013	3098
1013	4384
1013	6377
1013	9979
1015	1251
1015	1829
1015	1886
1015	2088
1015	9482
1016	1120
1016	1878
1016	3618
1016	5105
1016	8780
1017	1514
1017	2344
1017	9335
1018	2820
1018	3435
1019	1896
1019	3832
1019	3868
1019	3924
1019	5152
1019	6477
1019	8106
1020	1573
1020	3078
1020	3278
1020	3615
1020	5828
1020	6319
1021	1531
1021	1704
1021	2149
1021	2948
1021	4220
1021	5574
1021	5994
1021	6141
1021	6175
1021	6539
1021	8093
1022	1057
1022	2716
1022	3457
1022	4257
1022	5686
1022	8165
1022	8327
1023	1612
1023	2139
1023	3863
1023	4020
1023	4515
1023	9125
1024	1204
1024	1496
1024	2347
1024	4851
1024	5149
1024	6623
1024	7140
1024	7792
1024	8780
1025	9438
1026	1157
1026	1258
1026	1678
1026	2611
1026	5327
1026	6223
1026	8706
1027	1414
1027	1545
1027	2190
1027	2337
1027	4160
1027	4998
1027	6429
1027	6727
1028	1128
1028	1371
1028	1742
1028	2675
1028	3437
1028	3957
1028	5005
1029	2565
1029	5207
1029	6109
1030	1054
1030	1760
1030	3107
1030	3344
1030	3673
1030	4839
1030	5763
1030	9359
1030	9900
1031	1758
1031	2766
1031	3452
1031	7262
1031	7760
1031	8271
1031	8394
1031	8809
1032	1856
1032	8718
1033	8290
1033	8809
1034	2022
1034	3044
1034	3138
1034	4363
1034	5351
1034	5557
1034	5628
1034	6963
1034	7325
1034	7557
1034	7753
1035	1789
1035	2774
1035	3393
1035	5487
1035	8558
1036	1596
1036	1758
1036	7708
1037	2287
1037	2431
1037	4366
1037	5281
1037	7029
1037	7648
1038	3389
1038	3582
1038	5937
1038	8140
1038	8513
1038	8541
1039	1581
1039	3678
1039	5308
1039	5661
1039	6233
1040	1125
1040	1458
1040	1773
1040	6146
1041	2220
1041	3811
1041	3914
1041	7251
1041	8069
1041	9152
1041	9540
1042	1150
1042	2162
1042	4843
1042	8571
1042	9031
1043	1171
1043	1922
1043	3015
1043	3784
1043	4425
1043	6320
1043	8284
1043	9068
1043	9384
1044	1436
1044	1648
1044	1699
1044	1993
1044	2102
1044	2456
1044	4948
1044	5178
1045	3109
1046	2178
1046	4163
1046	4316
1046	5112
1046	5793
1046	8329
1047	1860
1047	9236
1047	9749
1048	1121
1048	1372
1048	1459
1048	2757
1048	2897
1048	3298
1048	5092
1049	1529
1049	3389
1049	3905
1049	5278
1049	6363
1049	6627
1049	6709
1049	9889
1050	3310
1050	3619
1050	4766
1051	2250
1051	6190
1052	1155
1052	2603
1052	3128
1052	3873
1052	4511
1052	6372
1052	6559
1052	8017
1052	8889
1053	1589
1053	1995
1053	2473
1053	2596
1053	2642
1053	3235
1053	5603
1053	6767
1053	7699
1054	1230
1054	1327
1054	1331
1054	2618
1054	3197
1054	3972
1054	5752
1054	5838
1054	6069
1054	7930
1054	8127
1055	1789
1055	3496
1055	4491
1055	4836
1055	5032
1055	5194
1055	5594
1055	5909
1055	7907
1055	8234
1055	8339
1055	8490
1056	1411
1056	1676
1056	3144
1056	3296
1056	3306
1056	3631
1056	3900
1056	4434
1056	4615
1056	4809
1056	5090
1056	5238
1057	1060
1057	1120
1057	1296
1057	1432
1057	1521
1057	1614
1057	1960
1057	2487
1057	2747
1057	2906
1057	3347
1057	3470
1057	4307
1057	5294
1057	5655
1057	6092
1057	7421
1057	7558
1057	7737
1057	7837
1057	8834
1057	9172
1057	9233
1057	9575
1057	9781
1058	1269
1058	1485
1058	1988
1058	2026
1058	7118
1059	1160
1059	4048
1059	4185
1060	1625
1060	2229
1060	2716
1060	4625
1060	4764
1060	6572
1060	7309
1060	7515
1061	1132
1061	2240
1061	3229
1061	3681
1061	4221
1061	4418
1061	4916
1061	5084
1061	6295
1061	6575
1061	9804
1062	1452
1062	1691
1062	1753
1062	2043
1062	2759
1062	3996
1062	4797
1062	6140
1062	7077
1062	7545
1062	7766
1062	8149
1063	1377
1063	1383
1063	1535
1063	1795
1063	2566
1063	3344
1063	3490
1063	3589
1063	3882
1063	5595
1063	8051
1063	8283
1064	1646
1064	2623
1064	2805
1064	3376
1064	3493
1065	1825
1065	1999
1065	3320
1065	3814
1065	9483
1066	1214
1066	1693
1066	2339
1066	3798
1066	3878
1066	6982
1066	7047
1066	8329
1066	8828
1066	9142
1066	9445
1066	9752
1067	1326
1067	1942
1067	2396
1067	2439
1067	3553
1067	7489
1067	8886
1067	9037
1068	1119
1068	2801
1068	3546
1068	4822
1069	7509
1070	1702
1070	5098
1070	9045
1071	2596
1071	2802
1071	3581
1071	3706
1071	4561
1071	4849
1071	9607
1072	5054
1073	2400
1073	3302
1073	4813
1073	8170
1074	1137
1074	1740
1074	1991
1074	4205
1074	6003
1074	6596
1074	9262
1075	1146
1075	1427
1075	1616
1075	1627
1075	2113
1075	2177
1075	2369
1075	3478
1075	5003
1075	6380
1075	6382
1076	3426
1078	5446
1078	9137
1079	2116
1079	2454
1079	3318
1079	4290
1079	5661
1079	5814
1079	6342
1080	1233
1080	1967
1080	4611
1080	4975
1080	5772
1080	6517
1080	6857
1080	7957
1081	1700
1081	3564
1081	3834
1081	5755
1082	1930
1082	4267
1082	6545
1083	1462
1083	2009
1083	4258
1083	6391
1084	4771
1084	6154
1085	3009
1085	3906
1085	7094
1085	8365
1085	9464
1086	1221
1086	1348
1086	1480
1086	1746
1086	2979
1086	3845
1086	3866
1086	4609
1086	4904
1086	5169
1086	5769
1086	6731
1086	8758
1086	9954
1087	1155
1087	3004
1087	4142
1087	5398
1089	1116
1089	1299
1089	2231
1089	3457
1089	3849
1090	1908
1090	2111
1090	3783
1090	7234
1090	8721
1091	2530
1091	2734
1091	5823
1091	8754
1092	4458
1092	4459
1092	6086
1092	7959
1092	8103
1093	1842
1093	4267
1093	4561
1093	5474
1093	6169
1093	6234
1093	6269
1093	7857
1093	9340
1093	9921
1094	2095
1094	3075
1094	6365
1094	6756
1095	1575
1095	2945
1095	2998
1095	3477
1095	3607
1095	4507
1095	5496
1095	5508
1095	5568
1095	6039
1095	6318
1095	7473
1096	1823
1096	1897
1096	2607
1096	2891
1096	3425
1096	3789
1096	5587
1096	5626
1096	6189
1096	6257
1096	6315
1096	6478
1096	7647
1096	9108
1096	9335
1098	2951
1099	1278
1099	1462
1099	2073
1100	1347
1100	1879
1100	2651
1100	3056
1100	5636
1100	6268
1100	6999
1100	8168
1100	9027
1100	9393
1100	9792
1101	4563
1101	4604
1101	7522
1101	9421
1101	9672
1102	1139
1102	3115
1102	3309
1102	3568
1102	5039
1103	9016
1104	1262
1104	1474
1104	1528
1104	1541
1104	1601
1104	1668
1104	2547
1104	2936
1104	3471
1104	3512
1104	4063
1104	4652
1104	5164
1104	5524
1104	5788
1104	5952
1104	6468
1104	8731
1105	1335
1105	2018
1105	2600
1105	2651
1105	2904
1105	3156
1105	3528
1105	9363
1106	2446
1106	8635
1107	1358
1107	1505
1107	1663
1107	2219
1107	3969
1107	5657
1107	7474
1107	7920
1108	2218
1109	1133
1109	4934
1109	5149
1110	2409
1110	5514
1110	7837
1110	8511
1111	2455
1111	3406
1111	3470
1111	4348
1111	5819
1111	5859
1111	6256
1111	6263
1111	6880
1111	7040
1111	7113
1111	8097
1111	8550
1112	1355
1112	6871
1112	8195
1113	1138
1113	1197
1113	5797
1114	1471
1114	1851
1114	2955
1114	3384
1114	3968
1114	4381
1114	4568
1114	4585
1114	4651
1114	5591
1114	8630
1114	8658
1114	9478
1114	9759
1115	1144
1115	3052
1115	3765
1115	4017
1115	4211
1115	5285
1115	6609
1115	7796
1116	3947
1116	4898
1117	7233
1118	1190
1118	1805
1118	2211
1118	2771
1118	4498
1118	5488
1118	6852
1118	7614
1118	8244
1119	4988
1119	5995
1119	6960
1119	7051
1120	1424
1120	6877
1121	1558
1121	4811
1121	5641
1122	1317
1122	1343
1122	2003
1122	2268
1122	4488
1122	5086
1122	5212
1123	5643
1123	6569
1124	1364
1124	1784
1124	2478
1124	2863
1124	2947
1124	3151
1124	3822
1124	4167
1124	7220
1124	7249
1124	7384
1124	8318
1125	1256
1125	1493
1125	2195
1125	2555
1126	3240
1126	4666
1126	9347
1127	1351
1127	2933
1127	9633
1128	1602
1128	1695
1128	1958
1128	2077
1128	3945
1128	5650
1128	9537
1129	1710
1129	2015
1129	2710
1129	4417
1129	8479
1130	1283
1130	1353
1130	1975
1130	2207
1130	2213
1130	2523
1130	3406
1130	3466
1130	4498
1130	6467
1130	7790
1130	8019
1130	8242
1130	8833
1130	8922
1130	9722
1131	2414
1132	2292
1132	4818
1133	1167
1133	1412
1133	2195
1133	2310
1133	4044
1133	5370
1133	7957
1133	9223
1134	1456
1134	1618
1134	2733
1134	2744
1134	3133
1134	3405
1134	5207
1134	5689
1134	7130
1134	8104
1134	9965
1135	3490
1135	5132
1136	1349
1136	2068
1136	2659
1136	5313
1136	5817
1136	6080
1136	6521
1136	7416
1136	9935
1137	2815
1137	6497
1138	1323
1138	1667
1138	1748
1138	2057
1138	2305
1138	2352
1138	2468
1138	2715
1138	4231
1138	4580
1138	4905
1138	5659
1138	5700
1138	7055
1138	7736
1138	8297
1138	8365
1139	2670
1139	6683
1140	1648
1141	2279
1141	4858
1141	7891
1142	1637
1142	2181
1142	3067
1142	4341
1142	5011
1142	9688
1144	3301
1144	4271
1144	4613
1144	6164
1144	7933
1144	7986
1145	1504
1145	3107
1145	3397
1145	4964
1145	6211
1145	6818
1145	7376
1145	7834
1145	9784
1146	1554
1146	2681
1146	3138
1147	1373
1147	2121
1147	3275
1147	3438
1147	5706
1147	6595
1147	8601
1148	1412
1148	1455
1148	2258
1148	2759
1148	2944
1148	2992
1148	3109
1148	3706
1148	4101
1148	4163
1148	4189
1148	4705
1148	5337
1148	6030
1148	6216
1148	6516
1148	6841
1148	6899
1148	6918
1148	7020
1148	7495
1148	9697
1149	3932
1150	1987
1150	5538
1150	9362
1151	1798
1151	2988
1151	3422
1151	5301
1151	5653
1151	5847
1151	6181
1151	9224
1151	9326
1152	2497
1152	5465
1153	4022
1153	4808
1153	5136
1153	8612
1154	1577
1154	1925
1154	3282
1154	4757
1154	6098
1154	6470
1154	8745
1154	8880
1154	9781
1155	1971
1155	3097
1155	3629
1156	2233
1156	2976
1156	3176
1156	3746
1156	5208
1157	4734
1158	1247
1158	1883
1158	3658
1158	5427
1158	5900
1158	6608
1158	7292
1158	9255
1159	1160
1159	1216
1159	1224
1159	1359
1159	1813
1159	2131
1159	2159
1159	4814
1159	4908
1159	5451
1159	7923
1159	8267
1159	9356
1160	1215
1160	1895
1160	3886
1160	5872
1160	5945
1160	8445
1161	3025
1161	4284
1162	2474
1162	3054
1162	4578
1162	5088
1163	3618
1163	9407
1164	1321
1164	1802
1164	3062
1164	3276
1164	3526
1164	3959
1164	4536
1164	4591
1164	4878
1164	5525
1164	5808
1164	6721
1164	9462
1164	9826
1164	9888
1166	1169
1166	1333
1166	1398
1166	1717
1166	2071
1166	2649
1166	2895
1166	2966
1166	3648
1166	3824
1166	6589
1166	7232
1167	2182
1167	2383
1167	2491
1167	4174
1167	6235
1167	8120
1168	2573
1168	4128
1168	4131
1168	4476
1168	6027
1168	6234
1168	6721
1168	8986
1169	1344
1169	2288
1169	5509
1169	6491
1169	8423
1169	9906
1170	1429
1170	2218
1170	3429
1170	3523
1170	5050
1170	5850
1170	6494
1170	8306
1170	9067
1171	2871
1171	4803
1171	7289
1172	1338
1172	1725
1172	1905
1172	2230
1172	2489
1172	2617
1172	2636
1172	3657
1172	3697
1172	4389
1172	4619
1172	4638
1172	4855
1172	5316
1172	6398
1172	8267
1172	8546
1172	8957
1173	1174
1173	1277
1173	1494
1173	1800
1173	3670
1173	8928
1173	9465
1174	1528
1174	6037
1174	7117
1174	7367
1174	7460
1174	9081
1174	9412
1175	1528
1175	1852
1175	2891
1175	4799
1175	6222
1175	8551
1175	9366
1176	6206
1177	1191
1177	4882
1177	6368
1177	6760
1178	2078
1179	5983
1180	1421
1180	2585
1180	2811
1180	4080
1180	4318
1180	4909
1180	8168
1181	2453
1181	3815
1182	3757
1183	3507
1183	5061
1183	6201
1183	7606
1183	7811
1183	7923
1183	9959
1184	1588
1184	1622
1184	2622
1184	7186
1184	9684
1185	4673
1185	6872
1186	6789
1187	4249
1187	5330
1187	6556
1188	1422
1188	1454
1188	2006
1188	2104
1188	2302
1188	2881
1188	5163
1188	6759
1188	7346
1188	9554
1189	2695
1189	3050
1189	3485
1189	4438
1189	5841
1189	7190
1189	8361
1189	8512
1190	1953
1190	3826
1190	4285
1190	5108
1190	9261
1191	1450
1191	1828
1191	2419
1191	2465
1191	4237
1191	6732
1191	8983
1192	2845
1192	3921
1192	4701
1193	1727
1193	2599
1193	2743
1193	2974
1194	5137
1194	6985
1195	1259
1195	1398
1195	1887
1195	2314
1195	2466
1195	6006
1195	7594
1196	1198
1196	1572
1196	1967
1196	2597
1196	3407
1196	3529
1196	4159
1196	4449
1196	5558
1196	6834
1196	7139
1196	7270
1196	7734
1196	8793
1196	9595
1197	2025
1197	4346
1197	5360
1197	5580
1197	8229
1197	8358
1198	1216
1198	1549
1198	2619
1198	2802
1198	3379
1198	3681
1198	3684
1198	4049
1198	4870
1198	4890
1198	5926
1198	6021
1198	6911
1198	7100
1198	7430
1198	8163
1198	8962
1198	9375
1199	1411
1200	1303
1200	2020
1200	2661
1200	3103
1200	3547
1200	3940
1200	4014
1200	5419
1200	6122
1200	7961
1200	7973
1200	8632
1200	8678
1201	1834
1201	3405
1201	8297
1202	2216
1202	3130
1202	6544
1202	6851
1202	7470
1203	1438
1203	4108
1203	4378
1203	5204
1203	8067
1203	8818
1204	2524
1204	7153
1204	7796
1205	2137
1205	4232
1205	4413
1205	4848
1205	8075
1205	9563
1206	3662
1207	2369
1207	3516
1207	3946
1207	4262
1207	5379
1207	5704
1207	5815
1207	6011
1207	6934
1207	7547
1207	8231
1207	9204
1208	2587
1209	1957
1209	2268
1209	8991
1210	2136
1210	2846
1210	3299
1210	3509
1210	3799
1210	3999
1210	4529
1210	5423
1210	7175
1210	7394
1210	8114
1210	8240
1210	8506
1211	4893
1211	5295
1211	7352
1211	8383
1212	1468
1212	1651
1212	1995
1212	2075
1212	2196
1212	2567
1212	2943
1212	3297
1212	4058
1212	4379
1212	4907
1212	5306
1212	6518
1212	6877
1212	7024
1212	7365
1212	7904
1212	8999
1212	9435
1212	9916
1213	5200
1214	2349
1214	5523
1214	8790
1215	1598
1215	3152
1215	4865
1215	5516
1215	7311
1215	8546
1216	3779
1216	4937
1216	5617
1216	5733
1216	6120
1217	1931
1217	1949
1217	2704
1217	2737
1217	3554
1217	3604
1217	4414
1217	4629
1217	4835
1217	4986
1217	5012
1217	6522
1217	8863
1217	9343
1218	2427
1218	9457
1219	1673
1219	1679
1219	2113
1219	3451
1219	3578
1219	5312
1219	5797
1219	7429
1219	9794
1220	1369
1220	2557
1220	2591
1220	2795
1220	4018
1220	4640
1220	4642
1220	5483
1220	5683
1220	6882
1220	7817
1220	7913
1220	8442
1220	8579
1220	8945
1220	9463
1220	9783
1221	2259
1222	1407
1222	1822
1222	2515
1222	3692
1222	5171
1222	6350
1222	7490
1223	1270
1223	1599
1223	3670
1223	4490
1224	2082
1224	8789
1225	1313
1225	3927
1225	4191
1225	7256
1225	8817
1225	9063
1226	1598
1226	3144
1226	4944
1227	3080
1227	8525
1227	9961
1228	1654
1228	2538
1228	3007
1228	3015
1228	3496
1228	3929
1228	4666
1228	7985
1228	9341
1228	9779
1229	1782
1229	2183
1229	2626
1229	3473
1229	4022
1229	4742
1229	5534
1229	6312
1229	9663
1230	5295
1230	5442
1230	5589
1230	6174
1231	1261
1231	1997
1231	2144
1231	2473
1231	7082
1231	7283
1231	9107
1232	1932
1232	2674
1232	6049
1232	6915
1232	8305
1233	1721
1233	1898
1233	4430
1233	6026
1234	1692
1234	2984
1234	4563
1234	5173
1234	6044
1234	6149
1234	8320
1235	3777
1235	7877
1236	2882
1236	2939
1236	3982
1236	7086
1236	7315
1236	9609
1237	3838
1237	4124
1238	1359
1238	1608
1238	1644
1238	3554
1238	3747
1238	3965
1238	4100
1238	9251
1239	1629
1239	2438
1239	4375
1239	5567
1239	5787
1239	7910
1239	8962
1239	9130
1240	2402
1240	3979
1240	4204
1241	2242
1241	2780
1241	7356
1242	2033
1242	2057
1242	2495
1242	5765
1242	5893
1242	6059
1242	6923
1242	9304
1243	1607
1243	2471
1243	7832
1244	1849
1244	2243
1245	2875
1245	3433
1246	3423
1246	4613
1246	6203
1247	1538
1247	1635
1247	3297
1247	3309
1247	3597
1247	3747
1247	3864
1247	4505
1247	4714
1247	5426
1247	5884
1247	7241
1247	7373
1247	7717
1247	8671
1248	1605
1248	2643
1248	4476
1248	8356
1249	1575
1249	1952
1249	4399
1249	4812
1249	5250
1249	8485
1250	1278
1250	2226
1250	2328
1250	2508
1250	2570
1250	2632
1250	3262
1250	3349
1250	6330
1250	6385
1250	6784
1250	7468
1250	9038
1251	1619
1252	2717
1252	8934
1252	9640
1253	2166
1253	2671
1253	3552
1253	3735
1253	4657
1253	7722
1253	8604
1254	2631
1254	4005
1254	4545
1254	5126
1254	6271
1254	6510
1254	7494
1254	8286
1255	1355
1255	1857
1255	2070
1255	2924
1255	2934
1255	3871
1256	1597
1256	1687
1256	3485
1256	6306
1256	8121
1257	4761
1257	6348
1257	9635
1258	6883
1259	4011
1259	4378
1259	5206
1259	6202
1259	7826
1260	1311
1260	2323
1260	2326
1260	3200
1260	3369
1260	5031
1260	6640
1260	7112
1260	7117
1260	8107
1260	8548
1260	9147
1260	9844
1261	2413
1261	6003
1262	1714
1262	2233
1262	2945
1262	4010
1262	6613
1262	6686
1262	6826
1262	6911
1262	7814
1262	8781
1263	2898
1263	4753
1263	7372
1263	9098
1264	1363
1264	6286
1265	2327
1265	6017
1265	6809
1266	1729
1266	2107
1266	2664
1266	3877
1266	8020
1266	8658
1266	8765
1266	8921
1267	4080
1267	6065
1267	6340
1267	6513
1268	2236
1268	2645
1268	3949
1268	4788
1268	5800
1268	6130
1268	6272
1268	6426
1268	8633
1269	3121
1270	1479
1270	1567
1270	2181
1270	2686
1270	3129
1270	3190
1270	4946
1270	5807
1270	5843
1270	8686
1271	1742
1271	2775
1271	4611
1271	6096
1271	7591
1271	8072
1271	9249
1272	1438
1272	2156
1272	2486
1272	3460
1273	2397
1273	4282
1273	4709
1273	5776
1273	6669
1273	7886
1274	2392
1274	2892
1274	3230
1274	8725
1274	8776
1274	8936
1275	3459
1275	6749
1275	7666
1277	2362
1278	1948
1278	3647
1278	6824
1278	8382
1278	9037
1279	3263
1279	3419
1280	7489
1280	9851
1281	2394
1281	3148
1282	5161
1282	9666
1283	8848
1284	3137
1284	4719
1284	4861
1284	5323
1284	5665
1285	1753
1285	2918
1285	3028
1285	4010
1285	4881
1285	8780
1286	1992
1286	2951
1286	4656
1287	1515
1287	2397
1288	1434
1288	1510
1288	2040
1288	2289
1288	2769
1288	2843
1288	2988
1288	3631
1288	3652
1288	3895
1288	3902
1288	4426
1288	4571
1288	4943
1288	6381
1288	6795
1288	7261
1288	7434
1288	7531
1288	7967
1289	1361
1289	2145
1289	2637
1289	2654
1289	4602
1289	4910
1289	5611
1289	6419
1289	6563
1289	6803
1289	6946
1289	9328
1289	9974
1290	1827
1290	6594
1290	7282
1290	7894
1290	9328
1291	2973
1292	2957
1292	5179
1292	7115
1293	2985
1293	3562
1293	4161
1294	1460
1294	1608
1294	1903
1294	3258
1294	3857
1294	6521
1294	8430
1294	9951
1295	3330
1295	5486
1296	2209
1296	3715
1296	5861
1296	9022
1297	1489
1297	3754
1297	6075
1297	7678
1297	7812
1298	1483
1298	2324
1298	2535
1298	3408
1298	3720
1298	3784
1298	7144
1298	7710
1299	1443
1299	1672
1299	2458
1299	2519
1299	3204
1299	3800
1299	4324
1299	5056
1299	8445
1299	8887
1299	9103
1300	1464
1300	1961
1300	2011
1300	2404
1300	2678
1300	2981
1300	3674
1300	5030
1300	9677
1302	1344
1302	2672
1302	3221
1302	6724
1302	6889
1302	7938
1303	1444
1303	2531
1303	3928
1303	4626
1303	8526
1304	3328
1304	5528
1304	6023
1304	6343
1304	7337
1304	8363
1305	1803
1305	1821
1305	1963
1305	2444
1305	2561
1305	2750
1305	3513
1305	6971
1306	1529
1306	3281
1306	3640
1306	4374
1306	6203
1306	6839
1306	9056
1307	6203
1308	1576
1308	1802
1308	2044
1308	2599
1308	2744
1308	4088
1308	4589
1308	5314
1308	5589
1308	6159
1309	5366
1309	5819
1309	6563
1309	9910
1311	2983
1311	3257
1311	3635
1311	4228
1311	4877
1311	8296
1311	8705
1312	1375
1312	1884
1312	4990
1312	5364
1312	7924
1313	1728
1313	2303
1313	3683
1313	3803
1313	6326
1313	8180
1313	9593
1314	1430
1314	1636
1314	3385
1314	5883
1314	6045
1315	1561
1315	1636
1315	2089
1315	2952
1315	3246
1315	3886
1315	4064
1315	6092
1315	6815
1316	2741
1316	4328
1316	4354
1316	4867
1316	5618
1316	5745
1316	6574
1316	7231
1316	8935
1316	9852
1317	1770
1317	2325
1317	2482
1317	5033
1317	5561
1317	5973
1317	7605
1317	9843
1318	1589
1318	3658
1318	9052
1318	9349
1319	1796
1319	1800
1319	1877
1319	3668
1320	2098
1320	2351
1320	2908
1320	5508
1321	1623
1321	2149
1321	3094
1321	4782
1321	8204
1321	9981
1322	2480
1322	6082
1323	1818
1323	1856
1323	2296
1323	2867
1323	4200
1323	4748
1323	6603
1323	7053
1323	9156
1324	6139
1324	6812
1325	1471
1325	2713
1326	2507
1326	3594
1326	3791
1326	4335
1326	4638
1326	9318
1327	2701
1327	6190
1327	6861
1327	8631
1328	1459
1328	5190
1328	8717
1328	8760
1329	1721
1329	2000
1329	4067
1330	3350
1330	4752
1330	8625
1330	9085
1331	1906
1331	1989
1331	2424
1331	2890
1331	3154
1331	6958
1332	1730
1332	2666
1332	4340
1333	5951
1333	6064
1333	6888
1333	7176
1333	9044
1334	1750
1334	3973
1335	1582
1335	4751
1335	4776
1335	6988
1335	7989
1336	2924
1336	3812
1336	4594
1336	4636
1336	4646
1336	6443
1336	9112
1337	1482
1337	4415
1337	6704
1337	9774
1338	1434
1338	1538
1338	2622
1338	2732
1338	3391
1338	4177
1338	4940
1338	9131
1339	1526
1339	2827
1339	2896
1339	5181
1339	5334
1339	5408
1340	2050
1340	2169
1340	2216
1340	3494
1340	3565
1340	4763
1340	6102
1340	7953
1340	9030
1341	1540
1341	3270
1341	5464
1341	5573
1341	8916
1341	9653
1342	1663
1342	2265
1342	2599
1342	3157
1342	3240
1342	4275
1342	7177
1342	7500
1343	1427
1343	3139
1343	6296
1344	1350
1344	2055
1344	2209
1344	2735
1344	3175
1344	3304
1344	3546
1344	6964
1344	7464
1344	8173
1344	8336
1345	1593
1345	2581
1345	4008
1345	6131
1345	6204
1345	6656
1345	8581
1345	8985
1346	2583
1346	8636
1347	1613
1347	2304
1347	3115
1347	5554
1347	7152
1347	7259
1349	6313
1349	8702
1350	1986
1350	3593
1350	5335
1350	5547
1350	5909
1350	7421
1350	7881
1351	3883
1351	5640
1351	6932
1352	1834
1352	2432
1352	3327
1352	3394
1353	3865
1353	4917
1354	3772
1354	4396
1354	6708
1354	6994
1356	1592
1356	2662
1357	1404
1357	5912
1357	7723
1358	6264
1358	6771
1358	7352
1360	2647
1360	3085
1360	4759
1360	5255
1360	7216
1360	7497
1361	2040
1361	2264
1361	2692
1361	6219
1362	3566
1362	3932
1362	4371
1362	4516
1362	7750
1362	9235
1363	1988
1363	2194
1363	3479
1363	6219
1363	6934
1363	7327
1364	1895
1364	2264
1364	4168
1364	5559
1364	7165
1364	7958
1364	8043
1364	8369
1364	9345
1364	9722
1365	1870
1365	8508
1366	3512
1366	5645
1366	9765
1367	4632
1367	4687
1368	4257
1368	5831
1368	7304
1368	8755
1369	1517
1369	2613
1369	4329
1369	5020
1369	6370
1370	3327
1370	3795
1370	4554
1371	2173
1371	3495
1371	6289
1371	7701
1371	8671
1371	9399
1374	1376
1374	1697
1374	2110
1374	2206
1374	3458
1374	4442
1374	4770
1374	5239
1374	6405
1374	6750
1374	6930
1375	4587
1375	8113
1376	1852
1376	6666
1376	7362
1376	9693
1378	1634
1378	3532
1379	1620
1379	1626
1379	4133
1379	7680
1379	8047
1379	8475
1379	8707
1379	9752
1380	1544
1380	3861
1380	3867
1380	3889
1380	4059
1380	4215
1380	5238
1380	6445
1380	6616
1380	7153
1380	7207
1380	8648
1380	9367
1381	4561
1381	5616
1381	6284
1381	8968
1382	5618
1382	7572
1382	9320
1383	1591
1383	2508
1383	3164
1383	4407
1383	4449
1383	5930
1383	6157
1383	6619
1383	7273
1383	7571
1383	8585
1383	9716
1384	2034
1384	2350
1384	2780
1384	2861
1384	2983
1384	5063
1384	5435
1384	5882
1384	5940
1384	7159
1384	7334
1384	7544
1384	8399
1386	1474
1386	2316
1386	3090
1386	3766
1386	6601
1386	7830
1387	1735
1387	4406
1387	6614
1387	7333
1388	2686
1388	5058
1388	6909
1388	7908
1388	9368
1389	6156
1390	8186
1390	9043
1391	2162
1391	2976
1391	3230
1391	3598
1391	3650
1391	4673
1391	5139
1391	5959
1391	6033
1391	6260
1391	6446
1391	7499
1391	8063
1391	8855
1391	8943
1392	4244
1392	9263
1393	5548
1393	6165
1394	3091
1394	6207
1394	7481
1394	8380
1396	1743
1396	1920
1396	2446
1396	2954
1396	3067
1396	3234
1396	5805
1396	5958
1396	7228
1396	7784
1397	1786
1397	4727
1398	1880
1398	2987
1398	3250
1398	6957
1398	8938
1399	1496
1399	1554
1399	2480
1399	3689
1399	4886
1399	5247
1399	8843
1399	9096
1399	9113
1400	5574
1401	1630
1401	3189
1401	8861
1402	1710
1402	1776
1402	2172
1402	2442
1402	2454
1402	2495
1402	2587
1402	3348
1402	3477
1402	4450
1402	5953
1402	7793
1402	8958
1403	2956
1404	1488
1404	1854
1404	3191
1405	5274
1406	1746
1406	2373
1406	5894
1406	5985
1406	6883
1406	8421
1406	8990
1407	3247
1408	4715
1409	3662
1409	6183
1409	6749
1409	7137
1409	9728
1410	5787
1410	7006
1410	7503
1411	1838
1411	2830
1411	3256
1411	4099
1411	5412
1411	5513
1411	5543
1411	5989
1411	6960
1411	8042
1412	8105
1413	1760
1413	1779
1413	1972
1413	3039
1413	3731
1413	3893
1413	7670
1413	8312
1413	8328
1413	8805
1414	1905
1414	2235
1414	2486
1414	2646
1414	3649
1414	5223
1414	5439
1414	8648
1414	9944
1415	1501
1415	3184
1415	5227
1415	8492
1415	9720
1416	1844
1416	3515
1416	3924
1416	5237
1416	5952
1416	8555
1417	1836
1417	3365
1417	3671
1417	3790
1417	4006
1417	4715
1417	7120
1417	8658
1417	9378
1418	4540
1419	4139
1419	4815
1419	5429
1420	3308
1420	5596
1420	9067
1420	9448
1421	2062
1421	3187
1421	6432
1421	6575
1422	2551
1422	2779
1422	5409
1422	6913
1422	7159
1422	8215
1423	1538
1423	1553
1423	1907
1423	2283
1423	2329
1423	2392
1423	3011
1423	4259
1423	4562
1423	4862
1423	5322
1423	5571
1423	5826
1423	6697
1423	6743
1423	8955
1423	9769
1424	1495
1424	1666
1424	1830
1424	2147
1424	2179
1424	2225
1424	2239
1424	2363
1424	3033
1424	3314
1424	4598
1424	6017
1424	7756
1424	7828
1424	8542
1424	9104
1424	9386
1425	1832
1425	1932
1425	2330
1425	2757
1425	4223
1425	6107
1425	6125
1425	9214
1425	9628
1426	1755
1426	3003
1426	3761
1426	3943
1426	4009
1426	4888
1426	5888
1426	6402
1426	7148
1426	8589
1427	2732
1427	4597
1427	5137
1427	9128
1427	9768
1428	1798
1428	4121
1428	5213
1428	5586
1428	6681
1428	8100
1428	8810
1429	1443
1429	1455
1429	1807
1429	3040
1429	4453
1429	5993
1429	7791
1429	8837
1431	1557
1431	2044
1431	2148
1431	4259
1431	4885
1431	5472
1431	6292
1431	7384
1432	2353
1432	3009
1432	3021
1432	3382
1432	3435
1432	4441
1432	6631
1432	7303
1432	8693
1433	1940
1433	3379
1433	4145
1433	4229
1434	1475
1434	2108
1434	2127
1434	9996
1435	2292
1436	2346
1436	4672
1436	5398
1436	6571
1437	1665
1437	2300
1437	2824
1437	3890
1437	5563
1437	6758
1437	7768
1437	8183
1437	9277
1437	9525
1437	9526
1438	1883
1438	2050
1438	2297
1438	5015
1438	7102
1439	2065
1439	4559
1439	4595
1439	4830
1439	4860
1439	7908
1439	8295
1439	8469
1439	8582
1440	3040
1440	5784
1440	6991
1441	2153
1441	5601
1441	9787
1442	8186
1442	8833
1443	4332
1443	4392
1443	6077
1443	6292
1443	7567
1443	8112
1443	8409
1443	9471
1443	9548
1444	6130
1446	7478
1447	2059
1447	4193
1447	4537
1447	4696
1447	5121
1447	5404
1447	6070
1447	6272
1447	9316
1447	9927
1448	2168
1448	3824
1448	5133
1448	5889
1448	6859
1448	7804
1448	8144
1449	1518
1449	1799
1449	3474
1449	5901
1449	6514
1449	9338
1449	9667
1450	2539
1450	2683
1450	3096
1450	5323
1450	5468
1450	5644
1450	6109
1450	6225
1450	8694
1451	1671
1451	4422
1451	4849
1451	5804
1451	6266
1451	6591
1451	8213
1451	9418
1453	2438
1453	2541
1453	3419
1453	5242
1453	5358
1453	5511
1453	6105
1453	9308
1453	9457
1453	9782
1454	2063
1454	2164
1454	3631
1454	3850
1454	6394
1454	7939
1454	9500
1455	1974
1455	3159
1455	4329
1455	5055
1455	6180
1455	8195
1455	8357
1455	9227
1456	3016
1456	4373
1456	5836
1456	6948
1456	7307
1457	2412
1457	6540
1459	1701
1459	2390
1459	2633
1459	4143
1459	4356
1459	5715
1459	6501
1459	9129
1460	1530
1460	1637
1460	1954
1460	2074
1460	2365
1460	2955
1460	3193
1460	3313
1460	3940
1460	4815
1460	6291
1460	6362
1460	6482
1460	7976
1460	8164
1460	9028
1460	9252
1460	9668
1460	9681
1460	9862
1461	2338
1461	2807
1461	8301
1462	1507
1462	2609
1462	4375
1463	1981
1463	2494
1463	3146
1463	3385
1463	3974
1463	7031
1463	7946
1463	9217
1464	2605
1464	3966
1464	4192
1464	8265
1464	9839
1465	1863
1465	3124
1465	5304
1465	6729
1465	8814
1465	9327
1466	1813
1466	8662
1467	2017
1467	6463
1467	9769
1469	1707
1469	5517
1470	3947
1470	4691
1470	6493
1470	7193
1470	7918
1470	9424
1470	9625
1471	1854
1471	2179
1471	2227
1471	3230
1471	3876
1471	5135
1471	8713
1471	9358
1471	9437
1472	3264
1473	1733
1473	1860
1473	3062
1473	3260
1473	5034
1473	7136
1473	8664
1474	2039
1474	3841
1474	6450
1475	1797
1475	1950
1475	3523
1475	3830
1475	5770
1475	6855
1475	9978
1476	1739
1476	1826
1476	1956
1476	2685
1476	3117
1476	3390
1476	4133
1476	5871
1476	7409
1476	7431
1476	7799
1476	8612
1477	2602
1477	4922
1478	4481
1478	7576
1479	1884
1479	3931
1479	6617
1479	7454
1480	1643
1480	7775
1481	1877
1481	1885
1481	2033
1481	8679
1482	5758
1483	2184
1483	3994
1483	4331
1483	4429
1483	4981
1483	4984
1483	5007
1483	5615
1483	7042
1483	9897
1483	9974
1484	7046
1484	9553
1485	1667
1485	2840
1485	3919
1485	5456
1485	6464
1485	8138
1486	4264
1487	1805
1487	3568
1487	4046
1487	5405
1487	8017
1487	8919
1488	7578
1489	2420
1489	2618
1489	5631
1489	6181
1489	7009
1489	7847
1489	8984
1489	9176
1489	9267
1490	4918
1490	5432
1490	6506
1491	2456
1491	2706
1491	4363
1491	8166
1492	2080
1492	3054
1492	5119
1492	7899
1493	2653
1493	2893
1493	6768
1493	6980
1493	8403
1494	8560
1494	8774
1495	1652
1495	2818
1495	2941
1495	3274
1495	3827
1495	4453
1495	8846
1495	9362
1495	9928
1497	2270
1497	3727
1497	4252
1497	6995
1497	7174
1498	1611
1498	1631
1498	2011
1498	3872
1498	4135
1498	4420
1498	4813
1498	6470
1498	6806
1498	7959
1498	8478
1498	9108
1498	9658
1498	9819
1499	1560
1499	1965
1499	2119
1499	2990
1499	3314
1499	4933
1499	7627
1499	9613
1500	1892
1500	1938
1500	1949
1500	4690
1500	8227
1500	8388
1501	1714
1501	1734
1501	2149
1501	2249
1501	2448
1501	2986
1501	3417
1501	3427
1501	4292
1501	4687
1501	6841
1501	9251
1501	9463
1502	5006
1502	5554
1503	1715
1503	1845
1503	2001
1503	5284
1503	5292
1504	2072
1504	2139
1504	2317
1504	3240
1504	4224
1504	4929
1504	5061
1504	9003
1505	2081
1505	2253
1505	2844
1505	4515
1505	4880
1505	8323
1505	9060
1505	9258
1505	9918
1506	6008
1506	8591
1507	5094
1507	7561
1507	8912
1508	2041
1508	2831
1508	5158
1508	6954
1508	8194
1508	9932
1509	4368
1509	7555
1509	8908
1510	1649
1510	1816
1510	3336
1510	3534
1510	3903
1510	4703
1510	4837
1510	4915
1510	5703
1510	5997
1510	9575
1511	4424
1512	3422
1512	4702
1512	7000
1512	7209
1512	7262
1512	7279
1513	1622
1514	1631
1514	2088
1514	2203
1514	3761
1514	5286
1514	5535
1514	7681
1515	5727
1516	2761
1516	2828
1516	4205
1516	7282
1517	2865
1517	3232
1517	3303
1517	3758
1518	1705
1518	2426
1518	3548
1518	5847
1519	2459
1519	2980
1519	3930
1519	4493
1519	5041
1519	6379
1519	8872
1519	8900
1519	9714
1520	2802
1520	2831
1520	3317
1520	4409
1521	2411
1521	3549
1521	4286
1522	1657
1522	4809
1522	5444
1522	8763
1522	9549
1523	3527
1523	3596
1523	4002
1523	4832
1524	2191
1524	4817
1525	1816
1525	2228
1525	2682
1525	2821
1525	3263
1525	5933
1525	6335
1525	9104
1526	1689
1526	2057
1526	5116
1526	6077
1526	6459
1526	8183
1526	8238
1526	8927
1526	9279
1527	1590
1527	2019
1527	2067
1527	2197
1527	2734
1527	3242
1527	3638
1527	4113
1527	4399
1527	6072
1527	7294
1527	9361
1529	1818
1529	1846
1529	2025
1529	4164
1529	6497
1530	3174
1530	4650
1530	5426
1530	8598
1530	8643
1531	7429
1531	8510
1532	1607
1532	3395
1532	4096
1532	9709
1533	1967
1534	5575
1535	1646
1535	1672
1535	3110
1535	4686
1535	6399
1535	8112
1535	9404
1536	5639
1537	3039
1538	1604
1538	5250
1538	6807
1538	7134
1538	9456
1538	9812
1539	2843
1539	6533
1540	1856
1540	2079
1540	2724
1540	8497
1541	3004
1541	4622
1541	5076
1541	5242
1541	8150
1541	9921
1544	1814
1544	8523
1545	1586
1545	2109
1545	2330
1545	3133
1545	3415
1545	3993
1545	4229
1545	5014
1545	7613
1546	5840
1546	9151
1547	6705
1547	8119
1548	2567
1548	3355
1548	3699
1548	4438
1548	5678
1548	6677
1548	7036
1548	7572
1548	7673
1548	8078
1548	8372
1548	8893
1549	1747
1549	2571
1549	3046
1549	3578
1549	3703
1549	4177
1549	5194
1549	6378
1549	7349
1550	1724
1550	3686
1550	4486
1550	4519
1550	5299
1550	5622
1550	9505
1551	2419
1551	2605
1551	2881
1551	3287
1551	4192
1551	4283
1551	5570
1551	6873
1551	7810
1552	7144
1552	9347
1553	1908
1553	3180
1553	4423
1553	4528
1553	8176
1553	9626
1554	3052
1554	3378
1554	5932
1554	7895
1554	9342
1555	2721
1555	3058
1556	1580
1556	2096
1556	2320
1556	3193
1556	5825
1556	6954
1556	9353
1557	2809
1557	7301
1557	7649
1558	3846
1558	7048
1559	1757
1559	2066
1559	4175
1559	4296
1559	6196
1559	7271
1559	8678
1559	8785
1560	2095
1560	2783
1560	4804
1560	5596
1560	6762
1560	7874
1560	8646
1560	9683
1561	8405
1561	8681
1563	1926
1563	2090
1563	4395
1564	2222
1564	4938
1565	1777
1565	2282
1565	3063
1565	5967
1565	6346
1565	6485
1566	1663
1566	1706
1566	5315
1566	5529
1566	5860
1566	6316
1566	8500
1566	9954
1567	1598
1567	1723
1567	2547
1567	2877
1568	5812
1569	1868
1569	3981
1569	4767
1569	5620
1569	6993
1569	7292
1569	8587
1569	9688
1570	2377
1570	2423
1570	2956
1570	5115
1571	1879
1571	4871
1571	5494
1571	6894
1572	1849
1572	1855
1572	2651
1572	2844
1572	3034
1572	4680
1572	4914
1572	8090
1572	8691
1573	2114
1573	2300
1573	2548
1573	4185
1573	5635
1573	9178
1574	5298
1574	5911
1575	1899
1575	1917
1575	2130
1575	2198
1575	2376
1575	2653
1575	3016
1575	3127
1575	3172
1575	3182
1575	3305
1575	3892
1575	4382
1575	4383
1575	4473
1575	4508
1575	5829
1575	8154
1575	8646
1576	2102
1576	2479
1576	2585
1576	2781
1576	3601
1576	3807
1576	4798
1576	5978
1576	7023
1576	8799
1576	9062
1576	9073
1576	9076
1577	1586
1577	1882
1577	2205
1577	2704
1577	2768
1577	2837
1577	3203
1577	3613
1577	8751
1577	8842
1577	8963
1577	8972
1579	2333
1579	5132
1579	5585
1579	6089
1579	8235
1579	8813
1580	2526
1580	8742
1581	2276
1581	2503
1581	2729
1581	3038
1581	3095
1581	4200
1581	4606
1581	5844
1581	6886
1581	7389
1581	7780
1581	9562
1582	1624
1582	3273
1582	3684
1582	4790
1582	7326
1583	1736
1583	2284
1583	2820
1583	3246
1583	3860
1583	4512
1583	4828
1583	5119
1583	8044
1583	8794
1583	9883
1584	3214
1584	3913
1584	7446
1584	8314
1585	2492
1585	2795
1585	3685
1585	4433
1585	9544
1586	4512
1586	5498
1587	2482
1587	3021
1587	4907
1587	4987
1587	5830
1587	7637
1588	2435
1588	6783
1588	6984
1588	7112
1588	8080
1588	9099
1589	1890
1589	2010
1589	2185
1589	2647
1589	3375
1589	4483
1589	4543
1589	6664
1589	6764
1589	7714
1589	8145
1589	9898
1590	3082
1590	5695
1591	1736
1591	4732
1591	4881
1591	7338
1591	7896
1592	2093
1592	2194
1592	2262
1592	3356
1592	3459
1592	3705
1592	5731
1592	6170
1592	6298
1592	8305
1593	4936
1593	7428
1594	1846
1594	2152
1594	3006
1594	3691
1594	6813
1594	8280
1594	9388
1595	2837
1595	4197
1595	6448
1596	3929
1596	5315
1596	6524
1596	7455
1597	1659
1597	1698
1597	1782
1597	2414
1597	3049
1597	3153
1597	3217
1597	3236
1597	5560
1597	6134
1597	6380
1597	8270
1598	6156
1598	8096
1599	2008
1599	4637
1599	5424
1599	8599
1600	1623
1600	2712
1601	2239
1601	2817
1601	8674
1602	5391
1603	3623
1603	4751
1603	6304
1603	6892
1604	5863
1605	1932
1605	3818
1605	4271
1605	6896
1605	8263
1605	8390
1605	9005
1605	9909
1607	1759
1607	3651
1607	6785
1608	3217
1608	4366
1608	4730
1609	1652
1609	3393
1609	4165
1609	4982
1609	7464
1610	1618
1610	2267
1610	2550
1610	5712
1610	6739
1611	7411
1611	9656
1612	4437
1612	6146
1612	6493
1612	8023
1612	9116
1613	3338
1613	3938
1613	4827
1613	5004
1613	5120
1613	5385
1613	7890
1613	8217
1614	2051
1614	2242
1614	2272
1614	2453
1614	2472
1614	8593
1615	1788
1615	2413
1615	2630
1615	2637
1615	5409
1615	5658
1615	5723
1615	6069
1615	6989
1615	7208
1615	9712
1616	2418
1616	2645
1616	3086
1617	6628
1618	2514
1618	3285
1618	4688
1618	6643
1618	7822
1618	7944
1618	9946
1619	8851
1620	1775
1620	4333
1620	7185
1621	2385
1621	3925
1622	2656
1622	2751
1622	2964
1622	3545
1622	4527
1622	5546
1622	6349
1622	7422
1622	7647
1622	8906
1623	3977
1623	4251
1623	4981
1623	8117
1623	8855
1624	2133
1624	4221
1624	5124
1624	7990
1625	2361
1625	6797
1625	9813
1626	2939
1626	3444
1626	4461
1626	4763
1626	4801
1626	7221
1627	2282
1627	2647
1627	2847
1627	3262
1627	3729
1627	5898
1627	9247
1628	3095
1628	3913
1628	5101
1628	5252
1628	5386
1628	5744
1629	2084
1629	4187
1629	4333
1629	4741
1629	5769
1629	6817
1629	7206
1629	9347
1630	2385
1630	2425
1630	3126
1630	3253
1630	3653
1630	3921
1630	6254
1630	7619
1630	9774
1631	1787
1631	2430
1631	4523
1631	4583
1631	6552
1631	8159
1631	9800
1632	1662
1632	4308
1632	6360
1632	7103
1632	8376
1632	8904
1633	3745
1633	6766
1633	8760
1633	8915
1634	1951
1634	2500
1634	4238
1634	5934
1634	6098
1634	7534
1634	7852
1634	8447
1634	9985
1635	5872
1636	1805
1636	2429
1636	3823
1636	8074
1637	2030
1637	2222
1637	5382
1637	6751
1637	6985
1637	8018
1637	8235
1637	8415
1637	8530
1638	2935
1638	3429
1638	3966
1638	4035
1638	6639
1638	6814
1639	1779
1639	2562
1639	3756
1640	1794
1640	2944
1640	4501
1640	6655
1641	2269
1641	3245
1641	4864
1641	6358
1641	8404
1641	9049
1642	2953
1642	3575
1642	7136
1643	1784
1643	3084
1643	3085
1643	4661
1643	7521
1643	8937
1643	9649
1644	2269
1644	3279
1644	3748
1644	4411
1644	5167
1645	5518
1645	6227
1646	1768
1646	3024
1646	4304
1646	5543
1646	6270
1647	2106
1647	4408
1647	5855
1647	6646
1648	3655
1648	4832
1648	5848
1648	8390
1649	2791
1649	3177
1649	3404
1649	3530
1649	3993
1649	6693
1649	7941
1650	1652
1650	1796
1650	2821
1650	5271
1650	7811
1650	8882
1651	2513
1651	5208
1651	5630
1651	7114
1651	7482
1652	1763
1652	2016
1652	5936
1652	8224
1652	8746
1653	2407
1653	2475
1653	3283
1653	3604
1653	8893
1653	9344
1655	3104
1655	7836
1655	9776
1656	1916
1656	2201
1656	2339
1656	3103
1656	6275
1656	6682
1656	7623
1657	2053
1657	3718
1657	5226
1657	5427
1657	6674
1658	1848
1658	3299
1658	5279
1658	5995
1658	9548
1659	7298
1660	5518
1660	5624
1660	7114
1661	5640
1662	2822
1662	2948
1662	3185
1662	3553
1662	3713
1662	4739
1662	8222
1662	9261
1663	2778
1663	3702
1663	4736
1663	5627
1663	7454
1663	7795
1664	3881
1664	4320
1664	7392
1664	7735
1665	2299
1665	5904
1665	8912
1666	2852
1666	3266
1666	3454
1666	4402
1666	9767
1667	2745
1667	3826
1667	7950
1667	8718
1668	2487
1668	4460
1668	7915
1669	2582
1669	3219
1669	3799
1669	4669
1669	5545
1670	5932
1671	2280
1671	2999
1671	3441
1671	7969
1672	2221
1672	2445
1672	2601
1672	2728
1672	3363
1672	4872
1672	5009
1672	5307
1672	8321
1673	1814
1673	7299
1673	7818
1674	6471
1675	5150
1675	5824
1676	2779
1676	3876
1676	6342
1676	7284
1677	2379
1677	2632
1677	5418
1677	5485
1677	6316
1677	8165
1677	9370
1678	1922
1678	3251
1678	6646
1678	7491
1678	8324
1678	8414
1678	9230
1679	1745
1679	1824
1679	1831
1679	2276
1679	2422
1679	2563
1679	2586
1679	3776
1679	5625
1679	8857
1679	9146
1679	9605
1680	8262
1681	1793
1681	2854
1681	3971
1681	4193
1681	5646
1681	9782
1682	1838
1682	2280
1682	5178
1683	2439
1683	5110
1683	8920
1684	2510
1684	3606
1684	7973
1684	8440
1684	9301
1685	2136
1685	2387
1685	2798
1685	2810
1685	3450
1685	3609
1685	4070
1685	5505
1685	6349
1685	7290
1685	8466
1685	8487
1685	8614
1686	3509
1686	7430
1686	7932
1686	8275
1687	1712
1687	2059
1687	2201
1687	2216
1687	2399
1687	3041
1687	3709
1687	4892
1687	4966
1687	8221
1687	9992
1687	9994
1688	3355
1688	5839
1688	9162
1688	9735
1689	1978
1689	3152
1689	3233
1689	3541
1689	3688
1689	5195
1689	6110
1689	6190
1689	7990
1689	8125
1690	1941
1690	5465
1691	1695
1691	2036
1691	2638
1691	5492
1691	9067
1691	9291
1693	4092
1693	6122
1694	1720
1694	3467
1694	3559
1694	4278
1694	4883
1695	6001
1696	2037
1696	3073
1696	3579
1696	3955
1696	7152
1696	8362
1696	9084
1697	1878
1697	3469
1697	7004
1697	7578
1697	8158
1697	9318
1698	2142
1698	2959
1698	5114
1698	5749
1700	4492
1701	5211
1701	6538
1702	3353
1702	6334
1703	1979
1703	4757
1703	4959
1703	6087
1703	7487
1703	8508
1703	8778
1703	9462
1704	1785
1704	2136
1704	2300
1704	2470
1704	2777
1704	2850
1704	3182
1704	3271
1704	4261
1704	4567
1704	4820
1704	5268
1704	6695
1704	8238
1704	9030
1704	9563
1705	4344
1705	5036
1705	6272
1706	2050
1706	2882
1706	7958
1707	2506
1707	4525
1707	4931
1707	7724
1707	9641
1708	7150
1708	8779
1709	5899
1709	9258
1710	1971
1710	2066
1710	2308
1710	2542
1710	2917
1710	3801
1710	4419
1710	5063
1710	6296
1710	6405
1710	7979
1711	2174
1711	7898
1712	3437
1712	4735
1712	6389
1712	9105
1712	9254
1712	9813
1713	1944
1713	2260
1713	2337
1713	2687
1713	2912
1713	3037
1713	3243
1713	3334
1713	4001
1713	4326
1713	4465
1713	5345
1713	5400
1713	6010
1713	6226
1713	6898
1713	7069
1713	7752
1713	8277
1713	8492
1713	8643
1713	8954
1713	9879
1713	9941
1714	2972
1714	4640
1714	5844
1714	8032
1715	2326
1715	2679
1715	4106
1715	4236
1716	9297
1716	9634
1716	9982
1717	3095
1717	5982
1717	9461
1718	4635
1718	5083
1719	2271
1719	3978
1719	4810
1719	7706
1720	2295
1720	2909
1720	3769
1720	4374
1720	6166
1720	8973
1721	2385
1722	1911
1722	9875
1723	4387
1723	4988
1723	5187
1723	6600
1724	3634
1724	9225
1725	8848
1725	9602
1726	1925
1726	7274
1726	8440
1727	1735
1727	1923
1727	2841
1727	3123
1727	3195
1727	3329
1727	3408
1727	5319
1727	5668
1727	5950
1727	6529
1727	7006
1727	7041
1727	7290
1727	7660
1728	2718
1728	5638
1728	9264
1729	2608
1729	2840
1729	6247
1729	7901
1729	8036
1729	9956
1730	2619
1730	2641
1730	3770
1730	5587
1730	7878
1731	2931
1731	3531
1731	4152
1731	5862
1731	6712
1731	6866
1731	7152
1731	7834
1732	7249
1733	2106
1733	2789
1733	4749
1733	7711
1734	8044
1735	3035
1735	4122
1736	4198
1736	5105
1736	5626
1737	4886
1737	5955
1737	6494
1737	6520
1737	8447
1737	9686
1738	4289
1738	5789
1738	6959
1738	9849
1738	9909
1739	3535
1739	3786
1739	9405
1740	5294
1740	8410
1741	3261
1741	5192
1741	5857
1741	6356
1742	4279
1742	4805
1742	6642
1743	2312
1743	2541
1743	2973
1743	4265
1743	7755
1743	8110
1744	4875
1744	5636
1744	7639
1744	8163
1744	8925
1744	9500
1745	8737
1746	2003
1746	2069
1746	2353
1746	4004
1746	4325
1746	5218
1746	5263
1746	8131
1746	8141
1746	8980
1746	9078
1746	9570
1746	9739
1747	2056
1747	4463
1747	9593
1748	2833
1748	3679
1748	5304
1748	5859
1748	5944
1748	7301
1749	3883
1749	9252
1750	3254
1750	8261
1751	2593
1751	2793
1751	4128
1752	3242
1753	7390
1754	6217
1754	7092
1754	9694
1755	6539
1756	2100
1756	2467
1756	2528
1756	2635
1756	2699
1756	3008
1756	3137
1756	3449
1756	3963
1756	4359
1756	4558
1756	5156
1756	5222
1756	6593
1756	7821
1756	9904
1758	4961
1759	2586
1759	2624
1759	3284
1759	3556
1759	3886
1760	3401
1760	4967
1760	7542
1760	7584
1761	9018
1762	2396
1762	3645
1762	5812
1762	8076
1763	2694
1763	2932
1763	4211
1763	4984
1763	5144
1763	5465
1763	5721
1763	8208
1763	8504
1763	8994
1764	2839
1764	8336
1764	9014
1764	9212
1765	2583
1765	4805
1765	5368
1765	6261
1765	7970
1766	1969
1766	5141
1766	6875
1767	3065
1767	4445
1767	4642
1767	7071
1768	5028
1769	2608
1769	3059
1770	4548
1770	4931
1770	6112
1770	6434
1770	7375
1770	8344
1771	2612
1771	7153
1771	9836
1772	4541
1773	1974
1773	2463
1773	3255
1773	3946
1773	5808
1773	7744
1774	2640
1774	3134
1774	6696
1774	7810
1774	9313
1775	1797
1775	1918
1775	3935
1775	3938
1775	5251
1775	5296
1775	6074
1775	6448
1775	6838
1775	9684
1776	2208
1776	4544
1776	5580
1776	9617
1777	1918
1777	2017
1777	2051
1777	2639
1777	6110
1778	8557
1778	8973
1778	9853
1778	9995
1779	3252
1780	3646
1780	6120
1781	9586
1782	2669
1782	7580
1783	2543
1783	3445
1783	8190
1783	8631
1783	9214
1783	9915
1784	2185
1784	5485
1785	2105
1785	2592
1785	7126
1785	9315
1786	2274
1786	5265
1786	5551
1786	5718
1787	2995
1787	3462
1787	5996
1787	6327
1787	6856
1787	8190
1788	2902
1789	2546
1789	3519
1789	3880
1789	4110
1789	7905
1790	2157
1791	1840
1791	4249
1791	9487
1792	2134
1792	3394
1793	2054
1794	1832
1794	2190
1794	2880
1794	7104
1794	7759
1794	8430
1795	2561
1795	4052
1795	6589
1795	7410
1795	8580
1795	9138
1796	1835
1796	2065
1796	2177
1796	3286
1796	4069
1796	5057
1796	6820
1796	9481
1797	3057
1797	3366
1797	4050
1797	6586
1797	8447
1798	2074
1798	3453
1798	6952
1798	7838
1798	7975
1799	2049
1799	2284
1799	2465
1799	2562
1799	7929
1800	2038
1800	5612
1801	3775
1801	4321
1801	6081
1801	6652
1801	7453
1801	9488
1802	2515
1802	5455
1803	2255
1803	2267
1803	4896
1803	6060
1804	8026
1805	2159
1805	2432
1805	2888
1805	3122
1805	4825
1805	4826
1805	7040
1806	2570
1806	3447
1806	3637
1806	4850
1806	5499
1806	6384
1806	7243
1807	2281
1807	2437
1807	3901
1807	6364
1807	8995
1808	5410
1810	1935
1810	2598
1810	3642
1810	5000
1810	5140
1810	8810
1810	9493
1811	3848
1811	3893
1811	4423
1811	5970
1811	6329
1811	6778
1811	7324
1811	7722
1811	8716
1811	9649
1811	9804
1813	3370
1813	9727
1814	1875
1814	1947
1814	2152
1814	2207
1814	3482
1814	3972
1814	5257
1814	5990
1814	7593
1814	8157
1814	9737
1815	6305
1817	2594
1817	3434
1817	4492
1818	4949
1818	5085
1818	5707
1818	6442
1818	8495
1818	9355
1819	2071
1819	5082
1819	5912
1820	3028
1820	3666
1820	3719
1821	1998
1821	8853
1822	3580
1823	2005
1823	8748
1824	3329
1824	4734
1824	6912
1824	8407
1825	2574
1825	3425
1825	3499
1825	3775
1825	3987
1825	4362
1825	4408
1825	4747
1825	5106
1825	5879
1825	6283
1825	7427
1825	7874
1825	8451
1825	8726
1825	8787
1827	2151
1827	8376
1827	9919
1828	3326
1828	3890
1828	8453
1829	3179
1829	4028
1830	3320
1830	4368
1830	5148
1830	5424
1830	8323
1830	8997
1830	9276
1830	9808
1831	1842
1831	2112
1831	3990
1831	4452
1831	4784
1832	2462
1832	2693
1832	5229
1832	5231
1832	6453
1832	9314
1832	9973
1833	7000
1834	2390
1834	2816
1834	6956
1834	7028
1835	2370
1835	3572
1835	5276
1835	7488
1835	9299
1835	9401
1836	9983
1837	2549
1837	2933
1838	3878
1839	8852
1840	7747
1841	4784
1841	5148
1841	7658
1842	1865
1842	2940
1842	5649
1842	8260
1842	9938
1843	1889
1843	2010
1843	3416
1843	3632
1843	5001
1843	5260
1843	5682
1843	5736
1843	6247
1843	7779
1844	2070
1845	3696
1845	4301
1845	5247
1845	6865
1845	6878
1845	8014
1845	8400
1845	9483
1846	2548
1846	2926
1846	5048
1846	7418
1846	9917
1847	2381
1847	3225
1847	5270
1847	6186
1848	3821
1848	7941
1848	8631
1848	8876
1849	5875
1849	8966
1850	2356
1850	3167
1850	4361
1850	6700
1850	9567
1851	3713
1851	4547
1851	7762
1852	2796
1852	6499
1852	7832
1853	2551
1853	3315
1853	5859
1853	7128
1853	7237
1853	9157
1854	2331
1854	2632
1854	4085
1854	4484
1854	9416
1855	2539
1855	4532
1855	9286
1855	9637
1856	7436
1856	7438
1856	9080
1857	3342
1857	5209
1857	5712
1857	9103
1858	1916
1858	1935
1858	2443
1858	3380
1858	3443
1858	4890
1858	4950
1858	5402
1858	5815
1858	6766
1858	9436
1858	9731
1859	3244
1859	6863
1861	2844
1861	3145
1861	4590
1861	5449
1861	9382
1863	1999
1863	2441
1863	3183
1863	4572
1863	7640
1864	2607
1864	4029
1864	5866
1865	4801
1865	5928
1866	2921
1866	8184
1867	2540
1867	4084
1867	5099
1867	8489
1867	8821
1867	9280
1868	2040
1868	2068
1868	2532
1868	3285
1868	3390
1868	4078
1868	4376
1868	7740
1868	8393
1868	9764
1869	7749
1869	8345
1869	8429
1870	2186
1870	2334
1870	2490
1870	3597
1870	4140
1870	7733
1870	9453
1871	2171
1871	3625
1871	3858
1871	5115
1871	5132
1872	1973
1872	2129
1872	3103
1872	5442
1872	5794
1872	7061
1872	7527
1872	7585
1874	2333
1874	2429
1874	2556
1874	2610
1874	2811
1874	3241
1874	3552
1874	4804
1874	5710
1874	6433
1874	6598
1874	6770
1874	6939
1874	7319
1874	7459
1874	7609
1874	7610
1874	7621
1874	7803
1874	9092
1875	2318
1875	3356
1875	3902
1875	5303
1875	6769
1876	3634
1876	4625
1876	7168
1876	7247
1877	2180
1877	4427
1877	6879
1877	9275
1877	9346
1877	9601
1877	9691
1879	2204
1879	2906
1879	3493
1879	6216
1879	6524
1879	8873
1880	2789
1880	3128
1880	3360
1880	9397
1880	9799
1881	4738
1882	2011
1882	2636
1882	3173
1882	3536
1882	4624
1882	5433
1882	9412
1883	2617
1883	3608
1885	5185
1885	5739
1885	6132
1885	6801
1885	7767
1885	8276
1885	8754
1885	8805
1885	8823
1885	9800
1886	2809
1886	2838
1886	5005
1886	7172
1886	8060
1886	9141
1887	2386
1887	2552
1887	2922
1887	3047
1887	3655
1887	5441
1887	6058
1887	7058
1887	7267
1887	9309
1888	1909
1888	2482
1888	3176
1888	3312
1888	5313
1888	8230
1888	8574
1888	8663
1888	9746
1889	9169
1891	2245
1891	2676
1891	4305
1891	4605
1891	6626
1891	7037
1892	5049
1893	2672
1894	5304
1895	7088
1896	2670
1896	2932
1896	3126
1896	3477
1896	4241
1896	4440
1896	4822
1896	5766
1896	6806
1896	9334
1897	1972
1897	2143
1897	2509
1897	5130
1897	7447
1897	9414
1897	9453
1898	6221
1898	6323
1898	8179
1899	2290
1899	2522
1899	2943
1899	3907
1899	4469
1899	4811
1900	2499
1900	3934
1900	4519
1900	4631
1901	2469
1901	4381
1901	6086
1901	9651
1902	2569
1902	2866
1902	6119
1902	6796
1902	7375
1902	7964
1902	8030
1902	8298
1902	9242
1903	2239
1904	2155
1904	2850
1904	5046
1904	5186
1904	6717
1904	8541
1905	3994
1905	6902
1905	7238
1905	8979
1905	9723
1906	3590
1906	4253
1906	7945
1906	8001
1907	1950
1907	3049
1907	8479
1907	9507
1907	9651
1908	2122
1908	3076
1908	4116
1909	6048
1909	9229
1909	9528
1910	2394
1910	4019
1910	4142
1910	5578
1912	2386
1912	2461
1912	3832
1912	4108
1912	4635
1912	4719
1912	7420
1912	8806
1914	2595
1914	6055
1914	7417
1914	7477
1914	8567
1914	8885
1914	9419
1915	1979
1915	4443
1915	4612
1915	5559
1915	6032
1915	6599
1915	6789
1916	2517
1916	5003
1916	5858
1916	9672
1917	4188
1917	7816
1917	8947
1918	4404
1919	8230
1920	2453
1920	6537
1920	7476
1920	7802
1921	2810
1922	2864
1922	8726
1922	8942
1923	2449
1923	4169
1923	5910
1923	6040
1924	2994
1924	2995
1924	4531
1924	4724
1924	4831
1924	5801
1924	6259
1924	7231
1924	7894
1925	2224
1925	4577
1925	5332
1925	7269
1925	7933
1925	8989
1926	4169
1926	4272
1926	4441
1926	6249
1926	7131
1926	8161
1927	2481
1927	7900
1928	2341
1928	2735
1928	2969
1928	3342
1928	4004
1928	4407
1928	6871
1928	7984
1928	9618
1929	2534
1929	2917
1929	5189
1929	6445
1930	3292
1930	4334
1930	7368
1931	2782
1931	3348
1931	5738
1931	6622
1932	2024
1932	2668
1932	3981
1932	4097
1932	4717
1932	6975
1932	7639
1932	8930
1933	8289
1933	9633
1934	3844
1934	4833
1934	7398
1934	7631
1934	9700
1934	9756
1935	3831
1935	5742
1935	7042
1936	2563
1936	5778
1936	6534
1936	7226
1936	7286
1936	7562
1936	8358
1936	8693
1936	9877
1937	2305
1937	3029
1937	7652
1937	7656
1937	8743
1938	3188
1938	4359
1938	5871
1938	6428
1938	6884
1938	7523
1939	3442
1939	4450
1939	5478
1939	6987
1939	7507
1939	8351
1939	9589
1940	2162
1940	2873
1940	3839
1940	5729
1940	6137
1940	6307
1940	7104
1940	8666
1941	4787
1941	5036
1941	5743
1942	5122
1942	6361
1943	3348
1943	8303
1943	9561
1944	3711
1944	7005
1944	8204
1944	8620
1945	2245
1945	3829
1946	2423
1946	2455
1946	5773
1947	2477
1947	2894
1947	6415
1948	2166
1948	2243
1949	2389
1949	3670
1949	4577
1949	5446
1949	9862
1950	4068
1950	6625
1950	7093
1951	2358
1952	3140
1952	6278
1952	6532
1953	4414
1954	1994
1954	2800
1954	2834
1954	2922
1954	3451
1954	9467
1955	1984
1955	4467
1955	5485
1955	9010
1956	2587
1956	3353
1956	3632
1956	4275
1956	4526
1956	7616
1956	8766
1956	9525
1957	3293
1957	3373
1957	4588
1957	6440
1958	3505
1958	4219
1958	6920
1958	8315
1958	8501
1959	8435
1959	8587
1960	8074
1961	5722
1961	9811
1962	5145
1963	3073
1963	3758
1963	4314
1964	2246
1964	3845
1965	4417
1965	9228
1966	3569
1966	4570
1966	6618
1966	9928
1967	2192
1967	8205
1967	8278
1968	2717
1968	2936
1968	3376
1968	7859
1969	2220
1969	5855
1969	8037
1969	9473
1970	4086
1970	4728
1970	5053
1971	2038
1971	2118
1971	2628
1971	3987
1971	5104
1971	7586
1971	9216
1971	9312
1972	2464
1972	2703
1972	3160
1972	3617
1972	5845
1972	9375
1973	4019
1973	5747
1973	6895
1973	8465
1974	2806
1974	6401
1975	2878
1975	3635
1975	7541
1975	9189
1976	3595
1976	3893
1976	4231
1976	7120
1976	7810
1977	8480
1977	9338
1978	2097
1978	2829
1978	3164
1978	5235
1979	4753
1980	4904
1980	8799
1980	9167
1981	2357
1981	4667
1981	4759
1981	5074
1981	5202
1981	5455
1981	8162
1982	2331
1982	2841
1982	5723
1982	6116
1982	7277
1983	4057
1983	5417
1983	9766
1984	2984
1985	8545
1986	5579
1987	2251
1987	2967
1987	4174
1987	5393
1987	5641
1987	6329
1987	7197
1987	7290
1987	7291
1987	7877
1987	8043
1987	8468
1987	8663
1987	9173
1988	3745
1988	3882
1988	3889
1988	3906
1988	4347
1988	5123
1988	5453
1988	5728
1988	5740
1988	6757
1988	6776
1988	6942
1988	7054
1988	7058
1988	8233
1989	2590
1989	4165
1989	4499
1989	4576
1989	6840
1989	7258
1989	8929
1989	9594
1990	2753
1990	4074
1991	2001
1991	5429
1991	9075
1992	4406
1992	5217
1992	5483
1992	5604
1992	7019
1992	9370
1993	3840
1993	7658
1993	9333
1993	9551
1995	2295
1995	4137
1995	4248
1995	5232
1995	5408
1995	7763
1995	9036
1996	2259
1996	2483
1996	3643
1996	3679
1996	6944
1997	4030
1997	5621
1997	6481
1997	8281
1997	8807
1997	9689
1998	2101
1998	2476
1998	5425
1999	2484
1999	2754
1999	2755
1999	7777
2000	2112
2000	7962
2000	8199
2001	3907
2001	3983
2001	5727
2001	8454
2002	2029
2002	6191
2002	7663
2003	7620
2003	9622
2004	8969
2005	4105
2005	5790
2005	8533
2005	9408
2006	2497
2006	4644
2006	5779
2006	7312
2006	9701
2007	3817
2007	5244
2007	6431
2007	7757
2007	8787
2007	9249
2008	5009
2008	7712
2009	2885
2009	3074
2009	4746
2009	5989
2010	2220
2010	2228
2010	2619
2010	3005
2010	3950
2010	4148
2011	2126
2011	5937
2013	2765
2013	3592
2013	5600
2016	2309
2016	2505
2016	3487
2016	6512
2016	6688
2016	9237
2016	9340
2017	2709
2017	3819
2017	4316
2017	5058
2017	5798
2018	3935
2018	3995
2018	5202
2018	5365
2018	5730
2019	3202
2019	5246
2019	5600
2019	7094
2020	2514
2020	7342
2020	8687
2020	9248
2021	2423
2021	2725
2021	2787
2021	2808
2021	3022
2021	3386
2021	6025
2021	6365
2021	6719
2021	7420
2021	8413
2021	8498
2021	8792
2021	8910
2022	2141
2022	4947
2022	5909
2023	2146
2023	2348
2023	3633
2023	8259
2024	2699
2024	3794
2024	7490
2024	9428
2025	2748
2025	5632
2026	2634
2027	2512
2027	3634
2027	7324
2027	7873
2027	8028
2027	8170
2028	3031
2029	5902
2029	7268
2030	2329
2030	4989
2030	8785
2031	3216
2031	4055
2031	5143
2031	7528
2031	8458
2031	9003
2032	4026
2032	4277
2032	4676
2032	4985
2033	7595
2033	8657
2033	9173
2033	9836
2034	6255
2034	6886
2034	9295
2034	9725
2035	2169
2035	3716
2035	7055
2035	9614
2036	3160
2036	3386
2036	4654
2036	5679
2036	5782
2036	8596
2037	7922
2037	8214
2037	8723
2037	9170
2038	2364
2038	4942
2038	5266
2038	8776
2039	2790
2039	3187
2039	7935
2039	8066
2039	9021
2039	9904
2040	3585
2040	4172
2040	4474
2040	5602
2040	6392
2040	7321
2040	8207
2040	8578
2041	3269
2041	3820
2041	6874
2041	7848
2041	9962
2042	6923
2042	7391
2043	4106
2043	8236
2043	8367
2043	9584
2043	9708
2044	2105
2044	3402
2044	4908
2046	3390
2046	3400
2046	3583
2046	5053
2046	5183
2046	5282
2046	6660
2046	6978
2046	7599
2046	8128
2047	4197
2047	5436
2047	9233
2048	2067
2048	2548
2048	2904
2048	5802
2048	8216
2048	8676
2048	9742
2049	6555
2049	6707
2050	8851
2051	2148
2051	3290
2051	3579
2051	6502
2051	9290
2052	2485
2052	5323
2053	3256
2053	5608
2053	9645
2054	3630
2054	4972
2055	3371
2055	6474
2057	2532
2057	4848
2058	2113
2058	2522
2058	3293
2058	5913
2058	5967
2058	5973
2059	4936
2059	6023
2059	7911
2059	8156
2059	9011
2060	8040
2061	3668
2061	5740
2061	7638
2061	8062
2061	9203
2062	3779
2062	7415
2062	7825
2063	3006
2063	3225
2063	5034
2063	6152
2063	6592
2063	8382
2064	2435
2064	4047
2064	4162
2064	4921
2064	4959
2065	2528
2065	2931
2065	3194
2065	3570
2065	3623
2065	5546
2065	5991
2065	6378
2065	8250
2066	2391
2066	3962
2066	4919
2066	5142
2066	6197
2067	4223
2067	7746
2068	8896
2068	9732
2069	3636
2069	5325
2070	3779
2070	6446
2071	2658
2071	2763
2071	3792
2071	4650
2071	4738
2071	5382
2071	6311
2072	3771
2072	5785
2072	8778
2073	2389
2073	2697
2073	4899
2073	5284
2073	6571
2073	9751
2074	4617
2074	4666
2074	4797
2074	5115
2074	6324
2074	7788
2074	7912
2075	4322
2075	7829
2076	8362
2076	9615
2076	9818
2076	9882
2077	5440
2077	5942
2077	6186
2077	8439
2077	8522
2079	2611
2079	3084
2079	4129
2079	4520
2079	4662
2079	4860
2079	5879
2079	6454
2079	8193
2079	8710
2079	9455
2080	3577
2080	4054
2080	5970
2080	7170
2081	8124
2081	8444
2082	6636
2082	6862
2082	7031
2083	2122
2083	8137
2084	2200
2084	3492
2085	3066
2085	3450
2085	4147
2085	4239
2085	4951
2086	4174
2086	6042
2086	7145
2087	2820
2088	2566
2088	5269
2088	5837
2088	7965
2089	2655
2089	3017
2089	3720
2089	4076
2089	5984
2089	9355
2090	2212
2090	3177
2090	4184
2090	6687
2091	5052
2091	5342
2091	5891
2092	2901
2093	3605
2093	4295
2094	4266
2094	6389
2095	4008
2095	8457
2096	5349
2096	6690
2097	2317
2097	3271
2097	4263
2097	9105
2098	9202
2099	2406
2099	3341
2099	3729
2099	4591
2099	4663
2099	5396
2099	5481
2100	2254
2100	3918
2100	4552
2100	4805
2100	5209
2100	5554
2100	6816
2100	8598
2101	2259
2101	2285
2101	3289
2101	4006
2101	6702
2101	8639
2102	5698
2102	6367
2103	2573
2103	2739
2103	2983
2103	3397
2103	3481
2103	4012
2103	4326
2103	4405
2103	4665
2103	7346
2104	2134
2104	2750
2104	3588
2104	3651
2104	4866
2104	7634
2104	8756
2104	9298
2105	2189
2105	2575
2105	3259
2105	4004
2105	4305
2105	4340
2105	4550
2105	4925
2105	5143
2105	7639
2105	7876
2106	2523
2106	2550
2106	2593
2106	2687
2106	4699
2106	6131
2106	6163
2106	7910
2106	8700
2106	9840
2106	9976
2107	3980
2107	4412
2107	4678
2107	8109
2108	4283
2108	4347
2108	5035
2111	2808
2111	3818
2111	7092
2112	2671
2112	5748
2112	8061
2112	8341
2113	7329
2114	6826
2115	2232
2115	5212
2115	6434
2115	6555
2115	7017
2116	8417
2117	3229
2117	5488
2119	4088
2119	5191
2119	6299
2120	2354
2121	7791
2121	7904
2122	2219
2122	3399
2122	3678
2122	4679
2122	4780
2122	6244
2122	6766
2122	8003
2123	6450
2123	6967
2123	8407
2123	9082
2123	9802
2124	2986
2124	3070
2124	6057
2124	6172
2125	5809
2125	6703
2125	7444
2125	7684
2125	9158
2126	2348
2126	2665
2126	3120
2126	3694
2126	3854
2126	5916
2126	6788
2127	2913
2127	5302
2127	8283
2128	2494
2128	5722
2128	5838
2128	9673
2129	2485
2129	4520
2129	5067
2129	5931
2129	6737
2129	8264
2129	9377
2129	9986
2130	3786
2130	5477
2131	5622
2131	8139
2132	2973
2132	3179
2132	3191
2132	3254
2132	6557
2132	7507
2132	7554
2132	7912
2132	9120
2134	2576
2134	2931
2134	3131
2134	3674
2134	4011
2134	4630
2134	4744
2134	8623
2134	9454
2135	6848
2136	2767
2136	3745
2136	4500
2136	9678
2137	3449
2137	3503
2137	5857
2138	3463
2138	3478
2138	3665
2138	3698
2138	4236
2138	4423
2139	2517
2139	2680
2139	3830
2139	4866
2139	5109
2139	6068
2139	9959
2140	6248
2142	3694
2142	6833
2142	7133
2142	7406
2143	2328
2143	4209
2143	6923
2144	2419
2144	2985
2144	3425
2144	4867
2144	5339
2144	5789
2144	5854
2144	6061
2144	6243
2144	9019
2144	9177
2145	6933
2146	2501
2146	5496
2146	5595
2146	6560
2146	6611
2146	7782
2146	9065
2147	2601
2147	2701
2147	7824
2147	9490
2147	9748
2148	4377
2148	9806
2149	7196
2149	8703
2150	3169
2150	5034
2150	8242
2150	9466
2151	2224
2151	3267
2151	8336
2151	9997
2152	2282
2152	2420
2152	3165
2152	3825
2152	4942
2152	7428
2152	8133
2153	3700
2153	3733
2153	5197
2153	6886
2153	9969
2155	3058
2155	3956
2156	2401
2156	2740
2156	4505
2157	3847
2157	8171
2158	2727
2158	3031
2158	3205
2158	3380
2158	8844
2159	3100
2159	4267
2160	2315
2160	3521
2161	3280
2161	3682
2161	6591
2161	6815
2161	7563
2161	8880
2161	9102
2162	3948
2162	5911
2162	7552
2162	9266
2163	5848
2164	4190
2164	5106
2164	5604
2164	9146
2165	5175
2165	6711
2166	2412
2166	5255
2166	7930
2166	8063
2166	9329
2167	2623
2167	2886
2167	4042
2168	2655
2168	9247
2168	9380
2168	9816
2170	2968
2170	4120
2170	4361
2170	7930
2171	7510
2171	9196
2172	2727
2172	5447
2172	5558
2172	5863
2172	7229
2172	9592
2172	9967
2173	3433
2173	3915
2174	3601
2174	3642
2174	7106
2174	9793
2175	4638
2177	2246
2177	3570
2177	3836
2177	5205
2177	5215
2177	6123
2177	6457
2177	8196
2178	2308
2178	2410
2178	3360
2178	5391
2178	6200
2178	8063
2178	8630
2178	9512
2178	9985
2179	8853
2180	7862
2181	3068
2181	5507
2181	6558
2182	2498
2182	4452
2183	3493
2183	4114
2183	5156
2183	5885
2183	6151
2184	2350
2185	2518
2185	3120
2185	9357
2186	3853
2186	5193
2186	6304
2187	3762
2187	5344
2187	9198
2187	9957
2188	2894
2188	4349
2188	6013
2188	7756
2188	9398
2189	4048
2189	5816
2189	7032
2190	2889
2190	4565
2190	7661
2190	7815
2190	7966
2191	4920
2191	5165
2191	5272
2191	7203
2191	8730
2192	3404
2192	4103
2193	2393
2193	2545
2193	5159
2193	5331
2193	7717
2194	3872
2194	5806
2194	8569
2195	4121
2195	7978
2196	3168
2196	3241
2196	3339
2196	5225
2196	7258
2197	5757
2197	6538
2197	6578
2198	2939
2198	3832
2198	5680
2198	7846
2198	8164
2198	8535
2199	2649
2199	8363
2199	9696
2199	9723
2200	3070
2201	2697
2201	4801
2201	8058
2202	3203
2202	4299
2202	4473
2203	2467
2203	4477
2203	5309
2203	8364
2204	4205
2204	4954
2204	5088
2204	6020
2205	3444
2206	2630
2207	2265
2207	2671
2207	3456
2207	3721
2207	6235
2207	6549
2208	2516
2208	3102
2210	2891
2210	3894
2210	5794
2210	6444
2211	2505
2211	2895
2211	3023
2211	5219
2211	5314
2211	5504
2211	5628
2211	6218
2211	6256
2211	7257
2212	2390
2212	6978
2212	7528
2212	7851
2216	2748
2216	3238
2216	3733
2216	6849
2216	9070
2216	9369
2218	2650
2218	3431
2219	2626
2219	2957
2220	7812
2221	2990
2221	6216
2221	9336
2222	2393
2223	2742
2223	5804
2223	8453
2224	3774
2224	5741
2225	2417
2225	2430
2225	2967
2225	4100
2225	4829
2225	5249
2225	8617
2225	9268
2225	9454
2225	9794
2226	5290
2226	5774
2226	8369
2226	9154
2226	9644
2228	2875
2229	8353
2230	7038
2231	4729
2231	8121
2231	8465
2232	8396
2232	9765
2233	4768
2233	5978
2233	6325
2233	6865
2234	3212
2234	4701
2234	5540
2235	3587
2235	3620
2235	3842
2235	6102
2235	8169
2236	2604
2236	4103
2236	4884
2237	6025
2238	6296
2238	8136
2238	8748
2239	8283
2240	2529
2240	5782
2240	6208
2240	6870
2240	7927
2240	8516
2240	8657
2240	8841
2240	9060
2240	9960
2241	2431
2241	3349
2241	4756
2241	5235
2241	6182
2241	6556
2241	6568
2241	7872
2241	8400
2241	8961
2241	9700
2242	2287
2242	2654
2242	3489
2242	5657
2242	7898
2243	2954
2243	3001
2243	4413
2243	4469
2243	5351
2243	6229
2244	9564
2246	2521
2246	3463
2246	4649
2246	9277
2247	2355
2247	2427
2248	4886
2248	6027
2248	9458
2250	3606
2250	3659
2251	8071
2252	2923
2252	7640
2254	5546
2255	8421
2255	9215
2255	9603
2256	6033
2256	6520
2257	3255
2257	5401
2258	3089
2258	4628
2258	9180
2259	2680
2259	2905
2259	4107
2259	6200
2259	7881
2260	3163
2260	4909
2261	6525
2261	8352
2262	4233
2262	4306
2262	4655
2262	6125
2262	6285
2262	9178
2263	4006
2263	4447
2263	4745
2263	5117
2263	5569
2263	6804
2263	6808
2263	8720
2264	6094
2265	2945
2265	5291
2265	6508
2265	7360
2265	8567
2266	2818
2266	3005
2266	6002
2266	6805
2266	7115
2266	8016
2266	8149
2267	2345
2267	4194
2267	7500
2267	7665
2267	7752
2267	8390
2267	9232
2268	3550
2268	8919
2269	3160
2269	3479
2269	4303
2269	5411
2269	6531
2269	9697
2271	4925
2271	5320
2271	5469
2271	6441
2271	8616
2271	8981
2272	2812
2273	3156
2273	3584
2273	8142
2274	3136
2274	4725
2274	5826
2274	8035
2274	8745
2274	8933
2276	4459
2276	4996
2276	5088
2276	9311
2276	9440
2277	2772
2277	3359
2277	4033
2277	8709
2277	8807
2277	9181
2278	7015
2279	2322
2279	2892
2279	3132
2279	3206
2279	3612
2279	3899
2279	4026
2279	4151
2279	4517
2279	5234
2279	6099
2279	6835
2279	7896
2279	9160
2279	9472
2279	9879
2279	9983
2280	5250
2280	5384
2280	6152
2280	6359
2280	6502
2280	8443
2280	8682
2280	9494
2281	4424
2281	5504
2281	7867
2282	6719
2283	3223
2283	5550
2284	2738
2284	3612
2284	4577
2285	2650
2285	3208
2285	3496
2285	6469
2285	8647
2285	8978
2285	9381
2285	9864
2286	3905
2286	4715
2286	4859
2286	4980
2286	5245
2286	5333
2286	6575
2286	6591
2286	8049
2286	8381
2286	9835
2287	2424
2287	3019
2287	5077
2288	6091
2289	3365
2289	4624
2289	5673
2289	7024
2290	5956
2290	9948
2291	4142
2292	3171
2292	5349
2292	5561
2292	6376
2294	4872
2294	5576
2294	7968
2295	8559
2295	8603
2295	9311
2296	2460
2297	4160
2297	7485
2298	2336
2298	6518
2298	6975
2299	2611
2299	4468
2299	4612
2299	5492
2299	7457
2299	9471
2300	5300
2300	7235
2300	8890
2301	2527
2301	2995
2301	3696
2301	4471
2301	5379
2301	5509
2302	3847
2302	3851
2302	3900
2302	4021
2302	6379
2302	8046
2302	9616
2303	4292
2305	2459
2305	3514
2305	9263
2306	4013
2306	7239
2307	2600
2307	2961
2307	3123
2307	3759
2307	5302
2307	6504
2307	9550
2309	2992
2309	4780
2310	3077
2310	4365
2310	4452
2310	5272
2310	5919
2310	6412
2310	7522
2310	7578
2310	9547
2311	3185
2311	3819
2311	9979
2312	2405
2312	2761
2312	3158
2312	3603
2312	4133
2312	4748
2312	4769
2312	5196
2312	7805
2312	9119
2313	3077
2313	4350
2314	3026
2316	2663
2316	3678
2316	4042
2316	4046
2316	7857
2317	2446
2317	2813
2317	3322
2317	4005
2317	4681
2318	2361
2318	3336
2318	3565
2318	3593
2318	3806
2318	5234
2318	7148
2318	7679
2318	8108
2318	8378
2318	8398
2318	9886
2319	4055
2319	4977
2319	7488
2319	8135
2320	8638
2321	5196
2321	6481
2321	8056
2321	9352
2321	9520
2321	9838
2322	6453
2322	9969
2323	3089
2323	3811
2323	5226
2323	5588
2323	5757
2324	4932
2324	5537
2324	6440
2324	6740
2324	7263
2324	9140
2325	3764
2327	2739
2327	3198
2327	3444
2327	4971
2327	5210
2327	5246
2327	5288
2327	6704
2327	6755
2327	8359
2327	8449
2327	8882
2328	2723
2328	2751
2328	4170
2328	5164
2328	5647
2328	6119
2328	6179
2328	6508
2328	8068
2328	8116
2328	8705
2329	3079
2329	3878
2329	5855
2329	6301
2329	6512
2329	7874
2329	8295
2329	8495
2329	9045
2330	2447
2330	3563
2331	3958
2331	5489
2331	7615
2331	7940
2332	9083
2333	6225
2334	7887
2335	2942
2335	3312
2335	3709
2335	3752
2335	3980
2335	4573
2335	5276
2335	6152
2335	6404
2335	6656
2337	2730
2337	4580
2337	4676
2337	7773
2337	9809
2338	3086
2338	4468
2338	5502
2338	9610
2339	3522
2339	3649
2340	6353
2341	2564
2341	6154
2341	7060
2342	4172
2342	7760
2343	3989
2343	5396
2344	3163
2344	3438
2344	5947
2345	2511
2345	2746
2345	3862
2345	5772
2345	6980
2345	8354
2345	9997
2346	2544
2346	3866
2346	7319
2346	7663
2346	8728
2346	9572
2347	4266
2347	8800
2348	3391
2348	4937
2348	6870
2349	2484
2349	3859
2349	4621
2349	5609
2350	9685
2351	2468
2351	3039
2351	4130
2351	4137
2351	6713
2351	8179
2351	9096
2352	8759
2353	2402
2353	2907
2353	5716
2353	8598
2353	8703
2354	2451
2354	2591
2354	2772
2354	3142
2354	3567
2354	3742
2354	3867
2354	4836
2354	5897
2354	6042
2354	6187
2354	7288
2354	8438
2354	8799
2355	3834
2355	8816
2356	2519
2356	3613
2356	4099
2356	5717
2356	6052
2356	7371
2357	6290
2357	6607
2357	6738
2358	2685
2358	3017
2359	4612
2359	5320
2361	5695
2361	7764
2362	3480
2362	4448
2362	5666
2362	5747
2362	9242
2363	4830
2363	6702
2364	7676
2366	2452
2366	5948
2366	6032
2366	7800
2367	9161
2368	6979
2369	4841
2369	7669
2369	7968
2370	4369
2370	6711
2370	8185
2371	2950
2371	3387
2371	9124
2372	3949
2372	5837
2372	8319
2372	9427
2373	3078
2373	3168
2373	4564
2373	4676
2373	6057
2373	6324
2373	8644
2373	9736
2374	2736
2374	4856
2374	7635
2374	9324
2375	5553
2378	5155
2379	3013
2379	4289
2379	6538
2379	7927
2379	9101
2379	9660
2379	9962
2380	2953
2380	5046
2380	5208
2380	6836
2380	7174
2380	8311
2381	8534
2382	3041
2382	3109
2382	8115
2382	9184
2383	7708
2384	2829
2384	2960
2384	3909
2384	5301
2384	8737
2385	3590
2385	6516
2385	7807
2385	8494
2385	9831
2386	5916
2386	6862
2386	8126
2386	8457
2386	8618
2387	9675
2388	6498
2388	7030
2388	8129
2388	9032
2389	3244
2389	8100
2390	5042
2390	6756
2391	3083
2391	4206
2391	4213
2391	6308
2391	7781
2392	4975
2393	3498
2393	3917
2393	5720
2393	6542
2393	6857
2393	7071
2394	4623
2394	5694
2394	5976
2394	6341
2394	8679
2394	9262
2395	3129
2395	6085
2395	8936
2396	6247
2397	3331
2397	5389
2397	8360
2398	2441
2398	3331
2398	3439
2398	8244
2398	8331
2398	9515
2399	2989
2399	4579
2399	6078
2400	5153
2401	9434
2403	5121
2403	5367
2403	5849
2403	6119
2404	2666
2404	6215
2405	3043
2407	4657
2407	4712
2407	6868
2408	6320
2409	3505
2409	3620
2409	6222
2409	7693
2409	8088
2409	8904
2410	2787
2410	4105
2410	6212
2410	7137
2410	8655
2410	8670
2411	4749
2411	6627
2411	6835
2411	8808
2412	7845
2412	9603
2413	3571
2413	4759
2413	6571
2413	7380
2413	8294
2413	8429
2413	9373
2414	5043
2416	2851
2416	4047
2416	4887
2416	6004
2416	6220
2416	6940
2416	8583
2416	9730
2417	3176
2417	3946
2417	5400
2418	3556
2419	2812
2419	2909
2419	4968
2419	5827
2421	8437
2422	3231
2422	5105
2424	2669
2424	2997
2424	4744
2424	5093
2424	8360
2425	2434
2425	5373
2425	6419
2425	8854
2425	9630
2426	4500
2426	4697
2426	4721
2426	5476
2426	6705
2426	7813
2427	2882
2427	3510
2427	4037
2427	4665
2427	7306
2427	7949
2427	8071
2428	7024
2429	3647
2429	3971
2429	3992
2429	5305
2429	5680
2429	6950
2429	9388
2429	9439
2430	3296
2430	3411
2430	6958
2430	7960
2430	8532
2430	8923
2430	9259
2431	5410
2431	9896
2432	3750
2432	8715
2433	2697
2433	3722
2433	4309
2433	7908
2433	8969
2434	2713
2434	2777
2434	3113
2434	7286
2435	2803
2435	3075
2435	8070
2436	8134
2436	8488
2436	9134
2436	9688
2437	5544
2437	6414
2438	2800
2438	3267
2438	5519
2439	3175
2439	3201
2439	3625
2439	4263
2439	5777
2442	3999
2442	4119
2442	4305
2442	5251
2442	7474
2443	8118
2443	9054
2444	4946
2444	5619
2444	6960
2444	9273
2445	6341
2446	4085
2446	4628
2446	6820
2446	7276
2447	4892
2447	5825
2447	8367
2448	6895
2449	2568
2449	6427
2449	8849
2450	2616
2450	2758
2450	3030
2450	3119
2450	6385
2451	6967
2453	3189
2453	4323
2453	5990
2453	8950
2453	9339
2454	3537
2454	4335
2454	4760
2454	4788
2454	5515
2454	5693
2454	8287
2454	8559
2455	3228
2456	4157
2456	4421
2456	5650
2456	8810
2456	9189
2457	3114
2457	4559
2457	5216
2457	5343
2457	5470
2457	5501
2457	6164
2457	6527
2457	7629
2457	7825
2457	9310
2457	9915
2458	5125
2458	5691
2459	7850
2460	7704
2462	5411
2463	4156
2463	7271
2464	9496
2465	3022
2465	3489
2465	3576
2465	9827
2466	3415
2466	5597
2466	7298
2466	8794
2467	7745
2468	3002
2468	3453
2468	5316
2468	9809
2469	2574
2469	5694
2469	6733
2471	3406
2471	7890
2471	9307
2472	4944
2473	2741
2473	2763
2473	3225
2473	4347
2473	5599
2473	6335
2473	8668
2473	9176
2474	4403
2474	5639
2475	2728
2475	4293
2475	7479
2475	9870
2476	7341
2477	3063
2477	3190
2477	3907
2477	4013
2477	7573
2478	5732
2479	4797
2479	4837
2479	4864
2479	6455
2479	6511
2479	6609
2479	9725
2480	3014
2480	4218
2480	4885
2480	7942
2480	9761
2480	9901
2481	4437
2481	4827
2482	3061
2482	3343
2482	4344
2482	4772
2482	6043
2483	5617
2483	8351
2483	9504
2485	2896
2485	4125
2485	4186
2485	4309
2485	4705
2486	4094
2486	6004
2486	7597
2486	8202
2486	8920
2487	3096
2487	5241
2487	7767
2488	5469
2488	5676
2488	6564
2488	6787
2488	9113
2489	5525
2489	9129
2490	5942
2490	6108
2491	2691
2491	2904
2491	5254
2491	5607
2491	6180
2491	6636
2491	6658
2491	7046
2491	7172
2491	7631
2491	7752
2491	7959
2491	8660
2492	2782
2492	7308
2492	8282
2493	3762
2494	5928
2494	6798
2494	9337
2495	5154
2495	7159
2497	8158
2498	2881
2498	8155
2499	3148
2499	6250
2499	9350
2501	3703
2502	3050
2502	3208
2502	7143
2502	7434
2503	2766
2503	4108
2503	4181
2503	6780
2504	2793
2505	5406
2505	7988
2506	5264
2506	6418
2506	7995
2507	4153
2507	5000
2507	6106
2507	6583
2507	7281
2508	2541
2508	3526
2508	4171
2508	4272
2508	4522
2508	4874
2508	6368
2509	2543
2509	2638
2509	3470
2509	5717
2509	6014
2509	7422
2509	7448
2510	5371
2510	7011
2511	3952
2511	5447
2511	6672
2513	7179
2513	8618
2513	9159
2516	5244
2516	8460
2517	2848
2517	4652
2518	3683
2518	4796
2518	5299
2518	8520
2519	4355
2519	5625
2519	8431
2519	9291
2520	2833
2520	6212
2520	7241
2520	8153
2520	9320
2521	2532
2521	4462
2521	5371
2521	6014
2521	7506
2521	7673
2522	2572
2522	2693
2522	3436
2522	3497
2522	4010
2522	4412
2522	4967
2522	5374
2522	6906
2524	4298
2524	6238
2524	6514
2525	3492
2525	4158
2525	5306
2525	5657
2525	6009
2525	6183
2525	6414
2525	7736
2526	2819
2527	4115
2528	2952
2528	5293
2529	3295
2529	3475
2529	6734
2529	8027
2530	2661
2530	3093
2530	4478
2530	4991
2530	5991
2531	2668
2531	3827
2531	5102
2531	6061
2531	6482
2532	9431
2533	3110
2534	2537
2534	5347
2534	5489
2534	6618
2534	7436
2535	2747
2536	2715
2536	4189
2536	4517
2536	4610
2536	5341
2536	7026
2536	8143
2537	2960
2537	5478
2537	6193
2538	2581
2538	2749
2538	3401
2538	4991
2538	6282
2538	8000
2539	6145
2540	3090
2540	3272
2540	5532
2541	3261
2541	4118
2543	3413
2543	8273
2544	4281
2544	6668
2544	9229
2547	5552
2547	8662
2548	5904
2548	8147
2549	4432
2549	8043
2549	8258
2549	8576
2550	3369
2550	4468
2552	5151
2552	5957
2552	6000
2553	3563
2553	4255
2553	9778
2554	5141
2554	6872
2555	3363
2555	5317
2555	6352
2556	7654
2559	4339
2559	7533
2560	4467
2561	4117
2561	4673
2562	3436
2562	3797
2562	5002
2562	8177
2562	9446
2563	3024
2563	6541
2563	9508
2564	2675
2564	2860
2564	2898
2565	3128
2565	3581
2565	4636
2565	7940
2566	5702
2566	9988
2567	4188
2567	6049
2567	6059
2567	7568
2567	9901
2568	2914
2568	4034
2568	5113
2569	2598
2569	4127
2569	5996
2569	6437
2569	6993
2569	8184
2569	8621
2570	2764
2570	4035
2570	5383
2570	8872
2572	4997
2572	6921
2573	3571
2573	3839
2573	4730
2574	3028
2574	7481
2575	2991
2575	7330
2577	3114
2577	3953
2577	8218
2577	9156
2578	6656
2579	8481
2580	3432
2580	6973
2581	5367
2582	3132
2582	4748
2582	9542
2583	2825
2583	4397
2583	7063
2583	7098
2583	9371
2584	6214
2584	9235
2585	5283
2585	7065
2585	8766
2586	8446
2587	4099
2588	2734
2588	3697
2588	5068
2588	7544
2588	7758
2588	9880
2589	3157
2589	6436
2589	8500
2590	3711
2590	4395
2590	4995
2590	8691
2591	3111
2591	4032
2591	5960
2591	8266
2592	3903
2592	8657
2594	4391
2595	2871
2595	3452
2595	3468
2595	4846
2595	4916
2595	6164
2596	6936
2596	7971
2597	2679
2598	2942
2598	5420
2598	5822
2598	6746
2598	9703
2599	4143
2599	5027
2599	5147
2600	2884
2600	5606
2600	6693
2600	8538
2601	2894
2601	3237
2601	5020
2601	5680
2601	6503
2601	7240
2602	2830
2602	3357
2602	4802
2603	3201
2603	4124
2603	4356
2604	2728
2604	3076
2604	4548
2604	9293
2604	9449
2605	7481
2606	4385
2606	4947
2606	9280
2607	4076
2607	5431
2607	7790
2608	3102
2608	4281
2608	4791
2608	5024
2608	8523
2608	9868
2609	5184
2611	6701
2612	3626
2614	3465
2614	8688
2615	3002
2615	4000
2615	9998
2617	4608
2617	5062
2617	6116
2617	6144
2617	8656
2618	2797
2619	6439
2620	3849
2620	5063
2620	8274
2620	8536
2620	9834
2621	2849
2621	3727
2621	4617
2622	3807
2623	3061
2623	7863
2624	6399
2625	4700
2625	6740
2625	7842
2625	9669
2626	3970
2626	4512
2626	8738
2628	3370
2628	5389
2628	5777
2628	6663
2629	4869
2629	6619
2629	7635
2630	3108
2630	3223
2630	3569
2631	6212
2631	6379
2632	5917
2632	9393
2634	7463
2635	5439
2635	7081
2635	9049
2636	8626
2637	3705
2637	6548
2637	6578
2637	8770
2637	9210
2637	9956
2638	5404
2638	5651
2638	5693
2639	3909
2639	6137
2640	4968
2640	6621
2641	3823
2642	4939
2642	7393
2642	9254
2643	5799
2644	4502
2644	4536
2644	4878
2644	5259
2644	6970
2644	7060
2645	4241
2645	7623
2646	6220
2647	2691
2647	2780
2647	2857
2647	2887
2647	3751
2647	4574
2647	4862
2647	6098
2647	7937
2648	6676
2648	7981
2648	8117
2649	8939
2651	4494
2651	4823
2651	6346
2651	7382
2652	3049
2652	3626
2653	2960
2654	4889
2654	6526
2654	8903
2656	3217
2656	3632
2656	3861
2656	5087
2656	5895
2656	7725
2656	8123
2657	3120
2657	5224
2657	5328
2657	6023
2657	6883
2657	7084
2657	9706
2658	4123
2658	5510
2658	7302
2659	3616
2659	4406
2659	6138
2659	6169
2659	6355
2659	7989
2659	8272
2659	8551
2660	4813
2661	4435
2661	5832
2661	8425
2661	8773
2661	9558
2663	4979
2663	9518
2664	3837
2664	5696
2664	6151
2664	7790
2666	2719
2666	8139
2666	8860
2666	9924
2667	3121
2667	6800
2667	7430
2667	7503
2668	6239
2668	8350
2669	3828
2669	4102
2669	4396
2669	5198
2669	9585
2671	3591
2671	3717
2671	4740
2671	6127
2671	7650
2671	8888
2672	8113
2672	9619
2673	3396
2673	3851
2673	6292
2673	7066
2674	3724
2674	4879
2674	8089
2675	9300
2676	3075
2676	3206
2676	3586
2676	3782
2676	5243
2677	6561
2677	8793
2679	4330
2679	5043
2679	8122
2679	8524
2679	9122
2679	9521
2680	5068
2680	5270
2681	2805
2681	3953
2681	4855
2681	5520
2682	4404
2682	4857
2682	5694
2682	8647
2682	9621
2683	3072
2683	9445
2684	4232
2684	4570
2684	7851
2684	9272
2685	6192
2685	6430
2685	6652
2685	8364
2685	9313
2685	9434
2686	3584
2686	5850
2686	6896
2686	8357
2686	9417
2686	9698
2687	5407
2687	5811
2687	6274
2687	7221
2688	3984
2688	5092
2688	5692
2688	9095
2689	3665
2689	9900
2690	3136
2690	6732
2691	5781
2691	8075
2691	9185
2691	9669
2694	3034
2694	3301
2694	3805
2694	6291
2694	7875
2695	2828
2695	3166
2695	5215
2695	8751
2695	9429
2696	4830
2696	6948
2696	8975
2697	4958
2697	5258
2698	4369
2698	9132
2698	9814
2699	3300
2699	3468
2699	4307
2699	5704
2699	6945
2699	7263
2700	3304
2700	4291
2701	3014
2701	3016
2701	4770
2701	5654
2701	6159
2701	9745
2703	9298
2704	2917
2704	8379
2705	3048
2705	4641
2705	4706
2706	3915
2707	2741
2709	7885
2709	8359
2710	2878
2710	3781
2710	4256
2710	8029
2710	9798
2711	3951
2711	6186
2711	7974
2711	8084
2711	9545
2712	4574
2713	2770
2713	4711
2713	9928
2714	7316
2715	2934
2715	4852
2715	7423
2717	4009
2717	4851
2717	7361
2718	2898
2718	7295
2718	7321
2718	7455
2718	8628
2718	9689
2718	9860
2719	6341
2720	5722
2721	2733
2721	3808
2721	4415
2722	5481
2722	5573
2722	6673
2723	5961
2723	8212
2723	9005
2724	3153
2724	4164
2724	6242
2724	7047
2724	8103
2725	3400
2725	7222
2726	3544
2726	4584
2726	8668
2727	4093
2727	4431
2727	4659
2727	5434
2728	2893
2728	4167
2728	6864
2729	3995
2730	4153
2730	4547
2730	4548
2731	5512
2732	3442
2732	3684
2732	4966
2732	8233
2732	9693
2733	3856
2733	4592
2733	6488
2733	6515
2734	4069
2734	5375
2734	6352
2735	5032
2736	6446
2736	7672
2737	6252
2737	8903
2739	5435
2740	5599
2741	2763
2741	4913
2741	5091
2741	5203
2741	5876
2742	4082
2742	5505
2742	5530
2742	8539
2743	3853
2743	4044
2743	5955
2743	8225
2744	4444
2744	5230
2744	9472
2745	3797
2745	4074
2745	4361
2745	7174
2745	7260
2746	3688
2746	5749
2746	6943
2746	7279
2746	7400
2746	7623
2747	3616
2747	7173
2747	7859
2748	2934
2748	5059
2748	7628
2749	9747
2750	4400
2750	5422
2750	6131
2751	4041
2751	5654
2751	5918
2751	9495
2752	3141
2752	4743
2752	5478
2752	6966
2752	7493
2752	9942
2753	6683
2753	7682
2753	8226
2754	3910
2754	3923
2754	4466
2754	6815
2754	9414
2754	9474
2755	5714
2755	5729
2756	2871
2756	4208
2756	5438
2756	5764
2756	6392
2756	6528
2756	6549
2756	8867
2757	3259
2757	3488
2757	6914
2758	3653
2758	7216
2758	7537
2759	2906
2759	3227
2759	3282
2759	5926
2759	7194
2762	3572
2762	6978
2762	7410
2762	8436
2763	5095
2765	3153
2765	6294
2765	6511
2765	8319
2766	3490
2768	6072
2768	6118
2768	7423
2769	4940
2771	4539
2771	4720
2771	5163
2771	5222
2771	7794
2771	9395
2773	3150
2774	3187
2774	4192
2774	4882
2774	7200
2774	7972
2774	9032
2776	4362
2777	6757
2778	3396
2778	4803
2778	6417
2778	7205
2779	7205
2780	3259
2780	3399
2780	4650
2780	5075
2780	5430
2780	8478
2781	7455
2782	7322
2783	3399
2783	4730
2783	9024
2784	4794
2784	9208
2785	7714
2786	3725
2787	3879
2787	7443
2789	6253
2789	6325
2789	6742
2790	6777
2791	3089
2791	3306
2791	3753
2791	4927
2791	8421
2791	8825
2792	4486
2792	4735
2793	3538
2793	4721
2793	7223
2793	8331
2795	4270
2795	5363
2795	6822
2796	2806
2796	3977
2796	4510
2796	5395
2796	6103
2796	6344
2796	7889
2796	8747
2796	9840
2797	4247
2797	5030
2797	6034
2799	7622
2800	3414
2801	3518
2801	4105
2801	4297
2801	4761
2801	5960
2802	3074
2802	3432
2802	4256
2802	5269
2802	5522
2802	6123
2802	6347
2802	9218
2803	3421
2803	3923
2803	4838
2803	4906
2803	6837
2803	7602
2803	7942
2803	8556
2803	8670
2803	8854
2803	9525
2803	9819
2803	9993
2804	4529
2804	5791
2804	5836
2805	3209
2806	3080
2806	3088
2806	3121
2806	5319
2806	7847
2807	3791
2807	8996
2808	5593
2808	9081
2809	4343
2809	4965
2809	8561
2811	3835
2811	8945
2815	3808
2816	9799
2817	2946
2817	3147
2817	3712
2817	4393
2817	6703
2817	7675
2818	5734
2818	9968
2821	3164
2821	6332
2822	4083
2822	4854
2822	5087
2823	3196
2823	3736
2823	4617
2823	4716
2823	7151
2824	8518
2825	5431
2825	6191
2825	8022
2826	5139
2826	5841
2826	7309
2826	9087
2827	3316
2827	3343
2827	4582
2827	6150
2827	8484
2827	8577
2827	9074
2827	9139
2828	7333
2829	8832
2829	9251
2829	9562
2830	4591
2831	4246
2831	9461
2832	2843
2833	3315
2833	8684
2833	9842
2834	3461
2834	3602
2834	9137
2835	4903
2835	7149
2835	8514
2835	9492
2836	3400
2836	3735
2836	4683
2836	7873
2838	7665
2838	8495
2839	3748
2839	4990
2839	9194
2839	9903
2841	3171
2841	3680
2841	4497
2841	5382
2841	6928
2841	7363
2841	8337
2841	8956
2841	9435
2841	9586
2841	9628
2842	2903
2842	2941
2842	4973
2842	6371
2844	4749
2846	4155
2846	6022
2846	6228
2846	7044
2847	3550
2847	4826
2847	8198
2849	4842
2850	3555
2850	5521
2850	6953
2850	7851
2851	6641
2852	4328
2852	5414
2852	6001
2853	2970
2853	5037
2853	5977
2854	6878
2854	8129
2855	3630
2855	5017
2855	6193
2856	6651
2858	3508
2858	5461
2858	5926
2858	6070
2859	3086
2859	3309
2859	5124
2859	5598
2859	9574
2860	4084
2860	4987
2860	5613
2860	6686
2860	6715
2860	7456
2860	8617
2860	9432
2861	6966
2861	8085
2862	7585
2863	7456
2863	8444
2863	9519
2864	8562
2865	8918
2866	3460
2866	4994
2866	5566
2866	7326
2866	8783
2867	4978
2867	9425
2867	9955
2868	4138
2868	9577
2869	3612
2869	5538
2869	5924
2869	6160
2869	7858
2869	8960
2870	3924
2870	4528
2870	5066
2870	7146
2871	2970
2871	4399
2871	6992
2871	7967
2871	8358
2872	3402
2872	4540
2872	5728
2872	6046
2873	5610
2874	3013
2874	3474
2874	3568
2874	3718
2874	4176
2874	6880
2874	9359
2875	3055
2875	5055
2875	6142
2875	6264
2876	5880
2876	7410
2877	5672
2878	4464
2878	4912
2878	5911
2878	8684
2879	3961
2879	5687
2880	3387
2880	4013
2880	4421
2880	4887
2880	5716
2880	6506
2880	9206
2881	5701
2881	6846
2881	9157
2882	3081
2882	4284
2882	5015
2882	7808
2882	7845
2882	9884
2883	4034
2883	4300
2884	4342
2885	3699
2885	6184
2887	7243
2887	8427
2888	5481
2888	6479
2889	6494
2889	6606
2891	3782
2891	8946
2892	3209
2892	3835
2892	9674
2893	4780
2894	7419
2895	3161
2895	7295
2896	6900
2897	3734
2897	7343
2897	8752
2898	8141
2899	3036
2899	8326
2899	8425
2900	3640
2900	7089
2900	9103
2901	6417
2904	6019
2904	7297
2905	3773
2905	5466
2905	5659
2905	6984
2906	3787
2906	5234
2907	3239
2907	7306
2908	5965
2908	6808
2909	5307
2909	6603
2909	9237
2909	9398
2910	3318
2910	3809
2910	3916
2910	4876
2910	5941
2910	9502
2912	7567
2912	8379
2913	3311
2913	6091
2914	3604
2915	5891
2915	6899
2915	8911
2916	3242
2916	3904
2916	3928
2916	7068
2916	7447
2919	3278
2919	3749
2919	5197
2919	6816
2919	7700
2919	7901
2919	9311
2919	9411
2920	6318
2920	7280
2921	4590
2922	3502
2922	3932
2922	6369
2922	8297
2922	9486
2923	4680
2924	5232
2924	5256
2926	6544
2926	8003
2927	4143
2927	6640
2928	4905
2929	3764
2930	7655
2931	8404
2932	3464
2932	3734
2932	3841
2932	6179
2932	9227
2932	9524
2933	6943
2934	6207
2935	6906
2936	3575
2936	9353
2937	3941
2937	5386
2937	7517
2937	8466
2937	8797
2937	9488
2938	3270
2938	3732
2938	4317
2938	5324
2939	3484
2939	4560
2939	5000
2939	5458
2939	7524
2939	8140
2940	4821
2940	5128
2940	6492
2941	3290
2941	3639
2941	6263
2941	6489
2941	8958
2942	3682
2942	5708
2942	6245
2942	6974
2943	6949
2943	8520
2943	8831
2944	3291
2944	6937
2944	9674
2945	6657
2946	3736
2947	5280
2947	6307
2947	8103
2947	8698
2947	8876
2950	4897
2950	8800
2951	3184
2952	6050
2952	6439
2953	8341
2954	3269
2954	3547
2954	4718
2954	8851
2954	9322
2955	3657
2955	8814
2956	7275
2956	8847
2957	3231
2957	5011
2957	6782
2958	8685
2959	4647
2959	8503
2960	4060
2960	4669
2961	3248
2961	5939
2961	6689
2961	7339
2962	8247
2962	8707
2963	5552
2963	7872
2963	9629
2965	4169
2965	6179
2965	8151
2965	9848
2969	4475
2969	5450
2969	8006
2969	8803
2970	4868
2970	6229
2970	8303
2971	3975
2971	6546
2972	6819
2972	8987
2973	6059
2973	9707
2977	4182
2977	6268
2977	7632
2977	9865
2978	4421
2979	4126
2979	4400
2980	5782
2980	8286
2980	9913
2982	4965
2982	5070
2983	4462
2984	4593
2984	7625
2987	4242
2988	4503
2988	4511
2988	8406
2988	8904
2988	9969
2989	6406
2990	4599
2990	4980
2990	5983
2990	9417
2991	6422
2991	8800
2991	8821
2994	6527
2995	3700
2995	7371
2996	9343
2997	3774
2998	8471
2999	3655
2999	3725
3002	3936
3002	7637
3003	5572
3003	6117
3005	3760
3005	5186
3005	6925
3006	6740
3007	6654
3007	6907
3007	7575
3007	7577
3007	7961
3007	8608
3009	3410
3009	5482
3009	6588
3011	3945
3011	5642
3011	7145
3012	7193
3014	4021
3014	4254
3014	4608
3014	4703
3014	7293
3015	3788
3015	4062
3015	5133
3015	9519
3016	7809
3017	5362
3017	9035
3017	9154
3017	9465
3018	4818
3018	5713
3018	7525
3018	7768
3019	5967
3019	7181
3019	7879
3020	9859
3021	4173
3021	7505
3022	3455
3022	4210
3022	4223
3022	4653
3022	4902
3022	4909
3022	9349
3022	9713
3022	9821
3023	3261
3023	6517
3024	3123
3024	4679
3024	5311
3024	5456
3024	5671
3024	6963
3024	7008
3024	9780
3026	7998
3027	8576
3028	3264
3028	7786
3029	6199
3029	6607
3029	7825
3030	7107
3031	4774
3031	7206
3032	3739
3032	4969
3032	6171
3033	5466
3034	3271
3034	8592
3035	5182
3035	5942
3035	6584
3035	8260
3036	8900
3037	3043
3037	6400
3037	9332
3038	7154
3038	9620
3039	3734
3040	7097
3041	4306
3041	5322
3041	8696
3042	4701
3042	6443
3043	9705
3044	4782
3044	9053
3046	7913
3047	7778
3048	4857
3048	5303
3048	7454
3049	5045
3049	7512
3050	7611
3052	3439
3052	8554
3053	5611
3055	3203
3055	6222
3055	8732
3055	9294
3055	9655
3056	5004
3056	6941
3056	8482
3057	3234
3057	9250
3061	3311
3062	5513
3063	4758
3063	5653
3063	6747
3064	7560
3064	8161
3065	4111
3065	6574
3065	6893
3065	9642
3066	4285
3066	4938
3067	8151
3068	5312
3068	6472
3068	9138
3068	9438
3070	7897
3070	8277
3070	9499
3071	3669
3071	4287
3071	7398
3072	3519
3072	4489
3073	4884
3074	3149
3074	3743
3074	3918
3074	4964
3074	5487
3074	5824
3074	5862
3074	7005
3074	8189
3074	8423
3074	8967
3074	9245
3074	9556
3076	3970
3076	6018
3076	7160
3076	8320
3077	6838
3077	9972
3078	4532
3078	4947
3078	7729
3079	8082
3080	5416
3080	8308
3080	8324
3081	4066
3081	5142
3081	5484
3081	7224
3082	4455
3083	4802
3083	7131
3083	9105
3084	9896
3087	4065
3088	5117
3088	7668
3090	4743
3091	3192
3091	3404
3091	3413
3091	3589
3091	3621
3091	4475
3091	6256
3091	8048
3092	3224
3092	3305
3092	8483
3094	3364
3094	7293
3094	8999
3097	4429
3097	4461
3097	4956
3097	5460
3097	9601
3098	6533
3098	8637
3101	6373
3101	9305
3101	9719
3102	3446
3102	3793
3102	4999
3102	5617
3102	7388
3102	7664
3102	7987
3104	5170
3104	8716
3105	5100
3105	9050
3106	4571
3106	4682
3106	9489
3106	9543
3107	5516
3107	8415
3107	9762
3108	5129
3108	6176
3108	8318
3109	3825
3109	6370
3109	7132
3110	5264
3111	3474
3111	3531
3111	3800
3112	3116
3112	5447
3112	5792
3112	6802
3113	5791
3113	6550
3114	9049
3116	4065
3116	4114
3116	8092
3116	9854
3117	4146
3117	4576
3117	4723
3117	6349
3117	6476
3118	8543
3119	6036
3119	6426
3119	6486
3119	9069
3120	5278
3120	7164
3121	4689
3121	7869
3121	8823
3123	3730
3125	3214
3125	3321
3125	4216
3125	5067
3125	6099
3125	7882
3125	9597
3126	3233
3126	4785
3127	3783
3127	4199
3127	5065
3127	6462
3127	7540
3127	7688
3127	7973
3127	9069
3127	9604
3129	4893
3131	5792
3131	6354
3131	6654
3131	9533
3131	9721
3132	3224
3132	6062
3133	3347
3133	4427
3133	9822
3134	7137
3135	7994
3135	9076
3136	4560
3137	3689
3137	4287
3137	6746
3137	8406
3138	8110
3139	5764
3139	6644
3140	3170
3141	5222
3142	8493
3142	9418
3143	3469
3143	3741
3143	6426
3144	3804
3144	4373
3144	4751
3144	6167
3145	7192
3145	9465
3146	3708
3146	5019
3146	5812
3147	7028
3148	3666
3148	4538
3148	4770
3148	5154
3148	8520
3149	4935
3150	4296
3151	4096
3151	5602
3153	3676
3153	4209
3153	8992
3154	3750
3154	8486
3154	9109
3155	4352
3156	3441
3156	3765
3156	3898
3156	5165
3156	6395
3156	8112
3156	8783
3156	8923
3157	6908
3158	4001
3158	4014
3158	4202
3158	4945
3158	6227
3158	6844
3158	6928
3158	7785
3158	8392
3158	9379
3160	4456
3160	7240
3160	7923
3160	8590
3161	3364
3161	3599
3161	4158
3161	5556
3161	7386
3161	7718
3161	8910
3162	8235
3162	9921
3163	7502
3163	8529
3164	3332
3166	6011
3167	4426
3167	5858
3168	7072
3168	9387
3169	4712
3169	4803
3169	5399
3170	8426
3172	3702
3172	6409
3172	8659
3173	4521
3173	6121
3174	4542
3174	6763
3174	9796
3175	4012
3177	6237
3178	4737
3178	7534
3178	8565
3179	3947
3179	4786
3182	5650
3183	3196
3183	3628
3183	9246
3185	4594
3185	4864
3185	6040
3185	6701
3186	6189
3186	8782
3187	4395
3187	8836
3187	9648
3190	3354
3190	6913
3191	4861
3191	9602
3192	3396
3192	7972
3193	5428
3193	5993
3193	6641
3194	5008
3195	4486
3195	6433
3195	7373
3195	7508
3195	9473
3196	4765
3197	5318
3198	3276
3199	7025
3199	8191
3199	9460
3200	8140
3200	8455
3201	3376
3201	7291
3201	9109
3202	5759
3202	8424
3203	3258
3203	3605
3203	6830
3203	7605
3204	8795
3205	3358
3205	5199
3205	5489
3205	8635
3206	7370
3207	3726
3207	5086
3207	5141
3207	6120
3207	6615
3207	9494
3207	9829
3208	3435
3208	3445
3208	5335
3208	6236
3208	7655
3209	4075
3209	4684
3209	5434
3209	6931
3209	8742
3209	9475
3209	9517
3210	3392
3210	5017
3211	4261
3211	8784
3213	5300
3213	6301
3213	6743
3214	4799
3215	3587
3215	4661
3215	8595
3217	4627
3218	3781
3218	4542
3218	6433
3218	6786
3218	6790
3218	7109
3218	8243
3218	8975
3220	4424
3222	4793
3222	5505
3225	3677
3226	6677
3226	7581
3227	9682
3229	6298
3230	7832
3231	3869
3231	4295
3231	4733
3231	5974
3231	7336
3231	7519
3231	9003
3231	9451
3232	5618
3233	6093
3233	8525
3234	3758
3234	7826
3235	9652
3236	3922
3236	8291
3237	3789
3237	8218
3237	8917
3239	3561
3239	5013
3239	9993
3240	3346
3240	3728
3240	5581
3240	6780
3240	7470
3241	4439
3241	4795
3241	5165
3241	5629
3241	9164
3241	9666
3241	9982
3242	8136
3243	3713
3243	4952
3243	5915
3243	6831
3244	4795
3244	5154
3244	5696
3244	7556
3244	7621
3246	4029
3246	5021
3246	5980
3248	4482
3249	5002
3251	4173
3252	6486
3252	8577
3253	5301
3253	7225
3255	9036
3256	4410
3256	5253
3256	9437
3258	3717
3259	4264
3259	4382
3259	5977
3260	9684
3260	9818
3261	8131
3261	9642
3262	5168
3262	6286
3262	6767
3263	3859
3263	4454
3263	7804
3263	8084
3263	8750
3263	9091
3264	6028
3264	6302
3264	6501
3265	7368
3266	5645
3267	8386
3269	3510
3269	4574
3269	4606
3269	5979
3269	6345
3269	6409
3269	6616
3269	7519
3269	8010
3269	8197
3269	8422
3269	9038
3271	8596
3272	4962
3272	8638
3273	3530
3273	3687
3273	7002
3274	3738
3274	5293
3274	6192
3274	6287
3274	7272
3274	9592
3275	5333
3275	5480
3275	8676
3276	8078
3277	3967
3277	3990
3277	5856
3277	6475
3277	6864
3278	3363
3278	7314
3278	7684
3278	9485
3279	3330
3279	3814
3279	4198
3279	4242
3279	5631
3279	6784
3279	6884
3279	9120
3279	9883
3280	5871
3280	7713
3280	8299
3280	8812
3282	4719
3282	5845
3282	6415
3282	8527
3282	9174
3283	3667
3283	6146
3283	6339
3283	6565
3283	7793
3283	7844
3283	8246
3283	8410
3284	4161
3284	5158
3284	5497
3285	4129
3285	4880
3286	3293
3287	3685
3287	4294
3287	4585
3287	8660
3288	3680
3288	4194
3288	4957
3289	3898
3289	4284
3289	4446
3290	7886
3291	3598
3291	3757
3291	5600
3291	9744
3292	4636
3292	9934
3293	8143
3294	8108
3294	9282
3295	7129
3296	8795
3297	3356
3297	3962
3297	4242
3297	4989
3297	5081
3297	5372
3297	6876
3297	8412
3297	9978
3298	9165
3299	3771
3299	5228
3300	4496
3301	3428
3301	5376
3302	4040
3302	7097
3302	7325
3302	7876
3302	8156
3303	3633
3303	3945
3303	4123
3303	4671
3303	6029
3304	6126
3304	7827
3304	8418
3304	9077
3304	9135
3305	3894
3305	5020
3305	7577
3305	8123
3305	8552
3306	3769
3306	4897
3306	9607
3307	3934
3307	4051
3307	4197
3307	5458
3307	6387
3307	7781
3307	8627
3307	9400
3309	5468
3309	7549
3310	4930
3310	8347
3311	3566
3311	4537
3311	5551
3311	5768
3311	6321
3312	3579
3312	8468
3312	8548
3313	3752
3313	8208
3314	6537
3314	7063
3314	7820
3315	8984
3316	3647
3316	5060
3316	6028
3316	7070
3317	3501
3317	4727
3317	5387
3317	6173
3318	3651
3318	4747
3318	5325
3318	7387
3318	7778
3318	8486
3318	9678
3318	9861
3319	4266
3319	7630
3319	8036
3319	9120
3320	3784
3322	3449
3322	3957
3322	4286
3322	4861
3322	4985
3322	5125
3322	7423
3323	3555
3323	4522
3323	6764
3324	7261
3326	5444
3327	4083
3327	4671
3327	4785
3327	7595
3327	7622
3327	8029
3327	8116
3330	5267
3330	5299
3330	5717
3330	9566
3332	5353
3332	7034
3333	9759
3335	8441
3335	9401
3336	4089
3337	5204
3338	3636
3338	3850
3338	4896
3338	5029
3338	5490
3338	7073
3338	8512
3338	8763
3339	7425
3339	8757
3340	7448
3340	8300
3341	5297
3342	3937
3343	5677
3344	4553
3347	4607
3347	5498
3347	6424
3347	7580
3348	3648
3348	5498
3349	6376
3349	8793
3350	3478
3352	4860
3353	7703
3354	7010
3354	7435
3354	7506
3354	9605
3355	7148
3356	5619
3356	7177
3356	7452
3357	5766
3358	8988
3358	9040
3359	8485
3360	8086
3361	6679
3361	7075
3361	8019
3361	8728
3362	4472
3362	6976
3362	8988
3364	3829
3364	4690
3364	5279
3365	3986
3365	7849
3365	9095
3365	9976
3366	5022
3366	9600
3367	7068
3367	8396
3367	9538
3367	9659
3368	3810
3368	4180
3368	4201
3368	6174
3368	9088
3369	3874
3369	4149
3369	4954
3369	5713
3369	5995
3369	8685
3370	4785
3370	4893
3370	5153
3370	9698
3372	5051
3372	6223
3372	6788
3372	7379
3372	8459
3372	8517
3372	8790
3373	4505
3373	5261
3375	3862
3375	5482
3375	6639
3375	8037
3375	8040
3376	3480
3376	3828
3376	7898
3376	8228
3376	8890
3377	4311
3377	4708
3377	7887
3377	9171
3377	9331
3378	4215
3378	8058
3378	8895
3380	4578
3380	5432
3381	4593
3381	6378
3381	7507
3382	5352
3383	3902
3383	4049
3383	6797
3383	7676
3383	8057
3384	6787
3384	9798
3384	9991
3386	6112
3387	3543
3387	6031
3388	5353
3388	5569
3391	4348
3391	6752
3391	7978
3392	6305
3393	4475
3393	9721
3394	5684
3394	9820
3395	5951
3395	7212
3395	7394
3395	7905
3397	8309
3399	7769
3399	9019
3400	4385
3401	3759
3401	4494
3401	5608
3401	5643
3404	4265
3404	5592
3404	5992
3406	5633
3406	7347
3407	4086
3409	4182
3409	4434
3409	6025
3409	6488
3411	6468
3413	5009
3413	7604
3413	8391
3413	8420
3414	3520
3414	7349
3415	5318
3416	5957
3416	8491
3417	4895
3417	5064
3417	7278
3417	8511
3418	4580
3420	5678
3421	3939
3421	4079
3421	8749
3421	8772
3422	4978
3422	5057
3422	7711
3422	8618
3423	5454
3423	8245
3426	4420
3426	5927
3426	5962
3426	8545
3426	8905
3427	7351
3427	9910
3428	4210
3428	4846
3428	5766
3428	6524
3429	3974
3429	4225
3429	7659
3430	7997
3430	8389
3431	4091
3431	5380
3431	6019
3431	6770
3431	7601
3432	8079
3433	5982
3433	6647
3434	5972
3434	6850
3435	9202
3436	7360
3436	7553
3437	3870
3437	4213
3437	5719
3437	9469
3438	4567
3438	6288
3439	5395
3440	5145
3440	7376
3440	8062
3442	3448
3442	3533
3442	3908
3442	3948
3442	9571
3442	9987
3443	4867
3445	6414
3445	8178
3445	9827
3446	5988
3448	3595
3449	3690
3449	5139
3450	4557
3450	9729
3451	4208
3451	4219
3451	6609
3451	9803
3454	7395
3454	8426
3455	5067
3456	5851
3456	8675
3456	8787
3458	7508
3458	9115
3459	5258
3459	5849
3459	6422
3459	9159
3460	3766
3460	5337
3460	6841
3461	3877
3461	5874
3461	7222
3461	7378
3461	8206
3462	4183
3462	7887
3464	5419
3468	6983
3469	3508
3469	4853
3469	5124
3469	5300
3469	6648
3469	7014
3470	3591
3471	5813
3472	3535
3472	5096
3473	6859
3473	8271
3474	4134
3474	8666
3474	8966
3475	5803
3475	7160
3475	7631
3476	9162
3477	4203
3477	4891
3477	5338
3478	3622
3478	4028
3478	5351
3479	4007
3479	6480
3479	8159
3480	5425
3480	5923
3480	6373
3480	8623
3481	9344
3482	5878
3482	8850
3485	4700
3485	4862
3485	5471
3486	7380
3486	7570
3486	9858
3487	3644
3487	9970
3489	5484
3489	7307
3490	5448
3490	7502
3492	7662
3493	3794
3494	8820
3495	7922
3497	6384
3498	5971
3498	9132
3499	5702
3499	6932
3499	7449
3501	5758
3501	5773
3502	5905
3502	6359
3503	3508
3503	3586
3503	6162
3503	7462
3503	8237
3504	9738
3505	3724
3505	5375
3505	5873
3506	5011
3507	7044
3508	4053
3508	4725
3508	9133
3508	9220
3508	9846
3509	3669
3509	5583
3509	5621
3509	7274
3509	8010
3510	5111
3510	6187
3511	4039
3511	4117
3511	6171
3511	7322
3511	8507
3512	9373
3513	4948
3513	5913
3513	9766
3514	5762
3516	9874
3516	9968
3517	3549
3517	8339
3518	5673
3518	7918
3518	9097
3520	6231
3522	3964
3522	5624
3523	7238
3524	4037
3524	4189
3524	5017
3524	5255
3525	5607
3525	6634
3528	3766
3528	5206
3528	5986
3529	5593
3529	6024
3529	6111
3532	4371
3533	5572
3534	4055
3534	7540
3534	8674
3534	9221
3534	9984
3536	5388
3537	5061
3537	8476
3539	3954
3540	3768
3540	5990
3540	6852
3541	7015
3543	6181
3545	5930
3546	4167
3546	6997
3546	9994
3547	5517
3547	5672
3547	7642
3548	4741
3549	4796
3549	6561
3549	8507
3550	4179
3550	5395
3551	3761
3552	5446
3552	7445
3553	7065
3553	7226
3553	8950
3553	9257
3554	3720
3554	4611
3554	6858
3555	6976
3556	8370
3557	3592
3557	4522
3557	6428
3557	7048
3557	8582
3559	3707
3559	3858
3561	7058
3563	4729
3563	4966
3563	5835
3563	7014
3563	9787
3565	5957
3566	4220
3566	7997
3566	8064
3566	8489
3566	9654
3567	4053
3567	4510
3567	5771
3567	6544
3567	9171
3568	5274
3568	5277
3568	7341
3568	7505
3568	9188
3569	5349
3569	5987
3569	6311
3569	6333
3569	6416
3570	4595
3570	5544
3570	7135
3570	7146
3570	8340
3571	8298
3571	8547
3571	9929
3572	4645
3572	8108
3572	9607
3573	3943
3573	5224
3573	6394
3574	5210
3575	4081
3575	5273
3575	5896
3575	6173
3576	3899
3576	5854
3577	3613
3577	4710
3577	8132
3577	8306
3578	5790
3578	6034
3578	6553
3578	6903
3578	7162
3578	8148
3578	8931
3578	9200
3578	9749
3579	4902
3579	5549
3579	5642
3579	6716
3580	5081
3581	4345
3581	4920
3581	6053
3581	7363
3582	6476
3582	8637
3583	5520
3584	3997
3584	5219
3585	4709
3585	4935
3586	5347
3586	7581
3586	7707
3586	8634
3587	8098
3588	4639
3588	5402
3590	4276
3590	4863
3591	9306
3591	9638
3592	3768
3592	3942
3592	5479
3592	8700
3592	9051
3593	4509
3593	8597
3594	5655
3594	8039
3594	8856
3597	9560
3598	4535
3599	3737
3599	5176
3599	9336
3600	9973
3601	4538
3601	4540
3601	9561
3602	3749
3602	6402
3604	4335
3605	4239
3605	6155
3605	7098
3606	8005
3608	3643
3608	4441
3609	3885
3609	4668
3609	5280
3609	6460
3609	8167
3609	8537
3610	4875
3610	7242
3611	4695
3611	8084
3611	9933
3613	3813
3613	4844
3613	8246
3614	9939
3615	5778
3615	6582
3615	7413
3615	8125
3616	3995
3616	4808
3616	7634
3617	4357
3617	7180
3617	9346
3618	7448
3618	7718
3619	7080
3619	9274
3620	4873
3620	6345
3621	3657
3621	3754
3621	4116
3621	4141
3622	6121
3622	7514
3622	9303
3623	5853
3624	5584
3624	5962
3624	8504
3625	4601
3626	8481
3627	3680
3627	4849
3627	6939
3627	8111
3627	9358
3628	4409
3629	4150
3629	7871
3629	8003
3630	5336
3630	5453
3630	7191
3632	7008
3632	7756
3632	9169
3633	5031
3634	6406
3635	6411
3636	3686
3636	4444
3636	7303
3639	3663
3639	4765
3642	4816
3642	6837
3643	7288
3643	7642
3643	8122
3643	9324
3644	6563
3645	9812
3646	6973
3648	4513
3648	5675
3648	6350
3648	6480
3648	7203
3649	4184
3649	4514
3649	4604
3649	5089
3649	6724
3649	7360
3649	8650
3650	4148
3651	6310
3651	6496
3651	8568
3653	5022
3653	5188
3654	4568
3654	6377
3654	8655
3656	7729
3656	9538
3657	6721
3657	8579
3657	9192
3660	6082
3660	8042
3662	4478
3662	5929
3662	6898
3664	4339
3664	6420
3664	6573
3664	8279
3664	8765
3664	9489
3664	9608
3667	7862
3668	7552
3669	5287
3671	5809
3671	7983
3672	5083
3672	6300
3672	8515
3674	6562
3678	7385
3679	5421
3681	7686
3683	4154
3683	5681
3683	9133
3683	9186
3683	9479
3684	4764
3684	6176
3684	6255
3684	6566
3684	8273
3685	6403
3685	7134
3685	9338
3686	3815
3686	5316
3686	5612
3686	7663
3687	4072
3687	5235
3687	5611
3687	6460
3687	9008
3688	9544
3689	5881
3689	6441
3689	7979
3690	5212
3690	6210
3690	9305
3691	6741
3691	6914
3691	9054
3692	5835
3692	6264
3692	7334
3693	6954
3693	7001
3696	5997
3697	3763
3697	4175
3697	4871
3697	9180
3698	4983
3698	5751
3698	5983
3698	7695
3698	7765
3698	8162
3698	8355
3698	9758
3699	5381
3699	6746
3700	3806
3700	7427
3700	8413
3701	5858
3701	8503
3701	9495
3702	6461
3702	9365
3703	7846
3704	3787
3704	9504
3705	4680
3705	9207
3706	3795
3706	5289
3707	3708
3707	4716
3708	4451
3708	5159
3708	6744
3708	8610
3710	4455
3710	7320
3711	3821
3711	4422
3711	5153
3711	7003
3711	8663
3711	8822
3712	8282
3713	3991
3713	5733
3713	7208
3714	4163
3714	5539
3714	7265
3714	9605
3715	6689
3715	6699
3715	7016
3715	7378
3716	4398
3718	6451
3718	6952
3718	9477
3719	4104
3719	7350
3719	8567
3719	9385
3720	8570
3721	4432
3721	5111
3721	7689
3722	6757
3723	4504
3724	4081
3724	4388
3724	4992
3724	5958
3724	9054
3724	9785
3725	6576
3727	5131
3727	5381
3727	5592
3727	7297
3728	4107
3728	5953
3729	4078
3729	4573
3730	4109
3730	4686
3730	5464
3730	6287
3730	6554
3730	8689
3731	5646
3731	6194
3731	6520
3731	9141
3732	3892
3732	6172
3732	6653
3732	8563
3734	4457
3734	6076
3734	6793
3735	7320
3736	4132
3736	5372
3738	3813
3738	4516
3738	9966
3739	5889
3739	6448
3739	6999
3740	3857
3740	3982
3740	4711
3740	5359
3740	8005
3741	6230
3742	5614
3742	7161
3742	9868
3744	3808
3744	3922
3744	4466
3744	8276
3744	9880
3746	4431
3746	6331
3748	6735
3748	7123
3748	8472
3749	5218
3750	4351
3750	8667
3751	5245
3752	5727
3753	3983
3753	5186
3755	3992
3755	5876
3755	5998
3756	3956
3756	4235
3757	9631
3758	5869
3758	6468
3759	4321
3760	4917
3760	5670
3760	9303
3761	4279
3761	4317
3761	6084
3761	7372
3762	5921
3762	7558
3762	8476
3763	9843
3764	4144
3765	4961
3765	5260
3766	5410
3766	6198
3766	9986
3767	6802
3768	5917
3768	9732
3769	5463
3770	6861
3770	8815
3771	4778
3771	5531
3772	5823
3773	7141
3774	4484
3779	6729
3780	4379
3780	7931
3781	8932
3784	4051
3784	4124
3784	5890
3784	6724
3784	8777
3785	9844
3787	8505
3788	7568
3790	6067
3790	6917
3790	9254
3791	5406
3791	7101
3791	7502
3791	9195
3793	4465
3794	5281
3795	5155
3796	9015
3797	6069
3799	4037
3799	5619
3799	5711
3799	9058
3800	8494
3802	4024
3802	9978
3804	4026
3804	9268
3805	5101
3806	4160
3806	4309
3806	6245
3806	7105
3807	3912
3807	4144
3807	4376
3807	5418
3807	5707
3807	6994
3807	7750
3807	9878
3809	5549
3809	5674
3809	6182
3809	8584
3809	9297
3811	8082
3811	8645
3811	8725
3811	8960
3811	9374
3811	9397
3812	5121
3812	5168
3813	4541
3813	4647
3813	5308
3814	6585
3814	9464
3815	5746
3815	6666
3815	7029
3815	8094
3816	4657
3818	4322
3818	4558
3818	5076
3818	8251
3818	8367
3821	4971
3821	9808
3822	8963
3823	4510
3823	5411
3823	5998
3823	9259
3823	9284
3824	4111
3825	7139
3826	3877
3826	4045
3826	4791
3826	5568
3826	6686
3826	7043
3826	7092
3826	7512
3826	9786
3828	4385
3828	4899
3828	5229
3829	7418
3829	9406
3831	6299
3831	7135
3832	5144
3832	8699
3833	4027
3833	4998
3834	4488
3835	4426
3837	5129
3837	7932
3837	8972
3839	7356
3839	8005
3841	4939
3841	7590
3842	4015
3842	4604
3842	4807
3842	5630
3843	4588
3843	9013
3843	9273
3844	4924
3845	5676
3845	7617
3846	4190
3846	9079
3846	9447
3847	4024
3850	9710
3851	4900
3851	5670
3851	6310
3851	8383
3852	7638
3853	4842
3854	4641
3854	8540
3855	3936
3855	4649
3856	5073
3857	4382
3857	5929
3857	8055
3858	6946
3858	8062
3859	4528
3859	5189
3860	6525
3860	9983
3861	6236
3862	5945
3864	6213
3865	7439
3866	3969
3866	7739
3866	7977
3867	9357
3868	5499
3868	5623
3868	6281
3868	8394
3869	9842
3872	9383
3875	5407
3876	5085
3876	5545
3876	7281
3880	4207
3880	5768
3880	6765
3880	6828
3883	5078
3883	8343
3883	8935
3886	7302
3887	3996
3887	5041
3887	8526
3888	8120
3889	7798
3891	5231
3891	5298
3892	4137
3892	8730
3892	9496
3894	4466
3894	8995
3895	4087
3895	5367
3895	8526
3895	9685
3897	4643
3897	6556
3898	5073
3898	5656
3901	6920
3903	7915
3904	4989
3904	5403
3904	7465
3905	4943
3906	5388
3908	4533
3910	7316
3910	8011
3911	6851
3912	9384
3914	4286
3914	4828
3914	5925
3914	9183
3916	5394
3916	5754
3917	4280
3917	5562
3917	9590
3918	4487
3918	7546
3918	8921
3918	9516
3919	5669
3919	8436
3920	4259
3920	4714
3920	5701
3920	5756
3920	6073
3920	6334
3920	8261
3921	6376
3921	9610
3923	9494
3925	4718
3925	6071
3925	8714
3926	4080
3926	8192
3926	8677
3929	6241
3930	4531
3930	4682
3932	8201
3933	5564
3933	6016
3933	8697
3934	4983
3934	7621
3935	4992
3936	5825
3936	6599
3938	5997
3938	6071
3938	7018
3938	7325
3938	7974
3938	8439
3940	7862
3940	8130
3942	5662
3942	8234
3943	5274
3945	6992
3946	4924
3946	5086
3947	4156
3947	4343
3948	4799
3948	5523
3949	6204
3949	6752
3949	7354
3949	7690
3949	9568
3950	6435
3950	9382
3951	4525
3951	4955
3951	5365
3951	5965
3951	7999
3952	4303
3952	7458
3952	8981
3953	5157
3953	5491
3953	6160
3954	6800
3954	8199
3955	5267
3957	4316
3957	5181
3957	5237
3957	7359
3957	7819
3958	3960
3958	5110
3961	4655
3961	5649
3961	7199
3961	9401
3962	6478
3964	5269
3964	7596
3964	9802
3966	4675
3967	6343
3969	4222
3969	6754
3969	6964
3969	7025
3969	7045
3969	7166
3970	8517
3971	4001
3971	4825
3971	9542
3971	9913
3975	7004
3976	5240
3976	6473
3978	5700
3978	9102
3979	4551
3979	4890
3979	5298
3979	7539
3980	7377
3980	7858
3981	5050
3982	4083
3982	4264
3982	7396
3985	4677
3986	9118
3987	9954
3989	4573
3990	5579
3990	6893
3991	5195
3991	8175
3991	9535
3991	9555
3991	9999
3993	7996
3993	8524
3994	5155
3996	7848
3997	5935
3997	9850
3998	4832
3998	6962
3998	7854
4000	4365
4000	8263
4000	8761
4000	9257
4001	5355
4001	6980
4002	6659
4002	6783
4003	7027
4005	7566
4006	4025
4006	4151
4006	4970
4006	6198
4006	6774
4006	8513
4007	4910
4007	6595
4007	9960
4008	4792
4008	7139
4008	8652
4009	6745
4009	8226
4010	4383
4010	4600
4012	4218
4012	7301
4012	7492
4012	8969
4013	4150
4013	6273
4013	9704
4014	6063
4014	7526
4014	8543
4016	7917
4018	4336
4018	8432
4018	9149
4019	4838
4019	9529
4021	4928
4021	6728
4021	7880
4021	9742
4022	8074
4023	4403
4023	5074
4023	6016
4025	6132
4025	8002
4025	9116
4026	6695
4027	7419
4028	7168
4028	7815
4029	6936
4029	8391
4030	6522
4030	7495
4031	5988
4031	7028
4031	7087
4032	6265
4033	6688
4035	6962
4037	4787
4037	7253
4037	8892
4039	5954
4039	6659
4039	8325
4039	8352
4040	4487
4040	4607
4042	4969
4042	5749
4042	6369
4042	8580
4043	7869
4044	6959
4044	7739
4044	9786
4046	4485
4046	4489
4046	5199
4046	5701
4046	5705
4046	7248
4046	8180
4046	8376
4046	9459
4048	6351
4048	8614
4049	4416
4050	4190
4050	6772
4050	9480
4051	5452
4053	4244
4053	6572
4053	8469
4054	4653
4054	7519
4054	7654
4054	8072
4054	8581
4054	9943
4055	4736
4055	5227
4055	5472
4055	9958
4057	7875
4057	8737
4058	4926
4059	4151
4059	4775
4059	7755
4059	9292
4060	5360
4060	5761
4061	6295
4061	7979
4062	5577
4062	9331
4063	5779
4064	5422
4064	6147
4064	8016
4065	7171
4065	9226
4066	5322
4067	4834
4067	6331
4069	4508
4071	4354
4071	5373
4071	6035
4071	6621
4071	7011
4071	7399
4071	8293
4071	9008
4072	4255
4072	6823
4072	9977
4073	7499
4074	9531
4075	4159
4076	6233
4078	5449
4078	5735
4078	7134
4078	7588
4078	8762
4078	9576
4079	9403
4080	6083
4080	6142
4081	5096
4081	5285
4082	7938
4083	6288
4084	5113
4084	6163
4085	7265
4085	7688
4086	7856
4087	9935
4088	4974
4089	5742
4090	8473
4090	8947
4090	9302
4090	9364
4090	9718
4093	4979
4093	6598
4093	6943
4094	5271
4095	4855
4096	5839
4096	8532
4096	9230
4098	4181
4098	4555
4098	4918
4098	5069
4098	6191
4098	6209
4098	6345
4098	6395
4098	7704
4098	7889
4098	8118
4098	9130
4099	8902
4100	5887
4100	9521
4102	6661
4103	5315
4103	7765
4103	9696
4104	6612
4105	5332
4106	5321
4106	6397
4106	7692
4106	7759
4107	5660
4109	6861
4109	8008
4110	8561
4112	5408
4112	7154
4112	8285
4113	7371
4113	9606
4115	4325
4115	7343
4117	4815
4117	6125
4117	7597
4117	9250
4117	9693
4118	5399
4119	8237
4119	8860
4119	9628
4120	7706
4120	8279
4120	9794
4121	5760
4122	7035
4123	6691
4123	9177
4125	4819
4126	4912
4126	4964
4126	6593
4126	8250
4128	6655
4128	8669
4129	8474
4130	4471
4130	4552
4130	5113
4130	6317
4130	6652
4130	7487
4130	7529
4130	9095
4132	4289
4132	6597
4132	6674
4132	7618
4132	7931
4136	4972
4138	4674
4138	4806
4139	6523
4140	4790
4140	5644
4140	6546
4140	8457
4141	7047
4141	8556
4142	7365
4143	8642
4144	7513
4146	5866
4146	8829
4147	6238
4147	6648
4147	7710
4151	6110
4151	6857
4151	7928
4151	8414
4151	8659
4152	6560
4152	9878
4153	5033
4153	5567
4153	5807
4153	5886
4153	9615
4156	4956
4156	7127
4156	7845
4157	5283
4157	9612
4158	4247
4158	6925
4158	8684
4160	5091
4160	5413
4160	5885
4160	5907
4160	8781
4160	8782
4162	8424
4163	5865
4163	6938
4165	7956
4166	4924
4166	5818
4167	4534
4167	4741
4167	5726
4167	7876
4167	9881
4169	4479
4169	4670
4169	5346
4169	5776
4169	5934
4169	6082
4169	7355
4169	8759
4169	9676
4170	5161
4170	6725
4171	4556
4173	8952
4175	5981
4175	7233
4176	4658
4176	9877
4177	7231
4177	8039
4177	9379
4178	7866
4178	9440
4179	5507
4179	7050
4180	5320
4180	8239
4181	5660
4181	6287
4181	7119
4181	8757
4183	4774
4184	4620
4184	6104
4184	6332
4184	8145
4185	6987
4185	7401
4186	5018
4188	4260
4188	4895
4188	5629
4188	5758
4188	8747
4189	9168
4190	4470
4190	4901
4190	5248
4191	5010
4194	6103
4194	8707
4194	9772
4196	9333
4197	7726
4198	5963
4198	6918
4202	4682
4202	7681
4202	8870
4203	6542
4205	5738
4206	9664
4208	5603
4208	9029
4208	9541
4210	5334
4210	5689
4211	7830
4211	9964
4214	4946
4215	4688
4215	5225
4216	4693
4217	4549
4217	4575
4217	7416
4217	7902
4218	5846
4218	8539
4219	5821
4221	7497
4222	4331
4222	4771
4222	8200
4224	4800
4224	9615
4225	7444
4226	5136
4226	6224
4227	4615
4227	5821
4228	5905
4228	6202
4228	7697
4229	5035
4229	9726
4232	4409
4232	6310
4234	5725
4234	5734
4234	6723
4234	8972
4235	5819
4235	6009
4236	4401
4236	9268
4237	4539
4237	8307
4237	9527
4238	5183
4238	8231
4238	9198
4239	6232
4239	6445
4239	7648
4239	8133
4241	5798
4241	5918
4242	6117
4243	7401
4243	8302
4243	9938
4244	9468
4245	5826
4245	5834
4245	6020
4245	6504
4245	7532
4246	4839
4246	4976
4246	8882
4248	9491
4249	5763
4249	8485
4251	5444
4252	6956
4252	7651
4252	7954
4252	9464
4253	5285
4254	6451
4255	6716
4256	8300
4258	7980
4260	9899
4261	5778
4261	6407
4261	6685
4262	4349
4263	4644
4263	5512
4264	6685
4264	6938
4266	8450
4267	4736
4270	6147
4270	6838
4270	9085
4271	6389
4271	9507
4272	4615
4272	6135
4272	6464
4272	8332
4272	8766
4272	9449
4272	9618
4273	5637
4274	8916
4275	4463
4275	4582
4275	7712
4275	8130
4276	5938
4277	6950
4277	8196
4277	8465
4279	5450
4280	4297
4280	6192
4281	4737
4281	4779
4281	9874
4283	7484
4283	9666
4284	4919
4284	8971
4285	7278
4285	7645
4288	4931
4289	4318
4289	4534
4291	4444
4291	6022
4291	7705
4291	8442
4291	9596
4292	5233
4293	5840
4293	8287
4293	9325
4295	7865
4296	7071
4297	6944
4298	6171
4299	4705
4299	6374
4299	6897
4299	8470
4299	9190
4299	9940
4300	7636
4300	8082
4300	8122
4301	5500
4302	9865
4303	5663
4303	5795
4304	5451
4306	7817
4307	9315
4308	5757
4308	8208
4309	5172
4309	7270
4310	5107
4310	6320
4310	6649
4310	8497
4311	5044
4311	8428
4312	8624
4313	5914
4316	5361
4316	9129
4316	9231
4317	6279
4318	5294
4318	9273
4319	7310
4319	8101
4319	9256
4322	5786
4322	6747
4322	8342
4323	6867
4324	4913
4326	7794
4328	8338
4328	8559
4330	5493
4330	9941
4331	4929
4331	5529
4333	7387
4334	4629
4335	4834
4336	5606
4336	5688
4337	5280
4340	5134
4340	7087
4342	8798
4344	6393
4344	8557
4344	9238
4345	8933
4346	4428
4346	9257
4347	5403
4347	7694
4347	9480
4348	7798
4349	5685
4351	5131
4351	7291
4351	7433
4351	7902
4351	9729
4351	9982
4354	9090
4355	9424
4356	6935
4357	5665
4357	6816
4357	8422
4359	5835
4360	5459
4363	6294
4363	8392
4364	9870
4364	9904
4365	5935
4366	4752
4366	4821
4367	5699
4368	6675
4369	4686
4369	4717
4369	5066
4369	6413
4369	7104
4369	7540
4369	9570
4370	4436
4370	4451
4370	7814
4371	9444
4372	6677
4372	9243
4372	9713
4374	9445
4378	7195
4378	7323
4378	9399
4379	7337
4379	7496
4380	4579
4380	8955
4380	9342
4381	4631
4381	5629
4381	8473
4381	9182
4381	9708
4385	7395
4385	7721
4385	8168
4385	9039
4386	6138
4386	7526
4387	5640
4387	5731
4387	7750
4387	9023
4387	9726
4390	8308
4391	4833
4391	6068
4391	8304
4392	5848
4394	7331
4394	8643
4395	4456
4397	4879
4398	6453
4398	9213
4398	9753
4399	7965
4401	7119
4402	4493
4402	4603
4402	7561
4402	9172
4404	6097
4404	7211
4404	8998
4407	6688
4407	6829
4407	7619
4407	9906
4409	5220
4410	5228
4410	5725
4410	7393
4410	8021
4410	8553
4410	9051
4411	5021
4411	5030
4411	5582
4411	5708
4411	6487
4411	6957
4411	7289
4411	7600
4412	4479
4412	4605
4412	5070
4412	6547
4412	8332
4412	8965
4412	9467
4413	5598
4414	6280
4415	4734
4415	6235
4416	5501
4416	9110
4418	4549
4418	5753
4418	7511
4418	9121
4420	7383
4421	9396
4421	9551
4422	5687
4423	6338
4424	4949
4424	9308
4425	6900
4425	6952
4426	4569
4426	5100
4426	6712
4426	7977
4427	6236
4427	6891
4428	6282
4428	6655
4431	5131
4432	6510
4432	7166
4433	5609
4433	6268
4433	7625
4433	7855
4433	8416
4434	9410
4435	5391
4435	6611
4436	6348
4438	6090
4438	6135
4438	7653
4438	9996
4439	8868
4440	4632
4440	7182
4441	6161
4441	6220
4443	8141
4443	9098
4444	6713
4445	4517
4445	6663
4445	7911
4447	4565
4447	4851
4447	5833
4447	6795
4447	6810
4447	7313
4447	8209
4447	8755
4448	6067
4449	9583
4450	5889
4450	6717
4450	7438
4451	6736
4452	7318
4452	8137
4452	9987
4453	6769
4453	6803
4454	5726
4454	5770
4454	6847
4454	7692
4454	7841
4454	8650
4455	5585
4455	6283
4455	6679
4455	8321
4455	9219
4456	9719
4457	6070
4457	6842
4457	9686
4461	4655
4461	5839
4461	9222
4462	8171
4463	4600
4463	8937
4463	9989
4464	9791
4465	7189
4465	8547
4466	7508
4467	8976
4470	9792
4471	4921
4471	6574
4472	5783
4472	7227
4476	5248
4476	8573
4476	8676
4477	5861
4478	8381
4479	6386
4479	8667
4481	4793
4481	5557
4482	4502
4482	7116
4482	9221
4483	5263
4483	6385
4483	8850
4484	9554
4486	8269
4487	6113
4488	4586
4489	5528
4489	6739
4489	7361
4490	4504
4490	7233
4491	7833
4491	8419
4493	5392
4493	6522
4493	6834
4495	5305
4497	9204
4497	9289
4498	5203
4498	8922
4500	8689
4504	5668
4504	7609
4506	5698
4506	7158
4507	6055
4507	6286
4508	5090
4509	5399
4511	5262
4511	8111
4511	8982
4511	9285
4512	8900
4513	6657
4513	8590
4514	5342
4516	6144
4516	9248
4517	6519
4517	9890
4518	7612
4519	6159
4519	8076
4519	9830
4520	8825
4521	5721
4521	7340
4522	4576
4522	5518
4522	9283
4523	5390
4523	7710
4525	4587
4525	4672
4525	5506
4525	7456
4525	7527
4525	7587
4526	5392
4526	8712
4529	8463
4530	5698
4531	4675
4531	9650
4532	4994
4532	9565
4533	7211
4534	5577
4536	5590
4537	5860
4537	6018
4539	4739
4539	7037
4540	7886
4541	4827
4541	6461
4541	6998
4542	9524
4543	4930
4543	7803
4544	6297
4544	6397
4545	5783
4546	8446
4546	9826
4547	6996
4549	4823
4550	5949
4550	6001
4553	9175
4555	5040
4555	7826
4556	4777
4556	5495
4557	5956
4559	4960
4559	6849
4561	5127
4562	5262
4563	9182
4564	5118
4565	5832
4565	5875
4567	7792
4567	8345
4568	4696
4568	4750
4568	9446
4568	9497
4569	9199
4571	6741
4572	6323
4572	8262
4572	8690
4572	8692
4574	9611
4575	5083
4575	5111
4576	7385
4577	4844
4578	5097
4578	5376
4579	4954
4579	5637
4579	8384
4581	8754
4582	6344
4582	8527
4582	8989
4583	4818
4584	6981
4586	5655
4586	5844
4587	6553
4587	7317
4588	4956
4589	5042
4590	5567
4590	9990
4591	8098
4592	6509
4592	9470
4595	6199
4597	7624
4597	7870
4597	8808
4598	6779
4599	8051
4602	5832
4602	7505
4603	9925
4604	8534
4604	8828
4607	9995
4608	5652
4609	7721
4610	5663
4610	8964
4611	7004
4611	8472
4612	4804
4612	5602
4612	8483
4612	9619
4613	6629
4613	8161
4613	8824
4614	8682
4615	9240
4617	7357
4617	8374
4617	9000
4618	9579
4621	5450
4621	5781
4621	7854
4621	9150
4622	8616
4622	9223
4623	8407
4623	9992
4625	7949
4626	5457
4628	7283
4628	7734
4629	7376
4631	4696
4631	4746
4632	6185
4632	7145
4632	9025
4635	6243
4635	7720
4639	5888
4639	9131
4641	4717
4641	7545
4641	8758
4643	6608
4643	8552
4643	9263
4643	9569
4644	7453
4646	5364
4646	7172
4646	7382
4647	8615
4647	8881
4649	7924
4650	4883
4650	7390
4651	7468
4651	8502
4651	9455
4652	7018
4655	6812
4657	5310
4657	6534
4658	6982
4659	5759
4659	7081
4659	7229
4660	6434
4660	7403
4661	5615
4661	5916
4661	6749
4662	8059
4662	8065
4662	8632
4662	9472
4662	9747
4662	9780
4663	5019
4665	8176
4668	5306
4668	5543
4668	7284
4668	8397
4668	8841
4668	9885
4670	5528
4670	9514
4674	6201
4674	6626
4674	8466
4674	9393
4676	9715
4679	6996
4679	7393
4680	8006
4683	6100
4683	6359
4684	9175
4687	5180
4687	7328
4687	9448
4688	5951
4689	9201
4691	7626
4694	5340
4695	4930
4696	6503
4697	6211
4698	7527
4699	6421
4699	8021
4699	8562
4699	9383
4700	5921
4700	6354
4700	7415
4700	9109
4700	9237
4701	7600
4701	8651
4702	4712
4703	5729
4703	9964
4704	9272
4708	5715
4708	6564
4709	7867
4709	9560
4710	4922
4711	5383
4715	7126
4715	7746
4715	7823
4715	8278
4718	5363
4718	5753
4718	5828
4719	6595
4720	8905
4721	4879
4721	5486
4721	8458
4721	9887
4723	8349
4724	5112
4725	5539
4725	6452
4726	5652
4726	6054
4729	6168
4729	7167
4730	5943
4730	7516
4730	8115
4730	8993
4731	5881
4731	7900
4731	8887
4735	6529
4735	9387
4736	6300
4736	6314
4736	7109
4740	5658
4740	7753
4741	7831
4741	9743
4742	5243
4743	5007
4747	5936
4747	8605
4749	8014
4749	8886
4750	5146
4750	6649
4751	7964
4751	9770
4752	4975
4752	6050
4752	7960
4752	9282
4753	6408
4755	5430
4755	5760
4755	5944
4755	7570
4755	8918
4755	9148
4756	8949
4758	5438
4758	7626
4761	5021
4764	5800
4765	4848
4765	5377
4765	9253
4766	8314
4766	8350
4767	6759
4768	5458
4768	9209
4771	7863
4772	5344
4776	8846
4778	9394
4779	5027
4779	5366
4779	9878
4781	4865
4784	5681
4784	5755
4785	5709
4785	8408
4787	7667
4787	8580
4788	5051
4788	6540
4788	8154
4789	5520
4790	4921
4790	8833
4793	5109
4794	5161
4795	4845
4795	6833
4795	7077
4796	5810
4797	5697
4797	6637
4797	9187
4800	7697
4801	7916
4801	8193
4803	7053
4804	9703
4806	4810
4806	4983
4806	8955
4807	8644
4808	7797
4809	5416
4809	7326
4810	7078
4810	7666
4811	5664
4812	5695
4812	7265
4812	7347
4813	4870
4813	5591
4814	5810
4814	7198
4814	7451
4816	5743
4816	8202
4816	8743
4816	8830
4819	7823
4819	8172
4820	4878
4820	7025
4820	7103
4820	9339
4822	6570
4824	5275
4825	9152
4826	5038
4826	8905
4826	9365
4829	5473
4830	6796
4830	8976
4832	6232
4834	5336
4834	6628
4834	7556
4834	7906
4834	8100
4834	8546
4834	9529
4836	5691
4836	6227
4836	8306
4837	5476
4837	7967
4839	7170
4839	8243
4839	9906
4840	7056
4841	5845
4842	7156
4842	7377
4843	5487
4843	8713
4844	5168
4844	6989
4845	5641
4845	9423
4848	9058
4851	9825
4853	7408
4854	9545
4857	7256
4859	6128
4861	9872
4862	4883
4862	5557
4862	5864
4862	7199
4862	7743
4862	7766
4864	5744
4865	7650
4866	8613
4866	9485
4869	6024
4869	8105
4870	8888
4870	9244
4872	5523
4873	5922
4873	7629
4874	5671
4874	7084
4875	6141
4875	7409
4879	7122
4879	8901
4881	5981
4881	7877
4881	8008
4882	8914
4883	7076
4884	7215
4885	7521
4886	5072
4887	5370
4887	9411
4888	6899
4889	9073
4890	6862
4891	6922
4893	7185
4895	5750
4895	9792
4897	9336
4898	8395
4898	8519
4900	9936
4901	6003
4902	5440
4902	7255
4902	9349
4902	9791
4903	9175
4904	9639
4905	5084
4905	9694
4906	5880
4907	6608
4907	6839
4907	8847
4907	9136
4908	5787
4910	7180
4911	7473
4912	5966
4912	8717
4912	8805
4912	9862
4913	5407
4913	6393
4914	5822
4915	6998
4916	5045
4916	5892
4916	5930
4917	6291
4917	6693
4919	8056
4919	8119
4920	5333
4920	9204
4921	7460
4922	5162
4923	5146
4924	7379
4924	9241
4926	5925
4926	6073
4926	8144
4926	8309
4926	9061
4926	9495
4927	8010
4927	8092
4927	9172
4930	7731
4932	9691
4934	6772
4934	8925
4937	5262
4937	9711
4938	6917
4938	7018
4938	9847
4941	5931
4942	6240
4943	5841
4943	6586
4943	8259
4945	6375
4945	8769
4946	6096
4946	7585
4948	7888
4948	9534
4949	6458
4949	7240
4950	7189
4950	7899
4950	7909
4950	8256
4950	8284
4951	6606
4951	7297
4951	8970
4952	5448
4954	5984
4954	8881
4955	8862
4956	7541
4956	7860
4956	8703
4956	8734
4957	5348
4957	7829
4957	9275
4958	7144
4958	8152
4958	9730
4960	8023
4964	9648
4965	5645
4965	8697
4966	5378
4966	6536
4966	8923
4966	9539
4967	7546
4967	8059
4968	5022
4968	6221
4970	9907
4972	5823
4972	6607
4976	7129
4977	9215
4979	6754
4982	9089
4984	8049
4985	5276
4985	6781
4985	8831
4986	5477
4986	6063
4986	8174
4986	9670
4987	5448
4988	6410
4989	7730
4990	5669
4990	5948
4990	6939
4990	6987
4991	6904
4991	8340
4991	8874
4993	6046
4993	7554
4993	7797
4993	8664
4996	6795
4997	5205
4997	8412
4998	8349
5000	7738
5000	9598
5001	9656
5002	5544
5002	5743
5002	9048
5003	6456
5003	8579
5004	5058
5006	5882
5007	5672
5008	8940
5010	5190
5010	7706
5010	8187
5013	6530
5014	8968
5014	9249
5016	5103
5016	9167
5016	9659
5017	7532
5017	7952
5020	5261
5020	7713
5020	9545
5021	8528
5024	9467
5025	8876
5026	5829
5027	6665
5029	7100
5030	5052
5030	6311
5031	8030
5032	7816
5033	5324
5033	5833
5033	7553
5034	5368
5034	6945
5034	7901
5034	9153
5034	9767
5035	5059
5035	5664
5035	5899
5035	6278
5035	7246
5035	7574
5035	8585
5035	9404
5035	9661
5036	6592
5037	5138
5037	7848
5038	8639
5040	7417
5041	7493
5042	6927
5042	8776
5042	9443
5043	8777
5047	9144
5048	5343
5048	6684
5048	7191
5048	7741
5049	5805
5049	8419
5049	9004
5050	5601
5050	8594
5052	6371
5053	6274
5055	9150
5056	5965
5056	6188
5056	6804
5056	7647
5056	8076
5057	8022
5057	8589
5060	5437
5060	9453
5062	7230
5063	8501
5065	5834
5065	6392
5066	6529
5066	8829
5066	9005
5066	9717
5067	5394
5067	7670
5067	9438
5068	6029
5073	6854
5073	7044
5074	6342
5074	7369
5075	5590
5075	8066
5076	5160
5076	6172
5076	9090
5077	8247
5078	8621
5079	9220
5080	6612
5083	5102
5087	9079
5088	7090
5088	8744
5088	8812
5089	5537
5089	5915
5089	6055
5089	6228
5089	8081
5090	8155
5090	9682
5091	9625
5096	6295
5096	6949
5097	6708
5098	5648
5099	6281
5099	9041
5102	7857
5104	5237
5104	6568
5104	8380
5104	8979
5105	6853
5105	8944
5106	7245
5106	9386
5107	7216
5107	9526
5110	5192
5110	7319
5110	7459
5110	9499
5111	5284
5111	6859
5114	5630
5114	8613
5114	9060
5114	9942
5116	5463
5117	7620
5119	5535
5119	8172
5120	9151
5124	6331
5128	6111
5131	5862
5131	7951
5133	5961
5133	6238
5134	5575
5134	6691
5135	6174
5136	7579
5137	5885
5137	7110
5140	9911
5141	7759
5141	9741
5144	9564
5147	9551
5148	5644
5149	6361
5149	7714
5149	9832
5151	5571
5151	6562
5152	9626
5154	7041
5154	9059
5156	5516
5156	6560
5156	6643
5156	6959
5156	8842
5159	8462
5160	7611
5160	7864
5161	5938
5161	8499
5162	5418
5163	6064
5163	7536
5163	9132
5165	6375
5165	9731
5166	5356
5171	6388
5171	6535
5172	8978
5173	9476
5174	5441
5175	6103
5176	6134
5176	7946
5176	9205
5177	5495
5177	5968
5177	6860
5177	6880
5177	6926
5178	9789
5179	7394
5179	8791
5181	6843
5181	7613
5183	7269
5183	8471
5183	8629
5184	5325
5184	5726
5185	6412
5185	7357
5186	7403
5186	8025
5186	9587
5187	8746
5188	6153
5188	8775
5189	6107
5189	9037
5192	8033
5193	8542
5198	5590
5199	8771
5200	6981
5200	7228
5200	9182
5201	9640
5202	5473
5202	5906
5202	9912
5202	9936
5203	7998
5204	5592
5206	5820
5207	6048
5208	9469
5209	5946
5210	6644
5210	7771
5210	9748
5211	5866
5211	6767
5211	8370
5211	9213
5212	6492
5212	9512
5214	7279
5214	8012
5216	6735
5217	9912
5218	7564
5218	7697
5219	6922
5220	6158
5220	8477
5221	5594
5221	9558
5222	6143
5223	5564
5223	7106
5226	9179
5227	6890
5228	6100
5228	6820
5228	7447
5229	6246
5229	8020
5229	9736
5231	6006
5231	6450
5231	7414
5232	5385
5232	5796
5232	7982
5232	8951
5232	9668
5234	7699
5234	8826
5236	6057
5238	6165
5238	7472
5239	6303
5239	6660
5239	8160
5240	7310
5242	6051
5242	8568
5244	7236
5244	7701
5244	8541
5246	7043
5247	6036
5248	9914
5249	6540
5249	9101
5250	5755
5250	5925
5250	6343
5250	8305
5250	9295
5251	7016
5254	5457
5258	6347
5258	7404
5261	7589
5263	9341
5264	9506
5266	6812
5270	8372
5270	9399
5272	8441
5273	5970
5274	6328
5274	8549
5275	8740
5279	9377
5281	5480
5281	5697
5281	6955
5282	6336
5282	8985
5282	9599
5285	8354
5287	5608
5287	7046
5287	7920
5290	5763
5292	9816
5294	9780
5295	9680
5296	7936
5297	8222
5300	7236
5301	9365
5302	5459
5303	7538
5304	6760
5305	7583
5305	8212
5306	7987
5307	7215
5309	9443
5310	9926
5312	7569
5313	5433
5313	5709
5313	6167
5314	8047
5315	5374
5315	5869
5318	5321
5318	5850
5318	7554
5318	9161
5319	6294
5320	7813
5322	5512
5323	5350
5323	7038
5324	5475
5324	6289
5325	5649
5325	8154
5326	9887
5327	6314
5327	7286
5328	5483
5328	6423
5330	6175
5330	6966
5331	5659
5335	5785
5335	9979
5336	8531
5339	5961
5343	7090
5346	8513
5346	9278
5350	5878
5351	6177
5354	6279
5354	6930
5358	7082
5359	8680
5359	9070
5360	5949
5360	6626
5360	6708
5360	7183
5360	7769
5360	8834
5360	9593
5361	7023
5362	8836
5363	5714
5363	7705
5363	9356
5365	6242
5365	8702
5365	8768
5367	6645
5367	8965
5368	5762
5368	7431
5369	6101
5371	6229
5373	8607
5374	7985
5374	8962
5374	9223
5375	9853
5377	6843
5381	5999
5381	7896
5383	5479
5383	6079
5383	9378
5383	9477
5384	7001
5384	9379
5385	5595
5385	6887
5385	7228
5385	7259
5385	7716
5385	8714
5387	7839
5387	7963
5387	8373
5387	9967
5388	7070
5388	7748
5388	9002
5388	9491
5388	9559
5389	6564
5389	8199
5390	9265
5391	6127
5397	5920
5397	6933
5398	8229
5402	6455
5402	6465
5402	7285
5402	7929
5402	9375
5403	8873
5403	9144
5404	5652
5404	7405
5405	8501
5406	5874
5406	8734
5408	6927
5408	8773
5411	6089
5411	8197
5412	5774
5412	6836
5412	8691
5413	6400
5414	9238
5417	6860
5420	8750
5422	7201
5422	8642
5422	9456
5422	9487
5422	9805
5424	7167
5424	9039
5424	9784
5425	6891
5425	7632
5425	9975
5426	7142
5426	8554
5427	6424
5427	6715
5427	6770
5427	8011
5427	9026
5429	8253
5429	8801
5429	9156
5430	7226
5430	7573
5431	6551
5433	5678
5433	6080
5433	7904
5436	8387
5437	5581
5438	5748
5438	6509
5438	7272
5439	8948
5439	9140
5440	7954
5440	8304
5442	7788
5442	8259
5442	8413
5443	7074
5444	5740
5444	6253
5445	6474
5446	9711
5449	9127
5453	6231
5453	9779
5454	5943
5455	8959
5457	7859
5458	7855
5458	8295
5459	6033
5459	7023
5459	8463
5460	5730
5460	6873
5460	7275
5462	5675
5462	7111
5463	7484
5463	8036
5464	9155
5466	8830
5469	8098
5469	9079
5470	6008
5470	8984
5471	6717
5473	9504
5474	6696
5474	7699
5477	8893
5477	9701
5477	9841
5479	6647
5479	9955
5481	8352
5483	5490
5486	6116
5486	7006
5486	7846
5489	7465
5489	9178
5491	7305
5493	9010
5494	7866
5494	8604
5497	7446
5498	6283
5498	7754
5498	8382
5498	8819
5498	9885
5499	9166
5500	7792
5503	5802
5504	6583
5504	9569
5506	6824
5506	8710
5507	9998
5508	8418
5509	7603
5509	8848
5512	8145
5513	6088
5513	6269
5515	5620
5515	7277
5517	6715
5518	6406
5520	7452
5520	7651
5521	9028
5527	6930
5527	7571
5527	8205
5528	7091
5533	6075
5534	6998
5537	5560
5537	6305
5537	7348
5539	5564
5540	8912
5541	9559
5543	7950
5543	8711
5544	6913
5545	5705
5546	6232
5546	6918
5547	9657
5549	5654
5550	7495
5550	9398
5552	8366
5552	8708
5552	9559
5555	5770
5555	7188
5555	7970
5557	8245
5559	5565
5559	5771
5559	7993
5560	6337
5560	9632
5562	6818
5563	8683
5564	9547
5566	8970
5568	6165
5569	8645
5573	9708
5575	6148
5575	7001
5575	9169
5578	7552
5579	8531
5580	8977
5583	7049
5584	7323
5584	9637
5585	6031
5585	6199
5588	7107
5591	6658
5593	8550
5596	7819
5597	6915
5597	7564
5598	6969
5599	6452
5600	7465
5600	8041
5601	5888
5601	6302
5601	6410
5602	8722
5602	9075
5603	6399
5605	7254
5607	7264
5608	7838
5609	6858
5610	5877
5610	6158
5610	6874
5611	6180
5611	8217
5613	8328
5613	8827
5616	6314
5617	7419
5620	7093
5622	7469
5623	8576
5624	7362
5624	7450
5624	7486
5624	7613
5624	7837
5624	8238
5625	8428
5625	9740
5626	6372
5628	8885
5628	9566
5628	9567
5631	7027
5636	7333
5637	6654
5637	9822
5640	8865
5642	9656
5646	7584
5646	8577
5649	6178
5649	6313
5649	6786
5649	7340
5649	7421
5650	7400
5650	7486
5651	6248
5654	9364
5655	9532
5663	6892
5667	7091
5667	9776
5671	8420
5671	8860
5675	6748
5676	6879
5676	9531
5680	7020
5681	8584
5682	6798
5683	8436
5684	7583
5684	9530
5685	6604
5685	6751
5687	5877
5687	7359
5687	7836
5693	7130
5694	6309
5694	8865
5695	8536
5695	9211
5696	6167
5698	7480
5699	6972
5701	6678
5702	6832
5703	7607
5703	9678
5704	6545
5704	7492
5705	6449
5706	6782
5706	7944
5708	8102
5708	8939
5710	9519
5711	8378
5713	6901
5716	6084
5717	8024
5717	9145
5719	8600
5719	8889
5720	6282
5721	6944
5725	6230
5726	7622
5729	6531
5730	6934
5731	6718
5731	6762
5731	7431
5731	9327
5732	6149
5733	6000
5735	9196
5736	6478
5737	6280
5746	8757
5747	6731
5750	6703
5750	6707
5750	8661
5754	9653
5756	6993
5757	8327
5758	9211
5761	7311
5761	9850
5766	7469
5766	9631
5767	6505
5767	8849
5768	9025
5768	9750
5769	7533
5771	7198
5771	8603
5772	9011
5773	6551
5773	6674
5773	6682
5773	7364
5773	9751
5775	6814
5775	8165
5776	6768
5777	9649
5778	8123
5779	6278
5779	8686
5779	9442
5782	7123
5782	7537
5782	8713
5783	5964
5783	8976
5784	5906
5784	7476
5784	8592
5784	9620
5787	6535
5790	6734
5790	7327
5792	9163
5795	6694
5795	7369
5795	8807
5796	8032
5797	6150
5799	7193
5800	8462
5801	6407
5801	7806
5801	8917
5801	9944
5802	6473
5802	9951
5809	7850
5810	7457
5811	9916
5812	8319
5812	8857
5813	8022
5816	8566
5817	8947
5820	8628
5821	6178
5821	6949
5821	7307
5826	8101
5826	8188
5827	9408
5829	9964
5830	6615
5830	6847
5831	6266
5831	6860
5831	9513
5833	7839
5834	9599
5835	8348
5836	6425
5836	9735
5837	6872
5837	9873
5838	6906
5838	7530
5839	8490
5841	9825
5842	8435
5843	8965
5844	6449
5846	7095
5846	8635
5847	7261
5847	7458
5849	6173
5849	6783
5851	6612
5851	7870
5851	9071
5852	9604
5853	6117
5858	6744
5860	5972
5861	8605
5863	8158
5863	8695
5863	9409
5864	7774
5866	7402
5866	8202
5866	9013
5868	7916
5868	8820
5869	9901
5872	6193
5872	9317
5873	7257
5874	6623
5874	7227
5881	8377
5881	9107
5881	9837
5882	8285
5882	8293
5883	7345
5883	7614
5887	8608
5887	9436
5887	9625
5888	7466
5890	6104
5890	6618
5890	6637
5892	6074
5892	6733
5892	8337
5894	9645
5896	8241
5896	9695
5896	9859
5897	9374
5900	7534
5901	8816
5902	9770
5903	6076
5904	8572
5904	8845
5906	8822
5906	9873
5909	6066
5910	8442
5910	9893
5912	6580
5912	7336
5912	9771
5915	6484
5915	7002
5916	6155
5918	8201
5919	6217
5920	6942
5920	8879
5921	6908
5921	7003
5922	6091
5922	6493
5922	6929
5922	6996
5923	8134
5925	7588
5925	8227
5925	8871
5925	9522
5926	6436
5926	8357
5926	8406
5926	9413
5926	9580
5929	7304
5929	7516
5931	6187
5932	7440
5932	9386
5937	7030
5937	8880
5938	8294
5939	6884
5941	8769
5943	7219
5944	6079
5944	6586
5944	6921
5944	8338
5944	8438
5944	8743
5944	9869
5948	8434
5948	9360
5949	7884
5950	8650
5951	9844
5952	8033
5952	8665
5956	6428
5956	9580
5957	6863
5958	9371
5960	7687
5962	9287
5965	6141
5965	7343
5966	9135
5968	6951
5970	9240
5971	8194
5972	6422
5973	7260
5973	7335
5974	6629
5974	6908
5974	7304
5974	7696
5974	7854
5982	6672
5983	6502
5985	7498
5987	6260
5987	6333
5987	7751
5987	8384
5987	8611
5988	6315
5988	9552
5988	9977
5989	6002
5992	8712
5993	6084
5993	6206
5993	7478
5993	9181
5994	6570
5994	8859
5998	6485
5998	6624
5998	7111
5999	9078
6003	7052
6005	7347
6005	8330
6007	6722
6007	7525
6008	8342
6009	9124
6009	9822
6010	6012
6010	9260
6012	6484
6013	6279
6013	6759
6013	6768
6015	9478
6017	6196
6017	6198
6017	7064
6018	7671
6018	9032
6019	8738
6021	6065
6023	7773
6023	7952
6023	8282
6024	9690
6026	9088
6027	6466
6027	6989
6028	8927
6029	6543
6030	7285
6032	7219
6033	6387
6033	8360
6037	9228
6039	6780
6041	8433
6041	9738
6042	9276
6043	6155
6043	7501
6044	7064
6044	8344
6045	7287
6045	8411
6046	8445
6049	6465
6050	6215
6051	7050
6052	6553
6053	7529
6055	8507
6059	6765
6061	9869
6062	7835
6062	9042
6067	7359
6068	7608
6069	7535
6069	9405
6070	9936
6072	8505
6073	6670
6073	7723
6073	8351
6075	6550
6075	9740
6076	6696
6078	8299
6081	7232
6084	8540
6086	7897
6088	7815
6090	6142
6090	9834
6091	6456
6091	7158
6091	8784
6091	9975
6092	6905
6092	7154
6095	6994
6095	8048
6096	6793
6099	7287
6099	9383
6100	6664
6100	7960
6101	9842
6104	8472
6104	8606
6106	7405
6107	7988
6109	7547
6109	8160
6115	9074
6118	6961
6119	7580
6119	8926
6119	9623
6121	6175
6122	8615
6122	9310
6122	9861
6123	9484
6127	6427
6128	7300
6130	9578
6132	6495
6134	6761
6134	8096
6134	8409
6135	6990
6135	7618
6136	8939
6137	6797
6137	8957
6139	9594
6141	7045
6142	9540
6146	7590
6147	7730
6147	7964
6150	9256
6151	7220
6152	8048
6154	9252
6154	9270
6155	6239
6155	6459
6159	9727
6163	6559
6163	9763
6166	7864
6166	9318
6168	7056
6169	7530
6169	7640
6173	9658
6174	8065
6174	8736
6174	9288
6175	7197
6176	6558
6177	8456
6178	6845
6179	8397
6180	7732
6180	9611
6182	7536
6182	9698
6187	8004
6189	8024
6191	7485
6192	8115
6194	7059
6195	9721
6197	6548
6198	7330
6198	7348
6198	8261
6198	8837
6203	8870
6204	8943
6205	6903
6205	7467
6206	6554
6210	8321
6210	8647
6211	9958
6216	7141
6217	7758
6218	8150
6221	7542
6221	9065
6222	6900
6223	7598
6225	9418
6227	9690
6231	7702
6231	9492
6232	7818
6234	7102
6235	6902
6238	7844
6238	7995
6239	8105
6239	8415
6239	8437
6239	9575
6240	7264
6240	8528
6240	9351
6241	7695
6242	8840
6242	9533
6245	7253
6246	7550
6246	8197
6247	6587
6247	8865
6249	6413
6249	8835
6250	6363
6253	9923
6255	9452
6257	9565
6258	6779
6260	6809
6262	7608
6268	7926
6268	8128
6270	7099
6272	7604
6273	6776
6273	7809
6273	8409
6273	8849
6276	7592
6276	9106
6276	9441
6277	9961
6278	6517
6278	9380
6279	9555
6280	8394
6280	8902
6281	8996
6282	8093
6282	9434
6282	9766
6283	6732
6284	8564
6284	8690
6287	8326
6289	8561
6290	6584
6290	8626
6291	7312
6296	8008
6296	9930
6298	6481
6298	6643
6298	7608
6300	9924
6301	7059
6302	8031
6303	9536
6304	6969
6305	6332
6305	9657
6306	9228
6308	7547
6308	7909
6311	7066
6311	9250
6311	9797
6311	9821
6314	7407
6314	9586
6317	8606
6318	8042
6319	6507
6319	8091
6322	7278
6322	9231
6324	7471
6324	9046
6324	9908
6326	7678
6330	8403
6333	7083
6335	9323
6340	9588
6344	8596
6345	9427
6347	9308
6348	7283
6349	7703
6352	9589
6353	8820
6354	8188
6354	8422
6356	8182
6358	7767
6358	9361
6359	6973
6359	8874
6362	7076
6363	8125
6366	8102
6369	6583
6369	6777
6369	7781
6369	7861
6374	8803
6375	7142
6375	8461
6376	7884
6379	8588
6379	9814
6384	8424
6385	8816
6386	8508
6387	7798
6389	7255
6389	7994
6393	9086
6394	7062
6394	8281
6394	8616
6398	7218
6398	9687
6399	6605
6401	6635
6401	8564
6404	6720
6404	8045
6404	8371
6405	6557
6407	6454
6407	6905
6407	9279
6408	6536
6409	6736
6410	9950
6411	9008
6412	7860
6415	6704
6418	8744
6420	8564
6421	7258
6421	7565
6421	8560
6422	8225
6422	9948
6423	9855
6425	9331
6426	8325
6426	9277
6427	7665
6428	6491
6428	7627
6428	9419
6431	9865
6433	7416
6434	7281
6434	8064
6434	8558
6437	6957
6439	7213
6441	8884
6441	9748
6442	9382
6443	7225
6448	7170
6450	7230
6452	6806
6455	6506
6455	9815
6456	6495
6457	8009
6461	9190
6462	7138
6462	8271
6462	9958
6463	7523
6465	6605
6467	9439
6468	8687
6470	9546
6470	9706
6471	7561
6471	9033
6472	8586
6472	9662
6473	7479
6473	8009
6474	8268
6474	8557
6483	6710
6483	8097
6484	7733
6484	8384
6486	6945
6486	7734
6486	9671
6491	7641
6491	8325
6491	9041
6491	9892
6492	6904
6495	8572
6496	8665
6498	7543
6500	7796
6500	8124
6500	8960
6501	7670
6503	7610
6504	9977
6507	7407
6508	9503
6509	9068
6510	8310
6510	9045
6511	7080
6511	7273
6512	7358
6513	6726
6514	7200
6514	9200
6517	8452
6517	8914
6520	8884
6525	6723
6526	8488
6527	8477
6528	9959
6530	9814
6531	8257
6532	9562
6536	8228
6537	8224
6537	9322
6539	9325
6540	9144
6542	9061
6543	6837
6543	9613
6545	6971
6546	7353
6546	9641
6547	6650
6548	8518
6550	9892
6554	9664
6555	7276
6557	7645
6557	8368
6559	6781
6560	6822
6563	9650
6565	9734
6566	7934
6567	7648
6576	8433
6577	7311
6577	8028
6577	8182
6579	6664
6579	7557
6579	9183
6582	6799
6583	9087
6585	8812
6586	7459
6588	6856
6589	8529
6590	9750
6591	9736
6593	7944
6593	9510
6594	8089
6596	6730
6598	7764
6601	8891
6602	7925
6602	9861
6603	9717
6604	9033
6604	9473
6605	7828
6606	8265
6606	8560
6606	8994
6607	6781
6609	6638
6610	9972
6611	6990
6611	8720
6611	9511
6612	9889
6616	9420
6617	6914
6618	6773
6627	6830
6627	6881
6629	8381
6629	8914
6632	7204
6632	7939
6632	8692
6634	7954
6635	9617
6637	6753
6637	7972
6643	7748
6644	9875
6646	7388
6646	8417
6648	8593
6650	7381
6650	9781
6651	7112
6653	7445
6654	8480
6662	6915
6663	7294
6664	6965
6664	8035
6664	8330
6665	6804
6666	6699
6668	9733
6670	6927
6670	6948
6671	7224
6671	7242
6673	9600
6675	9742
6677	7799
6679	8476
6679	9312
6680	6947
6681	8346
6683	8393
6684	8081
6684	8318
6684	9326
6685	7296
6687	8087
6688	7108
6688	7902
6688	8251
6688	9634
6689	8864
6692	9002
6695	9260
6701	7396
6702	7372
6705	7005
6705	8696
6705	9945
6707	8249
6709	6926
6710	7523
6711	8220
6712	9557
6713	7007
6713	7538
6713	9039
6714	9123
6719	8514
6720	7773
6721	9893
6722	7253
6724	7686
6725	9481
6726	6924
6726	9066
6727	9791
6728	9259
6730	7943
6730	8345
6732	7166
6732	8741
6737	7686
6739	9225
6740	9046
6741	9614
6741	9758
6742	8806
6744	9460
6746	7345
6747	7121
6747	8328
6747	8505
6747	9384
6748	9922
6749	7840
6750	8877
6756	7872
6759	7049
6759	7524
6760	8648
6760	9803
6761	6788
6762	8443
6765	9849
6766	8578
6768	7156
6768	8226
6771	8837
6771	9294
6773	7637
6773	9728
6774	7022
6779	9783
6779	9919
6783	7432
6783	9348
6785	7654
6786	9775
6787	8380
6792	8032
6797	7467
6801	7931
6801	8276
6802	7341
6806	7169
6806	7980
6806	9033
6807	7124
6809	6968
6809	9572
6810	9963
6812	6907
6812	8673
6812	9278
6813	8978
6814	6929
6817	8254
6828	9670
6828	9718
6831	6936
6832	7775
6833	6843
6838	9505
6839	8961
6842	8001
6842	8525
6842	9509
6849	7213
6849	7684
6850	7034
6853	8212
6854	7784
6855	8405
6859	7045
6859	7251
6859	7715
6859	8871
6861	9790
6863	6968
6865	9372
6869	9052
6872	7644
6872	8204
6874	8375
6874	8562
6875	9895
6876	7914
6878	6916
6882	9833
6883	8039
6886	9676
6887	7303
6887	8110
6887	8274
6889	7335
6894	8035
6895	7546
6898	7976
6898	9660
6912	7387
6915	7708
6915	8652
6921	7017
6922	7384
6924	7666
6934	8674
6936	8377
6936	8675
6938	8068
6938	8356
6939	9516
6941	7535
6942	7443
6943	7981
6944	7418
6945	9410
6946	7861
6948	8896
6954	8401
6955	9389
6957	8516
6958	9574
6959	8722
6962	7723
6962	8921
6962	8993
6962	9532
6967	9402
6968	9366
6969	8307
6969	9433
6973	8602
6974	8304
6974	8710
6978	8521
6983	8981
6983	9953
6985	8593
6987	7842
6987	8190
6987	9142
6989	7293
6990	9608
6991	7167
6991	8201
6991	9362
6992	7941
6993	8428
6994	7317
6994	8500
6999	9918
7002	7538
7003	9335
7006	9158
7009	7590
7010	9659
7012	8180
7013	9028
7014	9677
7014	9796
7014	9895
7015	7163
7018	7285
7018	7849
7027	7720
7028	8739
7036	8908
7038	7694
7040	8536
7041	9770
7042	9276
7043	7070
7043	9430
7043	9549
7046	7935
7047	7559
7048	7435
7048	8453
7052	7053
7052	7098
7054	7892
7055	7914
7055	8753
7057	7606
7057	9274
7059	7483
7059	8239
7062	8630
7065	8153
7065	9852
7069	9946
7072	8023
7075	8482
7075	9516
7076	7361
7079	9578
7088	7479
7092	7918
7094	9961
7100	9539
7103	7160
7103	8068
7103	9867
7105	7328
7108	8575
7109	7129
7109	7884
7109	8374
7109	8654
7112	7462
7116	9651
7119	8811
7120	9795
7121	7801
7122	9523
7124	8016
7124	8029
7124	9739
7126	7427
7126	9269
7128	8729
7128	9755
7133	7426
7133	9502
7137	7989
7142	7603
7145	7685
7146	9637
7147	8266
7153	7664
7155	7778
7155	8946
7155	9474
7157	7440
7158	9421
7159	8727
7168	7367
7168	7822
7168	8142
7170	9203
7173	9019
7175	8611
7177	7996
7178	7594
7182	9734
7183	9836
7187	7890
7191	9636
7191	9905
7192	9756
7194	8498
7195	8312
7197	9620
7199	9789
7201	9443
7203	7249
7206	7483
7206	7824
7208	8001
7210	7351
7210	8483
7211	7991
7211	8346
7212	9872
7214	7748
7215	8590
7216	7250
7217	9655
7221	8548
7223	7466
7223	7993
7224	7316
7226	9760
7229	8018
7232	8191
7232	9683
7241	8292
7246	7344
7247	8144
7250	8573
7253	8362
7255	7618
7256	8277
7261	9160
7263	8897
7264	8272
7264	9831
7266	7975
7267	9287
7267	9884
7270	8054
7271	7833
7271	8364
7272	8933
7273	8653
7279	7963
7279	9363
7281	9090
7281	9851
7283	9723
7284	8015
7285	8441
7286	7657
7289	9773
7292	8819
7296	9122
7296	9345
7305	8509
7306	9006
7309	8622
7311	9081
7315	7462
7316	8221
7324	8174
7326	8007
7327	9001
7331	7555
7332	7737
7333	8400
7333	8622
7336	9143
7339	9167
7342	9514
7345	9908
7345	9937
7348	9673
7352	9591
7353	7558
7355	8353
7355	8408
7356	8875
7357	8624
7358	8753
7361	8301
7361	9077
7365	7672
7369	8827
7373	8146
7376	8506
7378	7390
7381	8388
7384	7424
7384	9191
7386	8095
7386	8138
7386	9058
7388	9587
7389	7509
7394	7496
7394	7689
7395	9068
7403	7676
7403	8126
7404	8203
7409	9911
7411	9623
7417	8451
7417	8660
7418	9917
7420	8237
7423	8968
7424	9891
7426	8449
7426	9705
7427	9566
7432	7700
7435	7601
7435	9679
7437	7891
7438	9898
7441	7473
7441	7568
7450	8252
7451	7910
7453	7537
7454	9092
7456	7920
7458	7656
7459	7844
7460	9581
7461	7939
7462	8671
7462	9307
7470	7985
7471	7801
7477	8250
7477	9312
7480	7619
7485	9446
7487	9171
7487	9245
7488	7975
7489	9663
7490	8873
7493	7803
7495	8412
7498	7893
7502	8929
7507	9608
7509	7840
7512	8758
7518	8207
7519	8333
7521	8219
7521	8535
7523	9956
7525	8911
7526	8919
7529	8344
7529	9118
7533	8734
7537	7858
7539	7678
7540	8634
7540	9094
7541	8317
7541	8645
7542	7758
7546	8327
7546	9886
7546	9981
7547	7760
7548	7969
7552	7946
7553	8106
7559	9829
7561	8815
7564	7926
7569	8386
7569	9895
7574	7942
7577	7947
7577	9972
7578	8223
7578	9568
7584	7928
7585	7738
7586	8892
7587	7700
7591	8383
7591	8456
7595	9310
7598	7835
7602	8132
7602	9535
7603	7786
7604	8070
7614	8218
7615	9096
7617	8641
7619	9482
7621	8348
7621	9539
7624	9875
7633	7655
7634	7682
7635	8973
7636	7703
7636	9261
7641	7764
7644	7661
7644	8095
7647	9702
7650	9579
7651	7915
7651	9758
7653	7817
7656	9264
7660	7782
7670	8254
7672	9421
7675	7716
7679	9106
7681	9340
7682	8823
7682	9929
7694	9692
7695	8571
7695	8649
7696	8287
7697	9210
7710	8090
7710	9166
7710	9319
7710	9584
7716	8334
7718	7853
7718	9180
7734	8150
7738	8370
7738	9023
7745	8570
7747	8086
7747	8240
7751	9776
7755	8343
7757	8583
7760	9002
7763	7782
7764	9395
7765	9207
7768	8050
7770	9913
7771	8293
7780	7970
7783	8506
7785	9461
7786	8209
7788	8511
7789	9121
7796	9027
7808	8639
7815	9046
7819	9891
7824	8906
7825	8389
7827	8877
7828	8020
7831	8185
7832	9710
7832	9857
7835	8499
7836	8636
7838	7880
7839	8719
7844	9306
7848	9848
7849	7888
7853	7856
7856	8073
7857	7938
7858	9663
7863	9118
7865	9888
7868	8611
7869	8275
7869	8450
7869	8813
7876	7934
7876	8602
7876	8708
7876	9508
7886	9047
7889	7981
7889	8802
7889	9185
7891	9815
7896	9636
7897	9077
7897	9281
7898	9894
7899	8099
7903	8375
7904	8941
7905	8117
7905	8632
7912	8729
7918	8210
7922	8041
7933	8840
7935	7936
7939	9181
7951	9521
7961	8493
7961	9215
7964	8549
7964	9845
7967	9923
7969	9304
7972	8195
7974	8163
7978	8745
7980	8843
7981	7998
7986	9944
7988	8589
7991	9867
7995	9819
8001	8715
8003	8824
8003	9035
8004	8802
8009	8879
8019	9501
8020	8173
8024	8388
8033	8228
8033	8555
8033	9391
8035	8948
8039	9098
8039	9681
8041	9376
8048	9845
8051	8443
8052	8840
8054	8368
8055	9735
8056	9433
8058	9598
8062	8610
8065	8402
8065	9148
8065	9262
8066	8994
8072	9392
8073	8989
8085	8877
8089	9624
8096	8496
8097	8257
8098	9760
8100	8871
8101	8146
8105	9353
8106	8804
8106	9506
8109	9199
8110	8556
8110	9773
8113	8855
8115	8220
8123	8788
8123	8854
8126	9871
8131	9813
8133	8625
8133	8746
8136	9059
8141	8333
8151	9750
8152	8625
8160	9234
8166	8714
8173	9106
8177	8231
8178	9724
8179	8701
8182	9466
8184	9932
8192	9825
8195	8301
8201	8595
8202	9920
8206	8578
8208	8651
8208	9047
8209	9325
8210	8949
8210	9564
8216	8604
8219	9654
8221	9522
8223	8778
8223	9159
8226	9543
8233	9285
8237	8951
8237	8990
8237	9702
8244	8620
8244	9009
8249	9527
8259	9569
8263	8350
8269	8967
8270	9411
8275	9671
8277	8706
8277	9381
8277	9810
8278	9044
8279	9995
8281	8732
8283	9265
8286	9148
8286	9214
8292	9929
8295	8894
8299	8795
8301	8451
8313	9493
8314	8717
8315	9127
8315	9497
8315	9694
8316	9860
8323	9810
8330	9143
8331	9585
8341	9088
8342	8696
8344	8393
8347	8401
8348	8841
8348	9700
8350	8371
8352	9751
8357	9134
8358	9579
8359	9139
8361	8697
8366	8666
8374	9350
8377	9589
8378	9104
8379	8700
8382	9866
8384	9957
8391	9083
8392	8479
8392	8866
8397	9487
8401	9866
8407	9595
8417	9652
8419	9170
8429	9486
8430	8926
8431	9377
8439	8502
8439	8866
8439	9270
8439	9635
8441	9918
8449	8875
8458	9015
8464	9639
8466	9071
8466	9334
8476	9619
8484	9201
8485	9292
8487	9784
8490	9537
8494	9193
8506	9244
8510	9400
8513	9066
8516	9224
8519	9823
8523	9324
8524	9193
8532	9489
8533	9512
8570	9078
8570	9390
8581	8844
8583	9390
8591	8931
8591	9550
8592	9832
8593	8796
8593	9458
8596	9147
8601	9131
8604	8725
8610	9420
8615	9396
8624	9086
8638	8992
8644	8827
8647	9552
8647	9710
8657	8789
8659	9460
8663	9416
8667	8861
8669	8750
8672	9395
8677	9121
8677	9984
8690	9798
8698	9490
8699	9306
8706	9337
8711	9189
8718	8774
8722	8868
8722	9989
8723	9082
8738	9997
8744	9903
8749	9849
8753	9856
8764	9021
8766	8824
8774	9675
8783	9926
8787	9596
8787	9863
8789	9672
8794	8897
8799	9302
8809	8983
8809	9010
8811	9233
8819	9137
8822	9747
8823	9119
8825	9846
8832	9130
8835	9350
8837	9475
8840	9528
8844	9113
8845	9301
8845	9588
8851	8909
8855	9682
8858	9899
8859	9990
8864	9968
8868	8987
8870	9317
8878	9939
8882	9935
8884	9309
8894	9114
8901	9966
8903	8950
8906	9018
8906	9703
8916	9283
8919	9692
8919	9945
8920	9785
8921	9016
8927	9270
8933	9260
8941	9000
8944	9372
8961	9126
8967	9869
8971	9734
8975	9050
8981	9624
8984	9894
8990	9922
9003	9274
9005	9085
9026	9455
9036	9707
9051	9576
9055	9239
9056	9856
9063	9380
9063	9392
9073	9272
9073	9600
9081	9211
9084	9422
9086	9321
9086	9778
9099	9771
9100	9652
9121	9179
9124	9248
9124	9515
9125	9510
9133	9429
9144	9829
9146	9227
9149	9947
9166	9980
9168	9426
9178	9757
9181	9990
9182	9887
9183	9447
9191	9540
9200	9496
9204	9653
9217	9767
9219	9571
9226	9289
9226	9697
9235	9980
9248	9285
9248	9314
9282	9797
9291	9804
9306	9820
9320	9345
9323	9834
9341	9343
9354	9898
9357	9578
9367	9456
9368	9960
9370	9555
9380	9664
9381	9471
9385	9647
9391	9949
9396	9627
9429	9965
9436	9632
9436	9994
9438	9837
9443	9581
9452	9739
9463	9647
9488	9568
9513	9762
9522	9623
9560	9679
9575	9925
9607	9788
9640	9673
9667	9828
9683	9980
9720	9733
9742	9917
9748	9856
9754	9858
9780	9847
9847	9876
9887	9911
535	1824
613	409
622	4506
710	4012
713	3657
812	2286
833	1679
851	8935
855	1424
923	9674
928	6912
944	520
965	488
1005	1535
1014	3582
1077	3811
1088	8279
1097	9863
1143	434
1165	9195
1276	3257
1301	8928
1310	6873
1348	3611
1355	7359
1359	9654
1372	4557
1373	106
1377	2615
1385	6924
1395	5574
1430	4552
1445	2547
1452	3527
1458	5514
1468	1674
1496	1519
1528	6224
1542	1584
1543	5881
1562	5635
1578	9891
1606	4333
1654	711
1692	7527
1699	8785
1757	2045
1809	6201
1812	1291
1816	9044
1826	4803
1860	5925
1862	9459
1873	3150
1878	1139
1884	750
1890	3733
1911	4741
1913	1307
1994	3814
2012	1654
2014	6227
2015	4554
2045	7428
2056	5977
2078	2664
2109	6065
2110	5820
2118	3432
2133	4374
2141	1169
2154	9980
2169	2803
2176	8751
2209	4010
2213	2677
2214	7573
2215	6216
2217	4422
2227	9125
2245	3598
2249	5313
2253	916
2270	3752
2275	525
2293	5168
2304	6572
2308	4386
2315	1084
2326	3456
2336	9292
2360	5155
2365	3483
2376	8179
2377	6482
2402	7517
2406	2340
2415	4339
2420	2287
2423	4040
2440	9197
2441	8830
2452	4304
2461	9577
2470	7019
2484	9560
2496	6543
2500	5930
2512	3593
2514	2266
2515	8348
2523	8085
2542	1489
2545	771
2546	1796
2551	2504
2557	2621
2558	6916
2571	9771
2576	1040
2593	6304
2610	6252
2613	9763
2616	7668
2627	8669
2633	4119
2650	9064
2655	188
2662	1876
2665	8797
2670	4371
2678	5573
2692	1827
2693	4808
2702	7123
2708	2591
2716	7433
2738	53
2760	4315
2761	8201
2764	2927
2767	8317
2770	1743
2772	4889
2775	8317
2788	9977
2794	3258
2798	2504
2810	6126
2812	2646
2813	8837
2814	8689
2819	9
2820	9813
2837	5310
2840	8005
2843	319
2845	1832
2848	5947
2857	5038
2886	3923
2890	949
2902	3946
2903	9295
2911	1290
2917	1403
2918	7962
2925	1133
2948	8727
2949	2060
2964	2103
2966	7787
2967	9007
2968	2705
2974	4342
2975	8645
2976	9938
2981	6932
2985	3470
2986	8835
2992	3295
2993	5107
3000	6537
3001	6118
3004	7177
3008	8479
3010	7397
3013	1982
3025	4061
3045	3681
3051	1049
3054	5539
3058	344
3059	9638
3060	9075
3069	3770
3075	9641
3085	3608
3086	117
3089	1163
3093	964
3095	3750
3096	1104
3099	514
3100	5413
3103	1160
3115	8423
3122	3899
3124	4562
3128	7953
3130	3510
3152	8834
3159	2167
3165	9355
3171	9440
3176	7744
3180	3981
3181	7749
3184	6669
3188	3119
3189	1545
3212	1588
3216	7062
3219	5804
3221	6939
3223	6735
3224	7651
3228	887
3238	1612
3245	993
3247	6596
3250	5559
3254	1790
3257	4073
3268	3139
3270	3116
3281	8786
3308	7350
3321	2296
3325	6912
3328	3006
3329	4563
3331	7579
3334	4092
3345	1235
3346	7260
3351	9016
3363	1604
3371	828
3374	8856
3379	241
3385	1528
3389	3872
3390	2724
3396	6658
3398	7956
3402	7886
3403	3502
3405	6570
3408	960
3410	2697
3412	6209
3419	35
3424	6396
3425	4345
3441	7454
3444	4673
3447	6930
3452	9105
3453	7973
3457	2536
3463	3111
3465	4861
3466	3566
3467	958
3483	9489
3484	8883
3488	998
3491	5138
3496	936
3500	821
3515	9571
3519	7811
3521	8238
3526	8701
3527	2579
3530	931
3531	8320
3535	1312
3538	3044
3542	1122
3544	9749
3558	1113
3560	3853
3562	6615
3564	1964
3589	9333
3595	4033
3596	9485
3603	9740
3607	651
3612	1343
3631	6868
3637	9562
3638	9260
3640	8565
3641	5183
3647	4272
3652	3346
3655	5147
3658	3910
3659	4351
3661	6484
3663	2144
3665	4915
3666	7491
3670	5180
3673	1188
3675	152
3676	7508
3677	9224
3680	1638
3682	1200
3694	8808
3695	3492
3709	8288
3717	4345
3726	2170
3733	5718
3737	1127
3743	4002
3745	6054
3747	4669
3754	2584
3775	7179
3776	8900
3777	4956
3778	8666
3782	128
3783	9086
3786	4905
3789	1697
3792	2200
3798	4333
3801	1891
3803	1753
3808	9064
3810	2546
3817	4462
3819	4616
3820	9909
3827	3450
3830	5617
3836	3335
3838	4325
3840	8280
3848	8004
3849	4114
3863	832
3870	1512
3871	6939
3873	4533
3874	722
3877	58
3878	5464
3879	2143
3881	4291
3882	2647
3884	7239
3885	9038
3890	7007
3893	9189
3896	158
3899	1832
3900	1232
3902	2442
3907	8938
3909	590
3913	6049
3915	9543
3922	9052
3924	2426
3927	7041
3928	2088
3931	685
3937	5050
3939	5974
3941	653
3944	5862
3956	3441
3959	4088
3960	1684
3963	5794
3965	9173
3968	6658
3972	2532
3973	3878
3974	2662
3977	2900
3983	6755
3984	406
3988	2938
3992	5442
3995	6745
3999	4065
4004	4371
4011	2608
4015	1771
4017	6267
4020	634
4024	7711
4034	3644
4036	3269
4038	7541
4041	5728
4045	5000
4047	3728
4052	3652
4056	387
4068	3164
4070	6528
4077	5378
4091	4564
4092	1137
4097	4573
4101	5753
4108	8346
4111	6548
4114	8785
4116	5425
4124	452
4127	1889
4131	4279
4133	2925
4134	9512
4135	4349
4137	626
4145	1776
4148	9774
4149	7119
4150	5663
4154	5139
4155	7149
4159	9932
4161	8379
4164	1894
4168	6311
4172	9446
4174	3114
4182	4173
4187	727
4192	7144
4193	27
4195	8518
4199	8821
4200	3228
4201	5967
4204	7066
4207	1146
4209	5409
4212	5143
4213	2041
4220	4920
4223	8308
4230	5067
4231	6691
4233	5344
4240	6592
4247	4844
4250	9083
4257	2085
4259	3143
4265	6888
4268	6211
4269	2851
4278	9324
4282	4930
4286	6653
4287	8977
4290	6
4294	4978
4305	4700
4314	3443
4315	7043
4320	9502
4321	9939
4325	5279
4327	7618
4329	7238
4332	7244
4338	3501
4339	8375
4341	7752
4343	2780
4350	1389
4352	4649
4353	8445
4358	5491
4361	1530
4362	3848
4373	5085
4375	3680
4376	3262
4377	2414
4382	400
4383	757
4384	4011
4388	7784
4389	1193
4393	7461
4396	6790
4400	9431
4403	3185
4405	6291
4406	8099
4408	6547
4417	3997
4419	2417
4429	90
4430	1746
4437	6965
4442	3585
4446	2881
4458	8486
4459	7611
4460	822
4468	9132
4469	4082
4473	1988
4474	7478
4475	2184
4480	7612
4485	8702
4492	9157
4494	9755
4496	5198
4499	7251
4501	8270
4502	6991
4503	8976
4505	7305
4510	2607
4515	7777
4524	7373
4527	4246
4528	4050
4535	4543
4538	8540
4548	7939
4551	3919
4552	4499
4554	7206
4558	1269
4560	4681
4566	3841
4570	4451
4573	5502
4580	5238
4585	8849
4593	1320
4594	2267
4596	2471
4600	3788
4601	6275
4605	2503
4606	3505
4616	1052
4619	6797
4620	6678
4624	5421
4627	8890
4630	7633
4633	6812
4634	1020
4636	3388
4637	6883
4638	6381
4640	9569
4642	320
4645	9432
4648	6232
4653	7814
4654	96
4656	5763
4664	4892
4666	6389
4667	6865
4669	8818
4671	8947
4672	9883
4673	3613
4675	7999
4677	3595
4678	4471
4681	7140
4682	7956
4685	475
4686	6371
4690	5507
4692	6624
4693	2704
4705	7657
4706	2091
4707	8751
4712	441
4713	6455
4714	9697
4716	9246
4717	444
4722	1375
4727	7022
4728	2223
4732	7564
4733	2977
4734	823
4737	4262
4738	6211
4739	5363
4744	3467
4745	7449
4746	5355
4748	5529
4754	6211
4757	4558
4759	6906
4760	4133
4762	1341
4763	7705
4769	317
4770	8837
4773	853
4774	5733
4775	3673
4777	1124
4780	659
4782	508
4783	4051
4786	3266
4791	333
4792	2496
4798	3908
4799	2068
4802	7758
4805	1874
4815	9240
4817	3571
4818	7619
4821	4198
4823	6043
4827	2749
4828	9926
4831	9949
4833	1876
4835	2683
4838	5096
4846	1771
4847	9481
4849	420
4850	5111
4852	9433
4855	6149
4856	6498
4858	3249
4860	1245
4863	9700
4867	3978
4868	1669
4871	4941
4876	9837
4877	1983
4878	9272
4880	672
4892	5688
4894	8728
4896	7018
4899	6071
4909	1129
4918	8289
4925	5590
4928	207
4929	6882
4931	8031
4933	1729
4935	7102
4936	5934
4939	7532
4940	2506
4944	7135
4947	2885
4953	8548
4959	4425
4961	8817
4962	7921
4963	7616
4969	7136
4971	9707
4973	4397
4974	5280
4975	4022
4978	1419
4980	4569
4981	7385
4983	3995
4992	7613
4994	9336
4995	9999
4999	6209
5005	5511
5009	470
5011	8098
5012	5325
5015	2979
5018	7988
5019	3475
5022	5813
5023	4232
5028	5576
5039	4581
5044	9767
5045	4526
5046	9106
5051	166
5054	8464
5058	3130
5059	1402
5061	3954
5064	6658
5069	8004
5070	9096
5071	3937
5072	7800
5081	8041
5082	7342
5084	282
5085	1524
5086	4820
5092	3630
5093	6625
5094	3986
5095	5016
5100	9528
5101	6046
5103	7753
5108	9068
5109	8698
5112	5632
5113	6971
5115	9017
5118	5419
5121	5764
5122	7434
5123	4438
5125	5023
5126	4118
5127	3777
5129	1976
5130	3155
5132	5169
5138	1958
5139	8779
5142	3033
5143	3138
5145	3545
5146	7933
5150	4530
5153	9659
5155	8595
5157	9777
5158	4636
5164	1647
5167	3180
5168	4853
5169	3727
5170	5912
5180	2939
5182	4952
5190	231
5191	8751
5194	2073
5195	4494
5196	745
5197	893
5205	9066
5213	4786
5215	2068
5224	8042
5225	1680
5230	200
5233	9405
5235	4658
5237	7690
5241	7843
5243	7216
5245	5582
5252	3020
5253	841
5255	4136
5256	7827
5257	1869
5259	1070
5260	6565
5262	8056
5265	1213
5267	9453
5268	878
5269	2485
5271	2444
5276	9221
5277	4978
5278	1395
5280	4066
5283	1940
5284	9143
5286	6818
5288	9933
5289	9766
5291	3697
5293	8561
5298	6232
5299	7381
5308	7253
5311	4871
5316	9642
5317	7025
5321	5003
5329	9316
5332	986
5333	9988
5334	1625
5337	3404
5338	3457
5340	4335
5341	1330
5342	2573
5344	3929
5345	2847
5347	9043
5348	1229
5349	2564
5352	43
5353	6693
5355	7381
5356	9729
5357	7699
5364	4771
5366	534
5370	3792
5372	4720
5376	4632
5378	7438
5379	1166
5380	3824
5382	4334
5386	9663
5392	3241
5393	6965
5394	1880
5395	8922
5396	3683
5399	2441
5400	4352
5401	2330
5407	1169
5409	977
5410	2718
5415	5039
5416	9749
5418	9325
5419	4728
5421	7195
5423	2037
5428	7679
5432	4982
5434	6594
5435	4460
5441	8199
5447	8847
5448	8090
5450	7172
5451	1317
5452	9798
5456	653
5461	7078
5465	5280
5467	9891
5468	4102
5472	423
5475	1496
5476	3750
5478	9424
5480	9619
5482	339
5484	4415
5485	9441
5487	659
5488	2870
5490	7708
5492	8502
5495	7245
5496	4557
5501	2973
5502	9590
5505	7141
5510	8056
5511	1494
5514	7700
5516	5700
5519	6690
5522	5460
5523	5260
5524	1713
5525	2634
5526	5403
5529	6744
5530	8117
5531	4722
5532	6561
5535	9012
5536	601
5538	7451
5542	1442
5548	5153
5551	4135
5553	5296
5554	1899
5556	6622
5558	8431
5561	18
5565	8889
5567	7569
5570	6770
5571	888
5572	3073
5574	8494
5576	5927
5577	8167
5581	7242
5582	845
5586	3335
5587	4375
5589	8998
5590	2146
5592	4719
5594	7178
5595	7941
5604	1989
5606	472
5612	9975
5614	3920
5615	2594
5618	5091
5619	9024
5621	224
5627	9048
5629	6684
5630	1527
5632	3681
5633	1858
5634	7560
5635	1924
5638	2522
5639	8165
5641	4781
5643	8337
5644	4479
5645	6807
5647	7905
5648	7736
5652	3993
5653	7483
5656	9031
5657	2369
5658	6284
5659	3122
5660	9820
5661	8327
5662	2236
5664	1143
5665	4526
5666	6798
5668	5568
5669	8318
5670	4377
5672	42
5673	4634
5674	4891
5677	9616
5678	9501
5679	8022
5686	2434
5688	7316
5689	8824
5690	7935
5691	5654
5692	5446
5697	9042
5700	8903
5707	6180
5709	7460
5712	5272
5714	3090
5715	3912
5718	9368
5722	6274
5723	3826
5724	6730
5727	715
5728	5213
5734	7749
5738	6246
5739	6325
5740	2492
5741	8115
5742	606
5743	2068
5744	8229
5745	9669
5748	5439
5749	1644
5751	7213
5752	1633
5753	8617
5755	7486
5759	251
5760	2361
5762	6717
5763	2529
5764	1225
5765	7692
5770	4342
5774	5546
5780	6512
5781	1315
5785	5383
5786	8742
5788	6226
5789	5188
5791	7994
5793	8864
5794	588
5798	1121
5803	3846
5804	4708
5805	3727
5806	1480
5807	7110
5808	1612
5814	1646
5815	7269
5818	2725
5819	4906
5822	474
5823	753
5824	5314
5825	919
5828	4806
5832	5873
5840	6141
5845	7056
5848	2385
5850	4000
5854	8702
5855	6751
5856	9272
5857	2950
5859	2785
5862	2868
5865	1293
5867	9985
5870	6267
5871	3945
5875	8153
5876	9554
5877	2344
5878	3804
5879	7555
5880	4161
5884	7529
5885	4183
5886	153
5889	7622
5891	4712
5893	8955
5895	2588
5898	1210
5899	7237
5905	5661
5907	9626
5908	4901
5911	6951
5913	4097
5914	7484
5917	4949
5924	3263
5927	6302
5928	7916
5930	1747
5933	3886
5934	6248
5935	9370
5936	5881
5940	9417
5942	4847
5945	4837
5946	359
5947	6484
5953	4497
5954	132
5955	9272
5959	803
5961	9935
5963	8138
5964	4689
5967	3770
5969	9946
5975	5772
5976	3588
5977	3115
5978	4106
5979	2240
5980	1591
5981	645
5984	5061
5986	7222
5990	546
5991	9495
5995	5977
5996	2153
5997	1476
6000	4835
6001	5352
6002	6807
6004	2877
6006	3289
6011	2165
6014	8837
6016	5994
6020	8697
6022	8221
6025	4465
6031	2695
6034	4210
6035	7894
6036	4835
6038	5549
6040	1886
6047	7673
6048	1233
6054	2306
6056	3696
6057	6511
6058	9131
6060	5992
6063	1479
6064	6464
6065	228
6066	4332
6071	8791
6074	2024
6077	7451
6079	6038
6080	4295
6082	9577
6083	6242
6085	6086
6087	1775
6089	3830
6093	7724
6094	410
6097	9198
6098	5374
6102	9995
6103	3626
6105	1035
6108	7606
6110	4951
6111	6689
6112	1911
6113	2290
6114	742
6116	609
6117	4986
6120	8071
6124	1902
6125	1592
6126	3846
6129	8807
6131	2222
6133	6367
6138	7432
6140	6078
6143	8850
6144	6866
6145	9622
6148	2531
6149	6797
6153	1622
6156	8017
6157	6686
6158	4583
6160	536
6161	6070
6162	3559
6164	7264
6165	7285
6167	3868
6170	5942
6171	1627
6172	6018
6181	8920
6183	5876
6184	992
6185	6523
6186	4520
6188	3109
6190	2001
6193	7450
6196	1501
6199	3475
6200	9783
6201	349
6202	828
6207	5464
6208	3990
6209	2063
6212	9250
6213	3362
6214	1124
6215	9080
6219	3394
6220	9607
6224	3538
6226	3817
6228	5383
6229	2417
6230	9764
6233	46
6236	4542
6237	2370
6243	2129
6244	8850
6248	4106
6251	2858
6252	1801
6254	422
6256	2159
6259	243
6261	5869
6263	3898
6264	9647
6265	5304
6266	258
6267	2854
6269	4347
6271	858
6274	2076
6275	6897
6285	8619
6286	1862
6288	1041
6292	7802
6293	7344
6294	5931
6295	8408
6297	9726
6299	1786
6307	7405
6309	8254
6310	3629
6312	710
6313	8543
6315	4941
6316	7504
6320	510
6321	996
6323	7847
6325	6580
6327	6984
6328	1768
6329	8032
6331	7267
6332	1204
6334	1323
6336	5277
6337	9966
6338	2430
6339	1076
6341	2067
6342	4505
6343	9590
6346	8984
6350	5327
6351	6240
6355	9787
6357	8692
6360	4831
6361	7433
6364	8282
6365	9919
6367	7048
6368	1624
6370	1874
6371	9033
6372	3522
6373	7046
6377	7398
6378	3743
6380	6779
6381	5553
6382	7430
6383	6532
6388	6815
6390	1557
6391	5120
6392	6992
6395	5120
6396	4176
6397	6132
6400	2500
6402	7770
6403	1099
6406	1494
6413	1398
6414	1527
6416	7075
6417	1582
6419	6105
6424	2131
6429	9115
6430	982
6432	9608
6435	9201
6436	9202
6438	5400
6440	2002
6444	6730
6445	5793
6446	6929
6447	842
6449	4712
6451	9837
6453	5119
6454	5761
6458	1697
6459	9468
6460	8313
6464	3485
6466	2535
6469	7900
6475	3674
6476	1773
6477	5736
6478	9113
6479	6022
6480	1882
6481	4564
6482	9406
6485	3705
6487	7030
6488	9190
6489	9121
6490	430
6493	9977
6494	4381
6497	474
6499	2955
6502	4477
6505	5062
6506	5567
6515	5751
6516	100
6518	2972
6519	2347
6521	9278
6522	6566
6523	1140
6524	2324
6529	502
6533	1503
6534	8691
6535	3524
6538	6163
6541	6878
6544	7432
6549	5585
6551	2578
6552	6062
6553	5105
6556	5314
6558	9299
6561	9768
6562	1391
6564	861
6568	2549
6569	2579
6570	815
6571	1336
6572	4458
6573	7259
6574	6947
6575	7957
6578	9946
6580	7242
6581	6785
6584	4475
6587	3531
6592	8394
6595	1864
6597	5655
6599	7043
6600	1816
6608	4640
6613	9717
6614	7972
6615	8633
6619	5053
6620	744
6621	3612
6622	6475
6623	9819
6624	897
6625	125
6626	3349
6628	4938
6630	3460
6631	2248
6633	4186
6636	4742
6638	5375
6639	1965
6640	126
6641	8149
6642	7055
6645	2878
6647	2116
6649	6229
6652	8725
6655	3770
6656	8196
6657	9154
6658	5802
6659	1180
6660	6505
6661	693
6667	7147
6669	307
6672	7532
6674	1275
6676	5129
6678	9433
6682	7033
6686	9394
6690	6626
6691	6843
6693	4743
6694	1887
6696	6636
6697	341
6698	5321
6699	2815
6700	7538
6703	5928
6704	1443
6706	7155
6708	1734
6715	3986
6716	7138
6717	9648
6718	6560
6723	8584
6729	1288
6731	6484
6733	5083
6734	5562
6735	3630
6736	5456
6738	2754
6743	1251
6745	8363
6751	1868
6752	8693
6753	8355
6754	3176
6755	5724
6757	5752
6758	2419
6763	3871
6764	1684
6767	2399
6769	4193
6770	3232
6772	2842
6775	9869
6776	2504
6777	1234
6778	2902
6780	8095
6781	7601
6782	9236
6784	9494
6788	7354
6789	9248
6790	5295
6791	5179
6793	2473
6794	7205
6795	1118
6796	7682
6798	7245
6799	4961
6800	4500
6803	9689
6804	920
6805	5766
6808	8312
6811	1215
6815	5085
6816	7565
6818	7404
6819	616
6820	932
6821	6041
6822	4703
6823	1257
6824	1479
6825	9733
6826	8307
6827	6299
6829	7581
6830	9508
6834	9081
6835	672
6836	7368
6837	9366
6840	3084
6841	5267
6843	9912
6844	7792
6845	8214
6846	2471
6847	1013
6848	7381
6851	1695
6852	5626
6856	1381
6857	8266
6858	2827
6860	641
6862	4059
6864	7172
6866	7199
6867	8586
6868	8564
6870	9991
6871	2600
6873	5962
6877	6108
6879	4634
6880	6347
6881	6697
6884	5543
6885	9795
6888	857
6890	5482
6891	1079
6892	5401
6893	1548
6896	9141
6897	6333
6899	4655
6900	4128
6901	9874
6902	2463
6903	5461
6904	1335
6905	9547
6906	2317
6907	5731
6908	5082
6909	6421
6910	2112
6911	9749
6913	1388
6914	5072
6916	9157
6917	6171
6918	5381
6919	2093
6920	8624
6923	1531
6925	6937
6926	8331
6927	5928
6928	298
6929	5940
6930	5060
6931	2953
6932	3509
6933	5598
6935	7967
6937	3145
6940	3711
6947	2253
6949	2538
6950	1264
6951	4846
6952	1657
6953	8317
6956	8843
6960	8626
6961	618
6963	5517
6964	2147
6965	9785
6966	6172
6970	2527
6971	2658
6972	2962
6975	2712
6976	7170
6977	715
6979	6731
6980	5968
6981	3891
6982	7277
6984	4668
6986	7355
6988	3833
6995	8749
6996	3918
6997	5070
6998	7684
7000	3178
7001	6026
7004	9345
7005	7218
7007	7564
7008	4616
7011	6256
7016	8239
7017	8641
7019	6859
7020	2655
7021	3271
7022	9906
7023	2267
7024	4096
7025	854
7026	7873
7029	6081
7030	9085
7031	1680
7032	8452
7033	2042
7034	4670
7035	1374
7037	2626
7039	4469
7044	7361
7045	8410
7049	2414
7050	7167
7051	1502
7053	3637
7056	7391
7058	5727
7060	436
7061	6797
7063	872
7064	6495
7066	8224
7067	6126
7068	3862
7070	6326
7071	1337
7073	6142
7074	3678
7077	461
7078	5221
7080	1623
7081	5493
7082	2392
7083	2254
7084	627
7085	4700
7086	7740
7087	2273
7089	7685
7090	7349
7091	86
7093	1298
7095	311
7096	4193
7097	3533
7098	2449
7099	8991
7101	9975
7102	8647
7104	6934
7106	1821
7107	4720
7110	3893
7111	4934
7113	1996
7114	782
7115	3906
7117	6878
7118	7489
7123	1029
7125	1816
7127	8189
7129	9776
7130	8782
7131	269
7132	8443
7134	9421
7135	3963
7136	2352
7138	4772
7139	7032
7140	25
7141	5780
7143	3941
7144	9349
7148	6825
7149	3068
7150	1402
7151	8576
7152	5908
7154	1108
7156	8618
7160	8914
7161	8312
7162	8316
7163	9079
7164	333
7165	6397
7166	7702
7167	713
7169	6338
7171	6116
7172	4155
7174	266
7176	5850
7179	1106
7180	5649
7181	3950
7184	1698
7185	9533
7186	5447
7188	2185
7189	726
7190	5772
7193	8945
7196	5546
7198	2868
7200	7612
7202	7840
7204	2986
7205	2209
7207	1033
7209	7498
7213	605
7218	4807
7219	3302
7220	717
7222	3268
7225	686
7227	5170
7228	5080
7230	8444
7231	6524
7233	8897
7234	7756
7235	4150
7236	599
7237	3131
7238	4687
7239	5848
7240	783
7242	5438
7243	4476
7244	2039
7245	6029
7248	7159
7249	6553
7251	7204
7252	6334
7254	5554
7257	3060
7258	8129
7259	8151
7260	6018
7262	8507
7265	4369
7268	1353
7269	6955
7274	1293
7275	7055
7276	9870
7277	2956
7278	8937
7280	4813
7282	5262
7287	1680
7288	1311
7290	5372
7291	4843
7293	5021
7294	7305
7295	9873
7297	6981
7298	2730
7299	7272
7300	5759
7301	7325
7302	693
7303	5776
7304	7126
7307	4498
7308	939
7310	1229
7312	6655
7313	5952
7314	8406
7317	2621
7318	510
7319	2339
7320	9954
7321	7179
7322	570
7323	2068
7325	1101
7328	3866
7329	6001
7330	5933
7334	6272
7335	9293
7337	530
7338	9913
7340	2513
7341	7371
7343	6077
7344	6095
7346	7273
7347	1259
7349	9403
7350	2255
7351	8674
7354	6012
7359	6521
7360	5150
7362	4566
7363	4089
7364	1858
7366	424
7367	3048
7368	8176
7370	8482
7371	6340
7372	9202
7374	1929
7375	4288
7377	4264
7379	7311
7380	3515
7382	4678
7383	8047
7385	3279
7387	2009
7390	2223
7391	1213
7392	7406
7393	2828
7396	7292
7397	1438
7398	5236
7399	5692
7400	1063
7401	9011
7402	8882
7405	4757
7406	4914
7407	2580
7408	2852
7410	5922
7412	8335
7413	3673
7414	1988
7415	3292
7416	2275
7419	3878
7421	8094
7422	430
7425	5912
7428	9077
7429	9376
7430	6044
7431	7657
7433	9038
7434	2126
7436	1412
7439	1077
7440	5067
7442	6523
7443	7842
7444	8612
7445	6730
7446	6708
7447	9419
7448	1208
7449	2053
7452	5194
7455	1215
7457	7372
7463	7632
7464	8476
7465	5644
7466	2102
7467	9032
7468	9630
7469	2981
7472	2114
7473	7088
7474	8238
7475	907
7476	2034
7478	8488
7479	2507
7481	4982
7482	2697
7483	2653
7484	5286
7486	3694
7491	5669
7492	8501
7494	4653
7496	1292
7497	4105
7499	3216
7500	9024
7501	4496
7503	2050
7504	4961
7505	8740
7506	1530
7508	8234
7510	2762
7511	9696
7513	9513
7514	2526
7515	2804
7516	9914
7517	5531
7520	9234
7522	674
7524	464
7527	1330
7528	744
7530	9449
7531	4336
7532	3453
7534	9373
7535	6825
7536	496
7538	8159
7543	8938
7544	4745
7545	4949
7549	7912
7550	4012
7551	6653
7554	4873
7555	7430
7556	1195
7557	981
7558	2589
7560	7202
7562	6809
7563	7933
7565	7609
7566	3342
7567	5573
7568	9939
7570	2353
7571	5121
7572	5231
7573	5658
7575	6532
7576	2142
7579	6070
7580	8437
7581	9202
7582	1739
7583	5228
7588	3960
7589	7642
7590	2007
7592	4382
7593	7366
7594	4061
7596	2308
7597	1586
7599	829
7600	4754
7601	6293
7605	6850
7606	4067
7607	2616
7608	5364
7609	9464
7610	5123
7611	3110
7612	2610
7613	8163
7616	8433
7618	7648
7620	8171
7622	5055
7623	8148
7625	379
7626	1475
7627	6442
7628	8281
7629	7491
7630	3944
7631	3524
7632	9557
7637	5781
7638	797
7639	828
7640	4609
7642	8108
7643	9789
7645	7710
7646	4681
7648	8793
7649	133
7652	1761
7654	7060
7655	2194
7657	4333
7658	5992
7659	6606
7661	5995
7662	741
7663	6563
7664	838
7665	9343
7666	9204
7667	3189
7668	5939
7669	9064
7671	4728
7673	1204
7674	6329
7676	8261
7677	7378
7678	9008
7680	4582
7683	1946
7684	2108
7685	1584
7686	6453
7687	6114
7688	5555
7689	9139
7690	5990
7691	2363
7692	3261
7693	9870
7698	8341
7699	6576
7700	8193
7701	659
7702	742
7703	637
7704	2245
7705	5456
7706	7761
7707	8508
7708	7487
7709	2440
7711	9932
7712	8446
7713	2290
7714	5373
7715	5218
7717	2662
7719	6438
7720	4902
7721	9727
7722	5511
7723	8311
7724	8351
7725	8721
7726	8025
7727	9222
7728	4911
7729	7780
7730	272
7731	6035
7732	5427
7733	1795
7735	6824
7736	9563
7737	5040
7739	436
7740	9779
7741	7775
7742	4350
7743	9477
7744	9463
7746	3728
7748	841
7749	9560
7750	7871
7752	2793
7753	8589
7754	6229
7756	2421
7758	3968
7759	517
7761	9380
7762	1800
7766	3125
7767	310
7769	7225
7772	5139
7773	6861
7774	2481
7775	6765
7776	3340
7777	6723
7778	8221
7779	7726
7781	1020
7782	2262
7784	8498
7787	3397
7790	9189
7791	5325
7792	7837
7793	8609
7794	6173
7795	5140
7797	2837
7798	7531
7799	8734
7800	5608
7801	8950
7802	5804
7803	4331
7804	9995
7805	7932
7806	3150
7807	4038
7809	4571
7810	9143
7811	4890
7812	3684
7813	4876
7814	4735
7816	3396
7817	8011
7818	5194
7820	7861
7821	5714
7822	9183
7823	4480
7826	4715
7829	1996
7830	9395
7833	8899
7834	6220
7837	6464
7840	5654
7841	2399
7842	4758
7843	689
7845	4712
7846	1294
7847	5674
7850	7247
7851	4201
7852	7849
7854	3505
7855	3310
7859	8824
7860	4442
7861	9208
7862	4450
7864	2249
7866	1789
7867	9614
7870	3920
7871	3972
7872	831
7873	8700
7874	3697
7875	3814
7877	860
7878	1641
7879	6771
7880	5411
7881	7739
7882	1647
7883	2252
7884	84
7885	9016
7887	2587
7888	6666
7890	7793
7892	7822
7893	3267
7894	4706
7895	5262
7900	4676
7901	969
7902	1465
7906	9406
7907	3804
7908	8767
7909	611
7910	2868
7911	6846
7913	2880
7914	595
7915	6504
7916	8116
7917	3052
7919	4742
7920	613
7921	151
7923	4888
7924	9305
7925	9875
7926	1758
7927	5489
7928	4662
7929	7444
7930	8901
7931	8590
7932	8092
7934	2198
7936	8261
7937	7668
7938	4470
7940	3159
7941	1845
7942	5417
7943	2662
7944	7518
7945	4215
7946	3050
7947	230
7948	5523
7949	4833
7950	9302
7952	3164
7953	2875
7954	6643
7955	7007
7956	8442
7957	5372
7958	1421
7959	6567
7960	1562
7962	3027
7963	2303
7965	7822
7966	5301
7968	4064
7970	111
7971	4272
7973	6284
7975	3858
7976	7319
7977	4374
7979	5400
7982	4947
7983	9543
7984	9386
7985	187
7987	4285
7989	5890
7990	3871
7992	1017
7993	1936
7994	7625
7996	5026
7997	2616
7998	6642
7999	8233
8000	5095
8002	1923
8005	4833
8006	6021
8007	3618
8008	3590
8010	2188
8011	7834
8012	2509
8013	7454
8014	9924
8015	6121
8016	6813
8017	8998
8018	7714
8021	8806
8022	3578
8023	4054
8025	9761
8026	1341
8027	8609
8028	7319
8029	8653
8030	5927
8031	1279
8032	9243
8034	1838
8036	1011
8037	8972
8038	8281
8040	3312
8042	9383
8043	8792
8044	2455
8045	2695
8046	5375
8047	8525
8049	7239
8050	1904
8053	3365
8057	9554
8059	8008
8060	1489
8061	8361
8063	7298
8064	911
8067	7429
8068	2161
8069	8409
8070	6806
8071	7484
8074	9239
8075	945
8076	9155
8077	7575
8078	5049
8079	356
8080	6487
8081	4169
8082	49
8083	3570
8084	9475
8086	1196
8087	742
8088	6941
8090	5644
8091	1044
8092	8866
8093	987
8094	1130
8095	7734
8099	519
8102	4703
8103	6698
8104	2948
8107	2218
8108	6887
8111	6135
8112	6266
8114	7348
8116	6184
8117	6154
8118	1314
8119	8835
8120	2178
8121	5697
8122	1943
8124	2924
8125	8802
8127	6439
8128	8664
8129	2086
8130	3648
8132	56
8134	372
8135	4888
8137	7585
8138	8920
8139	6948
8140	8715
8142	6214
8143	3762
8144	4055
8145	7546
8146	5671
8147	2541
8148	4516
8149	3088
8150	1848
8153	527
8154	6868
8155	256
8156	3943
8157	3376
8158	1102
8159	1653
8161	9731
8162	550
8163	7314
8164	9794
8165	797
8167	4009
8168	724
8169	6590
8170	7191
8171	3839
8172	8843
8174	3559
8175	924
8176	2295
8180	8255
8181	4739
8183	3836
8185	9438
8186	5224
8187	9461
8188	9796
8189	5253
8190	3881
8191	4944
8193	2347
8194	8540
8196	3621
8197	6775
8198	4923
8199	4508
8200	998
8203	9121
8204	9693
8205	2869
8207	6999
8211	9107
8212	8120
8213	768
8214	5642
8215	6244
8217	8592
8218	5222
8220	6821
8222	6688
8224	2444
8225	4913
8227	6167
8228	3012
8229	8813
8230	7758
8231	3948
8232	3692
8234	4927
8235	2365
8236	7586
8238	944
8239	9214
8240	6761
8241	6824
8242	9130
8243	8683
8245	2196
8246	6363
8247	3978
8248	4177
8250	3331
8251	5411
8252	1295
8253	7369
8254	6079
8255	1514
8256	8775
8257	3120
8258	844
8260	4398
8261	6179
8262	9911
8264	9878
8265	647
8266	1192
8267	3082
8268	9626
8271	9156
8272	3555
8273	7854
8274	3422
8276	5455
8280	4967
8282	251
8284	3470
8285	3113
8287	1922
8288	7846
8289	3974
8290	9902
8291	3350
8293	6498
8294	3921
8296	9045
8297	5269
8298	4637
8300	6236
8302	7639
8303	8743
8304	5886
8305	5053
8306	4285
8307	5892
8308	8401
8309	8147
8310	7635
8311	1615
8312	7692
8317	5246
8318	3328
8319	6073
8320	5126
8321	6781
8322	749
8324	9216
8325	3625
8326	2390
8327	265
8328	4272
8329	9065
8332	9568
8333	9488
8334	6841
8335	4836
8336	2497
8337	3214
8338	5404
8339	3768
8340	6223
8343	9335
8345	4026
8346	8180
8349	9021
8351	5530
8353	4216
8354	8005
8355	8037
8356	7550
8360	2756
8362	5770
8363	2773
8364	2293
8365	8954
8367	8000
8368	3015
8369	8882
8370	962
8371	8584
8372	554
8373	1217
8375	794
8376	104
8380	6756
8381	2252
8383	3791
8385	1113
8386	2474
8387	149
8388	3583
8389	8285
8390	7471
8393	6114
8394	990
8395	7916
8396	7993
8398	257
8399	108
8400	8719
8402	9038
8403	6739
8404	194
8405	274
8406	8673
8408	4501
8409	8777
8410	4697
8411	280
8412	8228
8413	7054
8414	2937
8415	1753
8416	1578
8418	8591
8420	2439
8421	3948
8422	3144
8423	8625
8424	4135
8425	5807
8426	4379
8427	6502
8428	1294
8432	6112
8433	6652
8434	7520
8435	9256
8436	3984
8437	3700
8438	4914
8440	1320
8442	519
8443	1531
8444	6640
8445	6213
8446	6179
8447	9055
8448	7798
8450	919
8451	154
8452	2807
8453	1354
8454	8189
8455	7109
8456	5427
8457	9270
8459	1562
8460	8653
8461	697
8462	3764
8463	3463
8465	9286
8467	7790
8468	4441
8469	762
8470	1218
8471	4593
8472	8897
8473	9232
8474	539
8475	2938
8477	5152
8478	256
8479	3394
8480	9617
8481	2362
8482	6525
8483	1260
8486	4903
8488	2661
8489	9239
8491	3939
8492	9284
8493	6375
8495	8856
8496	5435
8497	6288
8498	2292
8499	1284
8500	8204
8501	5666
8502	879
8503	1600
8504	7161
8505	3803
8507	1245
8508	5580
8509	9915
8511	9758
8512	6499
8514	5347
8515	485
8517	4478
8518	7381
8520	8038
8521	3737
8522	5829
8525	9060
8526	6150
8527	7075
8528	3043
8529	9598
8530	6227
8531	1404
8534	4839
8535	4037
8536	1204
8537	1344
8538	4390
8539	2526
8540	6225
8541	2527
8542	6383
8543	5188
8544	5909
8545	1745
8546	1499
8547	85
8548	5050
8549	7286
8550	5896
8551	4419
8552	1674
8553	2170
8554	1430
8555	3070
8556	7061
8557	7353
8558	9125
8559	9088
8560	8395
8561	6685
8562	1692
8563	430
8564	1468
8565	5798
8566	9080
8567	1524
8568	9780
8569	9798
8571	5315
8572	6311
8573	202
8574	4781
8575	6779
8576	6353
8577	1387
8578	9167
8579	3977
8580	9370
8582	8537
8584	2778
8585	6237
8586	2777
8587	2274
8588	4405
8589	4933
8590	4397
8594	8079
8595	2390
8597	1036
8598	2739
8599	7121
8600	4521
8602	6899
8603	4911
8605	7933
8606	1260
8607	5916
8608	4123
8609	4040
8611	8123
8612	9728
8613	3203
8614	7501
8616	1752
8617	2219
8618	4991
8619	110
8620	6483
8621	5443
8622	6224
8623	5399
8625	7212
8626	5484
8627	7055
8628	9738
8629	2230
8630	4922
8631	5253
8632	9883
8633	3290
8634	7848
8635	5147
8636	2910
8637	6524
8639	5228
8640	4775
8641	8044
8642	9435
8643	3971
8645	5339
8646	6161
8648	4592
8649	6437
8650	5980
8651	1865
8652	9238
8653	3273
8654	9703
8655	8939
8656	2947
8658	9012
8660	440
8661	7563
8662	3434
8664	7183
8665	4773
8666	1133
8668	6703
8670	8180
8671	2280
8673	4961
8674	3965
8675	4139
8676	2525
8678	6932
8679	6176
8680	1211
8681	7357
8682	9796
8683	7851
8684	9539
8685	6566
8686	8755
8687	8300
8688	6853
8689	8907
8691	602
8692	5890
8693	8796
8694	9729
8695	1392
8696	1791
8697	4067
8700	5816
8701	2725
8702	725
8703	9227
8704	6547
8705	5432
8707	7052
8708	1735
8709	172
8710	1615
8712	4239
8713	3637
8714	8366
8715	8499
8716	9142
8717	9511
8719	9424
8720	3621
8721	7303
8724	6129
8725	6408
8726	7586
8727	9643
8728	8199
8729	2469
8730	5651
8731	402
8732	7909
8733	1712
8734	4840
8735	6815
8736	1406
8737	1901
8739	2321
8740	5707
8741	5110
8742	5620
8743	7460
8745	3389
8746	8537
8747	7912
8748	5706
8750	7801
8751	1599
8752	7178
8754	7412
8755	5225
8756	1100
8757	4919
8758	732
8759	1885
8760	370
8761	5620
8762	1791
8763	2692
8765	3996
8767	8454
8768	2858
8769	9042
8770	2623
8771	5422
8772	9172
8773	6985
8775	7570
8776	3798
8777	6636
8778	3022
8779	3053
8780	7080
8781	6481
8782	478
8784	3232
8785	7365
8786	9702
8788	7037
8790	6370
8791	72
8792	3519
8793	3371
8795	4560
8796	1025
8797	9459
8798	1667
8800	8796
8801	3063
8802	5993
8803	5340
8804	3228
8805	7496
8806	1867
8807	4298
8808	8019
8810	8646
8812	5134
8813	9780
8814	6367
8815	6431
8816	9617
8817	1871
8818	5700
8820	5766
8821	7501
8824	2826
8826	4873
8827	9669
8828	1388
8829	2194
8830	5131
8831	1931
8833	3908
8834	5003
8836	1916
8838	2999
8839	6116
8841	2316
8842	8369
8843	6364
8846	6852
8847	9771
8848	2258
8849	9417
8850	6286
8852	6931
8853	3043
8854	7973
8856	8804
8857	2838
8860	9091
8861	2733
8862	8022
8863	4732
8865	2298
8866	3065
8867	5154
8869	7389
8871	878
8872	5882
8873	157
8874	7939
8875	2236
8876	3196
8877	6290
8879	9200
8880	8281
8881	8109
8883	6703
8885	8056
8886	6809
8887	7272
8888	8006
8889	2740
8890	1354
8891	9263
8892	505
8893	3613
8895	4785
8896	535
8897	4503
8898	3683
8899	8808
8900	4729
8902	2755
8904	7492
8905	9267
8907	8115
8908	9006
8909	8369
8910	1854
8911	9383
8912	1871
8913	4389
8914	8898
8915	6010
8917	8880
8918	681
8922	7231
8923	8951
8924	3580
8925	6965
8926	1677
8928	4055
8929	4877
8930	528
8931	7368
8932	4305
8934	5711
8935	1425
8936	7193
8937	1923
8938	3882
8939	3438
8940	9632
8942	5744
8943	9998
8945	7015
8946	2719
8947	2281
8948	3385
8949	3390
8950	972
8951	9340
8952	5747
8953	8720
8954	4605
8955	9778
8956	8827
8957	2758
8958	5302
8959	4794
8960	4740
8962	9383
8963	4380
8964	8428
8965	1560
8966	2221
8968	6743
8969	971
8970	4543
8972	2078
8973	2174
8974	4090
8976	2396
8977	5277
8978	4055
8979	6434
8980	8019
8982	2329
8983	9460
8985	4402
8986	6786
8987	6146
8988	7405
8989	1237
8991	1525
8992	6600
8993	8447
8994	4558
8995	6046
8996	7449
8997	7996
8998	5362
8999	9534
9000	40
9001	1526
9002	7511
9004	5869
9006	1037
9007	8756
9008	6516
9009	3568
9010	7039
9011	3470
9012	8105
9013	4399
9014	5289
9015	4646
9016	5533
9017	8967
9018	9468
9019	2139
9020	9275
9021	7951
9022	5631
9023	793
9024	752
9025	1631
9027	7529
9028	266
9029	2035
9030	2588
9031	7230
9032	7479
9033	11
9034	7009
9035	3314
9037	2161
9038	4945
9039	2604
9040	4489
9041	1529
9042	5905
9043	4102
9044	1350
9045	6092
9046	2711
9047	848
9048	6493
9049	5005
9050	3836
9052	7032
9053	1494
9054	1559
9057	17
9058	3496
9059	7812
9060	1276
9061	2174
9062	9726
9064	3705
9065	8510
9066	7291
9067	152
9068	132
9069	5629
9070	1975
9071	6919
9072	2165
9074	7826
9075	1160
9076	3751
9077	6276
9078	1463
9079	1678
9080	1690
9082	5133
9083	6022
9085	4902
9087	2246
9088	6270
9089	2181
9090	2340
9091	1120
9092	8691
9093	9228
9094	138
9095	9999
9096	2688
9097	7210
9098	5753
9101	3490
9102	2480
9103	6745
9104	7248
9105	3559
9106	1420
9107	1646
9108	2293
9109	2017
9110	9659
9111	6291
9112	5759
9113	7035
9114	5152
9115	2290
9116	4059
9117	4537
9118	1380
9119	4065
9120	9066
9122	9846
9123	9830
9126	9954
9127	4668
9128	439
9129	4942
9130	3366
9131	8482
9132	9943
9134	8348
9135	3090
9136	6418
9137	4842
9138	894
9139	3921
9140	8108
9141	6322
9142	1847
9143	3949
9145	8185
9147	9730
9148	1163
9150	8655
9151	197
9152	5916
9153	5185
9154	2162
9155	6337
9156	9312
9157	6895
9158	5986
9159	8951
9160	2830
9161	7717
9162	1195
9163	273
9164	9623
9165	1106
9167	225
9169	4295
9170	3534
9171	652
9172	990
9173	6520
9174	8300
9175	4693
9176	8209
9177	6806
9179	6939
9180	6590
9184	1350
9185	8791
9186	8808
9187	2501
9188	4546
9189	1369
9190	5077
9192	1294
9193	8377
9194	3329
9195	2545
9196	8788
9197	5353
9198	6401
9199	9608
9201	1083
9202	5081
9203	7167
9205	3909
9206	948
9207	4005
9208	1412
9209	7118
9210	1900
9211	7428
9212	9975
9213	901
9214	5067
9215	2877
9216	1956
9218	207
9220	2248
9221	185
9222	2684
9223	8133
9224	5680
9225	8568
9227	8474
9228	4247
9229	2735
9230	6092
9231	2079
9232	4403
9233	1934
9234	480
9236	5488
9237	7034
9238	4456
9239	8582
9240	1046
9241	4308
9242	9447
9243	1262
9244	8128
9245	7457
9246	8368
9247	5900
9249	908
9250	8185
9251	9287
9252	2734
9253	6024
9254	2577
9255	4179
9256	1685
9257	9402
9258	1889
9259	3742
9260	8336
9261	42
9262	721
9263	201
9264	4006
9265	753
9266	7729
9267	5963
9268	6274
9269	2458
9270	2932
9271	579
9272	9058
9273	6870
9274	3678
9275	5272
9276	4067
9277	6819
9278	5241
9279	4444
9280	1276
9281	9364
9283	6108
9284	1956
9285	8225
9286	862
9287	2938
9288	3656
9289	8450
9290	752
9292	6568
9293	1129
9294	7620
9295	4625
9296	5090
9297	5362
9298	1415
9299	9061
9300	7483
9301	130
9302	6044
9303	3287
9304	4777
9305	9237
9307	4979
9308	3974
9309	7600
9310	6033
9311	9694
9312	8083
9313	3201
9314	8954
9315	4016
9316	2466
9317	104
9318	6718
9319	391
9321	3817
9322	8872
9324	5675
9325	157
9326	5488
9327	23
9328	6164
9329	5038
9330	1703
9331	3361
9332	8680
9333	3902
9334	6878
9335	8061
9336	981
9337	2332
9338	4584
9339	1524
9340	719
9342	3792
9343	8515
9344	6767
9345	6102
9346	7511
9347	1391
9348	9515
9349	1565
9350	8280
9351	2187
9352	6461
9353	1226
9355	9697
9356	9303
9358	1020
9359	7126
9360	2141
9361	3879
9362	4778
9363	4276
9364	5161
9365	6438
9366	5345
9369	5211
9371	7417
9372	4455
9373	3827
9374	1223
9375	3321
9376	2230
9377	9579
9378	1785
9379	2546
9382	1731
9383	2693
9384	7365
9386	7635
9387	5145
9388	6660
9389	1978
9390	8780
9392	5870
9393	3401
9394	7404
9395	5051
9397	7591
9398	4341
9399	1964
9400	1481
9401	2582
9402	4984
9403	9884
9404	660
9405	3522
9406	5370
9407	2430
9408	1494
9409	4066
9410	5828
9411	6492
9412	8412
9413	802
9414	4896
9415	4262
9416	2848
9417	509
9418	6625
9419	7408
9420	9108
9421	9013
9422	4093
9423	1551
9424	7570
9425	1669
9426	2290
9427	1989
9428	195
9430	1010
9431	3641
9432	2141
9433	3246
9434	6563
9435	6098
9437	1376
9439	9540
9440	9602
9441	4240
9442	1228
9444	357
9445	1056
9446	3239
9447	7265
9448	2110
9449	1506
9450	5432
9451	2007
9453	699
9454	7552
9455	829
9456	2752
9457	9402
9458	7096
9459	6471
9460	8128
9461	483
9462	6270
9464	6990
9465	2831
9466	5799
9467	3517
9468	3066
9469	4505
9470	4585
9471	7307
9472	2435
9473	567
9474	4026
9475	4835
9476	8173
9477	6750
9478	9022
9479	7848
9480	999
9481	1437
9482	4583
9483	6275
9484	2248
9485	6868
9486	3267
9487	8614
9489	4082
9490	8907
9491	319
9492	6266
9493	5883
9494	7859
9495	8921
9496	7940
9497	5636
9498	9267
9499	8231
9500	5269
9501	6363
9502	4430
9503	2946
9504	427
9505	5224
9506	9783
9507	3588
9508	480
9509	4602
9510	959
9511	7728
9512	8674
9514	5856
9515	9568
9516	3813
9517	2615
9518	1640
9519	4060
9520	3951
9521	4366
9523	8743
9524	916
9525	3594
9526	9432
9527	6363
9528	5813
9529	2846
9530	2885
9531	3875
9532	9707
9533	5210
9534	5878
9535	9692
9536	462
9537	5761
9538	9300
9539	9234
9540	2328
9541	9225
9542	3084
9543	8064
9544	8882
9545	5063
9546	2876
9547	8035
9548	621
9549	1478
9550	920
9551	3811
9552	9857
9553	3584
9554	326
9555	8625
9556	7831
9557	11
9558	5435
9559	3300
9561	2137
9562	5582
9563	2907
9564	5301
9565	975
9566	359
9567	2420
9568	9611
9569	2320
9570	1817
9571	8622
9572	5978
9573	1188
9574	6120
9576	6481
9577	9601
9578	1655
9579	5514
9580	4944
9581	5285
9582	2235
9583	2580
9584	7157
9585	7982
9586	5198
9587	2854
9588	9207
9589	5846
9590	3657
9591	9649
9592	2872
9593	6199
9594	5026
9595	4825
9596	2086
9597	2911
9598	29
9599	9385
9600	6415
9601	9297
9602	530
9603	2983
9604	9869
9605	5213
9606	3619
9608	9265
9609	1705
9610	8129
9611	2304
9612	5425
9613	1274
9614	3899
9615	5682
9616	5234
9617	2750
9618	1453
9619	5500
9620	7317
9621	186
9622	4345
9623	3435
9624	4088
9625	1110
9626	5742
9627	4205
9628	1770
9629	20
9630	788
9631	6323
9632	7179
9633	6875
9634	2725
9635	6783
9636	8078
9637	6204
9638	5754
9639	8946
9641	6149
9642	1661
9643	7855
9644	9470
9645	3695
9646	2664
9647	7393
9648	1207
9649	547
9650	4831
9651	328
9652	5221
9653	4278
9654	1715
9655	1215
9656	5600
9657	2787
9658	6151
9659	2636
9660	1228
9661	8962
9662	1525
9663	5536
9664	9732
9665	7909
9666	507
9668	7066
9669	2703
9670	9950
9671	7113
9672	2573
9673	877
9674	1659
9675	5424
9676	3367
9677	3112
9678	6705
9679	9078
9680	8849
9681	4346
9682	4612
9684	4872
9685	3891
9686	1571
9687	813
9688	6437
9689	9367
9690	9005
9691	8043
9692	2516
9693	893
9694	5911
9695	62
9696	7005
9697	1435
9698	4825
9699	9833
9700	7869
9701	3271
9702	1589
9703	421
9704	3390
9705	2798
9706	4781
9707	1342
9708	7758
9709	1892
9710	5052
9711	6512
9712	7715
9713	8013
9714	4341
9715	1493
9716	8914
9717	6349
9718	3029
9719	6078
9721	6249
9722	6052
9723	3056
9724	7303
9725	731
9726	4313
9727	7204
9728	7619
9729	4315
9730	3706
9731	4400
9732	9244
9733	1009
9734	2476
9735	1584
9736	1404
9737	5632
9738	8871
9739	6782
9740	9662
9741	3727
9743	9070
9744	999
9745	6342
9746	8561
9747	6858
9749	8773
9750	7779
9751	9383
9752	3860
9753	7803
9755	4896
9756	1293
9757	6468
9758	568
9759	8226
9760	9358
9761	8467
9762	9363
9763	2415
9764	1970
9765	7357
9766	2832
9767	2738
9768	3471
9769	3157
9770	2067
9771	699
9772	6936
9773	1283
9774	7133
9775	3308
9776	2422
9777	9749
9778	4225
9779	5238
9781	1097
9782	1425
9783	6358
9784	9115
9785	6510
9786	9044
9787	5343
9788	4525
9789	8514
9790	7506
9791	202
9792	9626
9793	8561
9794	6874
9795	1843
9796	6790
9797	2451
9798	2428
9799	9283
9800	9632
9801	9546
9802	1641
9803	1730
9804	9219
9805	1654
9806	4687
9807	8775
9808	5633
9809	6732
9810	4327
9811	6275
9812	7955
9813	9372
9814	9977
9815	7750
9816	613
9817	2821
9818	4512
9819	6602
9820	2356
9821	9972
9822	6581
9823	635
9824	6484
9825	5431
9826	3892
9827	807
9828	7785
9829	4400
9830	6102
9831	331
9832	5535
9833	4965
9834	5094
9835	4593
9836	8054
9837	1609
9838	3734
9839	2201
9840	4923
9841	7259
9842	5257
9843	4414
9844	6828
9845	9911
9846	1462
9848	3079
9849	7237
9850	3463
9851	6671
9852	7937
9853	8462
9854	6126
9855	920
9856	8442
9857	2604
9858	1075
9859	5097
9860	8303
9861	6609
9862	2222
9863	8589
9864	9317
9865	474
9866	2846
9867	3158
9868	3288
9869	944
9870	4087
9871	541
9872	7478
9873	828
9874	5904
9875	3262
9876	4488
9877	6035
9878	7605
9879	8275
9880	6503
9881	2029
9882	500
9883	3963
9884	6102
9885	8008
9886	9732
9888	7308
9889	2909
9890	7775
9891	9615
9892	9033
9893	5730
9894	5640
9895	2679
9896	4237
9897	1480
9898	4670
9899	449
9900	6333
9901	813
9902	2669
9903	9375
9904	3511
9905	3626
9906	3688
9907	3387
9908	4408
9909	6709
9910	8409
9911	328
9912	145
9913	7767
9914	2167
9915	2837
9916	9849
9917	138
9918	3666
9919	4135
9920	9967
9921	5004
9922	4511
9923	6943
9924	6168
9925	5713
9926	7520
9927	4128
9928	3575
9929	7646
9930	4950
9931	8530
9932	6506
9933	9576
9934	1676
9935	120
9936	8380
9937	6131
9938	9198
9939	9728
9940	9978
9941	4631
9942	4890
9943	1771
9944	7892
9945	1045
9946	5509
9947	4529
9948	5327
9949	4536
9950	4278
9951	4895
9952	3086
9953	2456
9954	8475
9955	3937
9956	930
9957	9830
9958	6620
9959	5236
9960	2292
9961	417
9962	8148
9963	4843
9964	4250
9965	6857
9966	6628
9967	6361
9968	578
9969	9552
9970	9372
9971	3111
9972	5622
9973	3643
9974	8759
9975	7794
9976	5873
9977	8311
9978	4918
9979	2785
9980	9146
9981	2967
9982	4813
9983	1599
9984	7713
9985	2096
9986	4237
9987	9159
9988	2999
9989	5499
9990	1463
9991	3641
9992	5820
9993	3659
9994	5031
9995	6889
9996	5428
9997	6089
9998	4269
9999	9593
